-- Seed data for Chelsea's Plate.
-- Sources:
--   McDonald's Canada: https://www.mcdonalds.com/ca/en-ca/full-menu.html
--   Starbucks Canada food menu: https://www.starbucks.ca/menu/food/*
-- Restaurants: 2
-- Menu items: 223
-- Components: 747
truncate table item_component_allergens, item_components, ingredient_allergens, menu_item_ingredients, menu_items, ingredients, allergens, restaurants restart identity cascade;

insert into restaurants (id, slug, name, description, cuisine_hint, sort_order) values
  ('mcdonalds-canada', 'mcdonalds-canada', 'McDonald''s Canada', 'Live McDonald''s Canada menu data sourced from current product pages and ingredient details.', 'Burgers, breakfast, chicken, beverages, desserts, and more', 1);

insert into allergens (id, name) values
  ('barley', 'barley'),
  ('egg', 'egg'),
  ('fish', 'fish'),
  ('garlic', 'garlic'),
  ('milk', 'milk'),
  ('msg', 'msg'),
  ('mustard', 'mustard'),
  ('oat', 'oat'),
  ('onion', 'onion'),
  ('rye', 'rye'),
  ('sesame-seeds', 'sesame seeds'),
  ('soy', 'soy'),
  ('sulphites', 'sulphites'),
  ('tree-nuts', 'tree nuts'),
  ('wheat', 'wheat')
;

insert into menu_items (id, restaurant_id, name, category, description, sort_order) values
  ('franks-redhot-creamy-garlic-chicken-mcmuffin', 'mcdonalds-canada', 'Frank''s RedHot Creamy Garlic Chicken McMuffin', 'Breakfast', 'Our signature Chicken McMuffin breakfast sandwich with a creamy garlic kick. A breaded seasoned chicken patty, made with chicken raised on Canadian farms, with a creamy garlic sauce with the taste of Frank''s RedHot, and a slice of tasty processed cheese, nestled comfortably in a toasty English muffin.', 1),
  ('franks-redhot-creamy-garlic-egg-mcmuffin', 'mcdonalds-canada', 'Frank''s RedHot Creamy Garlic Egg McMuffin', 'Breakfast', 'Our signature Egg McMuffin breakfast sandwich with a creamy garlic kick. Wake your tastebuds with a freshly cracked Canada Grade A egg topped with Canadian bacon, a slice of tasty processed cheese, and a creamy garlic sauce with the taste of Frank''s RedHot, all sitting on a toasted English muffin.', 2),
  ('franks-redhot-creamy-garlic-sausage-n-egg-mcmuffin', 'mcdonalds-canada', 'Frank''s RedHot Creamy Garlic Sausage ''N Egg McMuffin', 'Breakfast', 'Our signature Sausage ''N Egg McMuffin breakfast sandwich with a creamy garlic kick. Wake your tastebuds with the savoury taste of sausage, tasty processed cheese and a freshly cracked Canada Grade A egg, topped with a creamy garlic sauce with the taste of Frank''s RedHot, all sitting on a toasty English muffin.', 3),
  ('franks-redhot-creamy-garlic-bacon-n-egg-mcmuffin', 'mcdonalds-canada', 'Frank''s RedHot Creamy Garlic Bacon ''N Egg McMuffin', 'Breakfast', 'Our signature Bacon ''N Egg McMuffin breakfast sandwich with a creamy garlic kick. Crispy hickory-smoked bacon on a freshly cracked Canada Grade A egg, topped with processed cheese and a creamy garlic sauce with the taste of Frank''s RedHot, nestled comfortably in a toasty English muffin.', 4),
  ('mighty-mcgriddle', 'mcdonalds-canada', 'Mighty McGriddles', 'Breakfast', 'Get a double portion of hickory-smoked bacon, plus a freshly-cracked Canada Grade A egg, processed cheese and savoury sausage all on two sweet, warm, maple-flavoured griddle cakes. A mighty eat to rid you of your mighty hunger.  Available until 11 AM.', 5),
  ('mighty-mcmuffin', 'mcdonalds-canada', 'Mighty McMuffin', 'Breakfast', 'Get a double portion of hickory-smoked bacon, plus a freshly-cracked Canada Grade A egg , processed cheese and savoury sausage  on a toasted English muffin. A mighty eat to rid you of your mighty hunger.', 6),
  ('spicy-egg-hash-brown-breakfast-wrap', 'mcdonalds-canada', 'Spicy Egg & Hash Brown Breakfast Wrap', 'Breakfast', 'Made with a freshly-cracked Canadian Free Run Egg and processed cheese, topped with Spicy Habanero sauce, shredded lettuce, tomato and a crispy hash brown, all wrapped in a soft white flour tortilla.', 7),
  ('chicken-hash-brown-breakfast-wrap', 'mcdonalds-canada', 'Chicken Breakfast Wrap', 'Breakfast', 'Made with a breaded seasoned chicken patty and processed cheese, topped with mayo-style sauce, shredded lettuce and a crispy hash brown, all wrapped in a soft white flour tortilla.', 8),
  ('sausage-bacon-egg-breakfast-wrap', 'mcdonalds-canada', 'Sausage, Bacon & Egg Breakfast Wrap', 'Breakfast', 'Made with savoury sausage, hickory-smoked bacon, a freshly-cracked Candian Free-Run Egg,  and processed cheese, topped with mayo-style sauce and a crispy hash brown, all  wrapped in a soft white flour tortilla.', 9),
  ('egg-n-cheese-mcmuffin', 'mcdonalds-canada', 'Egg ''N Cheese McMuffin', 'Breakfast', 'Made with a freshly cracked Canada Grade A egg and tasty processed cheese on a perfectly toasted English muffin.', 10),
  ('egg-n-cheese-mcgriddles', 'mcdonalds-canada', 'Egg ''N Cheese McGriddles', 'Breakfast', 'Made with a freshly cracked Canada Grade A egg and processed cheese on two sweet, warm, maple-flavoured griddle cakes.', 11),
  ('egg-blt-mcmuffin', 'mcdonalds-canada', 'Egg BLT McMuffin', 'Breakfast', 'This breakfast sandwich is made with a freshly cracked Canada Grade A egg, topped with crispy hickory smoked bacon (B), crisp lettuce (L) and fresh tomato (T), mayo-style sauce and a slice of processed cheese, served on a toasted English muffin.', 12),
  ('egg-blt-mcmuffin-with-shredded-lettuce', 'mcdonalds-canada', 'Egg BLT McMuffin with Shredded Lettuce (McDonald''s in Walmart)', 'Breakfast', 'This breakfast sandwich is made with a freshly cracked Canada Grade A egg, topped with crispy hickory smoked bacon (B), shredded lettuce (L) and fresh tomato (T), mayo-style sauce and a slice of processed cheese, served on a toasted English muffin. Only offered at McDonald''s in Walmart.', 13),
  ('chicken-mcmuffin', 'mcdonalds-canada', 'Chicken McMuffin', 'Breakfast', 'A breaded seasoned chicken patty, made with chicken raised on Canadian farms, with mayo- style sauce, a slice of tasty processed cheese sitting on a toasted English muffin.', 14),
  ('egg-mcmuffin', 'mcdonalds-canada', 'Egg McMuffin', 'Breakfast', 'Our signature breakfast sandwich boasts a freshly cracked Canada Grade A egg topped with Canadian bacon and a slice of tasty processed cheese, sitting happily on a toasted English muffin.', 15),
  ('sausage-n-egg-mcmuffin', 'mcdonalds-canada', 'Sausage ''N Egg McMuffin', 'Breakfast', 'The savoury taste of sausage, tasty processed cheese and a freshly cracked Canada Grade A egg add up to triple deliciousness on a toasty English muffin.', 16),
  ('bacon-n-egg-mcmuffin', 'mcdonalds-canada', 'Bacon ''N Egg McMuffin', 'Breakfast', 'Take your bacon and eggs the tasty way. Crispy hickory smoked bacon on a freshly cracked Canada Grade A egg. Topped with processed cheese, nestled comfortably in a toasty English muffin. Yum.', 17),
  ('sausage-mcmuffin', 'mcdonalds-canada', 'Sausage McMuffin', 'Breakfast', 'Wake up to delicious flavour with a big bite into savoury sausage and a slice of golden processed cheese held inside a toasted English muffin.', 18),
  ('plain-bagel-with-butter', 'mcdonalds-canada', 'Plain Bagel With Butter', 'Breakfast', 'Fall in love with one of our toasted plain bagels. Crispy on the outside, warm and chewy on the inside. Enjoy one toasted with butter today.', 19),
  ('everything-bagel-with-butter', 'mcdonalds-canada', 'Everything Bagel with Butter', 'Breakfast', 'Made with onion, garlic and sunflower seeds, topped with sesame seeds, poppy seeds and roasted onion. Enjoy one toasted with butter today. Not available in Quebec.', 20),
  ('sesame-seed-bagel-with-butter-qc-only', 'mcdonalds-canada', 'Sesame Bagel with Butter', 'Breakfast', 'A toasted bagel topped with sesame seeds, crispy on the outside, warm and tender on the inside. Enjoy one toasted with butter today.', 21),
  ('plain-bagel-with-plain-cream-cheese', 'mcdonalds-canada', 'Plain Bagel With Regular Cream Cheese Product', 'Breakfast', 'Fall in love with one of our plain bagels. Crispy on the outside, warm and chewy on the inside. Enjoy one toasted with regular cream cheese product today.', 22),
  ('everything-bagel-with-plain-cream-cheese', 'mcdonalds-canada', 'Everything Bagel With Regular Cream Cheese Product', 'Breakfast', 'Made with onion, garlic and sunflower seeds, topped with sesame seeds, poppy seeds and roasted onion. Enjoy one toasted with regular cream cheese product today. Not available in Quebec.', 23),
  ('sesame-seed-bagel-95g-with-plain-cream-cheese', 'mcdonalds-canada', 'Sesame Bagel With Regular Cream Cheese Product', 'Breakfast', 'A toasted bagel topped with sesame seeds, crispy on the outside, warm and tender on the inside. Enjoy one toasted with regular cream cheese product today.', 24),
  ('egg-blt-with-plain-bagel', 'mcdonalds-canada', 'Egg BLT Bagel with Plain Bagel', 'Breakfast', 'Made with a plain bagel, and topped with a freshly cracked Canada Grade A egg, hickory smoked bacon, sliced tomato and crisp lettuce.', 25),
  ('egg-blt-with-everything-bagel', 'mcdonalds-canada', 'Egg BLT Bagel with Everything Bagel', 'Breakfast', 'Made with an everything bagel, and topped with a freshly cracked Canada Grade A egg, hickory smoked bacon, sliced tomato and crisp lettuce. Not available in Quebec.', 26),
  ('egg-blt-with-sesame-seed-bagel', 'mcdonalds-canada', 'Sesame Egg BLT Bagel', 'Breakfast', 'Made with a sesame bagel, and topped with a freshly cracked Canada Grade A egg, hickory smoked bacon, sliced tomato and crisp lettuce.', 27),
  ('bacon-n-egg-with-plain-bagel', 'mcdonalds-canada', 'Bacon ''N Egg Bagel with Plain Bagel', 'Breakfast', 'Enjoy a plain bagel, topped with hickory smoked bacon, a freshly cracked Canada Grade A egg and slice of processed cheese.', 28),
  ('bacon-n-egg-with-everything-bagel', 'mcdonalds-canada', 'Bacon ''N Egg Bagel with Everything Bagel', 'Breakfast', 'Enjoy an everything bagel, topped with hickory smoked bacon, a freshly cracked Canada Grade A egg and slice of processed cheese. Not available in Quebec.', 29),
  ('bacon-n-egg-with-sesame-seed-bagel', 'mcdonalds-canada', 'Sesame Bacon ''N Egg Bagel', 'Breakfast', 'Enjoy a sesame bagel, topped with hickory smoked bacon, a freshly cracked Canada Grade A egg and slice of processed cheese.', 30),
  ('sausage-n-egg-with-plain-bagel', 'mcdonalds-canada', 'Sausage ''N Egg Bagel with Plain Bagel', 'Breakfast', 'Delicious sausage and a freshly cracked Canada Grade A egg with processed cheese, all in between a plain bagel.', 31),
  ('sausage-n-egg-with-everything-bagel', 'mcdonalds-canada', 'Sausage ''N Egg Bagel with Everything Bagel', 'Breakfast', 'Delicious sausage and a freshly cracked Canada Grade A egg with processed cheese, all in between an everything bagel. Not available in Quebec.', 32),
  ('sausage-n-egg-with-sesame-seed-bagel', 'mcdonalds-canada', 'Sesame Sausage ''N Egg Bagel', 'Breakfast', 'Delicious sausage and a freshly cracked Canada Grade A egg with processed cheese, all in between a sesame bagel.', 33),
  ('chicken-mcgriddles', 'mcdonalds-canada', 'Chicken McGriddles', 'Breakfast', 'A breaded seasoned chicken patty, made with chicken raised on Canadian farms, on two sweet, warm maple-flavoured griddle cakes.', 34),
  ('bacon-egg-cheese-mcgriddles', 'mcdonalds-canada', 'Bacon, Egg & Cheese McGriddles', 'Breakfast', 'Sizzling crispy hickory smoked bacon, a freshly cracked Canada Grade A egg and processed cheese piled up on two sweet, warm, maple-flavoured griddle cakes.', 35),
  ('sausage-egg-cheese-mcgriddles', 'mcdonalds-canada', 'Sausage Egg & Cheese McGriddles', 'Breakfast', 'Savoury sausage, a freshly cracked Canada Grade A egg and processed cheese piled up on two sweet, warm, maple-flavoured griddle cakes.', 36),
  ('sausage-mcgriddles', 'mcdonalds-canada', 'Sausage McGriddles', 'Breakfast', 'Savoury sausage piled up on two sweet, warm, maple-flavoured griddle cakes.', 37),
  ('breakfast-burrito', 'mcdonalds-canada', 'Breakfast Burrito', 'Breakfast', 'A savoury mix of fluffy eggs, tomatoes, green chilies, onions, sausage and processed cheese all wrapped in a warm white flour tortilla and served with salsa on the side.', 38),
  ('english-muffin-with-butter', 'mcdonalds-canada', 'English Muffin with Butter', 'Breakfast', 'Melted butter sitting happily on a toasted English muffin.', 39),
  ('hash-browns', 'mcdonalds-canada', 'Hash Browns', 'Breakfast', 'That crisp, flaky, fluffy-on-the-inside favourite. A perfect breakfast companion, and irresistible on its own.', 40),
  ('hotcakes-with-syrup-and-butter', 'mcdonalds-canada', 'Hotcakes with Syrup and Butter', 'Breakfast', 'Three golden-brown, melt-in-your-mouth hotcakes served with butter and tasty syrup on the side.', 41),
  ('hotcakes', 'mcdonalds-canada', 'Hotcakes', 'Breakfast', 'Start the day with three golden-brown, melt-in-your-mouth hotcakes.', 42),
  ('hockey-hero-burger', 'mcdonalds-canada', 'Hockey Hero Burger', 'Beef', 'The Hockey Hero Burger is back on the ice after a long break, with a fresh take. Made with three juicy 100% Canadian beef patties, shredded lettuce, crispy hickory-smoked bacon, processed cheese and mayo-style sauce on a toasted homestyle bun - one bite and you''ll know why it''s called the Hockey Hero Burger.', 43),
  ('cheeseburger-deluxe', 'mcdonalds-canada', 'Cheeseburger Deluxe', 'Beef', 'Your favourite cheeseburger is now made deluxe! A slice of processed cheese on a juicy, 100% Canadian beef patty with pickles and onions, ketchup, mustard, mayo style sauce, tomato, and shredded lettuce on a toasted bun.', 44),
  ('double-hamburger', 'mcdonalds-canada', 'Double Hamburger', 'Beef', 'Made with two juicy 100% Canadian beef patties, topped with pickles, onions, ketchup and mustard on a freshly toasted bun.', 45),
  ('big-mac-sandwich', 'mcdonalds-canada', 'Big Mac', 'Beef', 'Nothing compares to two 100% Canadian beef patties, special sauce, crisp lettuce, processed cheese, pickles and onions on a toasted sesame seed bun.', 46),
  ('double-big-mac-200946', 'mcdonalds-canada', 'The Big Mac-David - Double Big Mac', 'Beef', 'Four 100% Canadian beef patties, special sauce, crisp lettuce, processed cheese, pickles, and onions, all stacked on a toasted sesame seed bun. A bold burger that leads the way, just like #97 on the ice.', 47),
  ('hamburger', 'mcdonalds-canada', 'Hamburger', 'Beef', 'The comforting taste of the juicy and delicious 100% Canadian beef burger, topped with tangy pickles, ketchup, mustard and the sweet bite of onion, all on a freshly toasted bun. Just like you remember.', 48),
  ('mcdouble', 'mcdonalds-canada', 'McDouble', 'Beef', 'A slice of melted processed cheese between two 100% Canadian beef patties, topped with pickles, onions, ketchup and mustard on a toasted bun.', 49),
  ('cheeseburger', 'mcdonalds-canada', 'Cheeseburger', 'Beef', 'A slice of melted processed cheese on a juicy, 100% Canadian beef patty with tangy pickles and onions, ketchup and mustard on a freshly-toasted bun.', 50),
  ('double-cheeseburger', 'mcdonalds-canada', 'Double Cheeseburger', 'Beef', 'We make it like we always have: two slices of processed cheese with two 100% Canadian beef patties, pickles, onions, ketchup and mustard on a freshly toasted bun.', 51),
  ('quarter-pounder-with-cheese', 'mcdonalds-canada', 'Quarter Pounder with Cheese', 'Beef', 'A quarter pound* of 100% Canadian beef and two slices of melty processed cheese on a toasted sesame seed bun. Order today!

*Before cooking.', 52),
  ('quarter-pounder-without-cheese', 'mcdonalds-canada', 'Quarter Pounder without Cheese', 'Beef', 'A quarter pound* of 100% Canadian beef topped with tangy pickles, ketchup, mustard and the sweet bite of slivered onions, on a toasted sesame seed bun. It''s a simple recipe, but it works. *Weight before cooking at least 112.3g.', 53),
  ('double-quarter-pounder-with-cheese', 'mcdonalds-canada', 'Double Quarter Pounder with Cheese', 'Beef', 'Two quarter pound* 100% Canadian beef patties. Layered with two slices of melty cheese, slivered onions and pickles on sesame seed bun. *Weight  before cooking at least 112.3g .', 54),
  ('double-quarter-pounder-without-cheese', 'mcdonalds-canada', 'Double Quarter Pounder without Cheese', 'Beef', 'Two quarter pound* 100% Canadian beef patties layered with tangy pickles, ketchup, mustard and the sweet bite of slivered onions, on a toasted sesame seed bun. *Weight  before cooking at least 112.3g .', 55),
  ('quarter-pounder-blt', 'mcdonalds-canada', 'Quarter Pounder BLT', 'Beef', 'Sink your teeth into crisp bacon, juicy tomato and fresh lettuce to reach the beefy, cheesy core of the Quarter Pounder. Did we mention the bacon? There''s bacon.', 56),
  ('double-quarter-pounder-blt', 'mcdonalds-canada', 'Double Quarter Pounder BLT', 'Beef', 'Two quarter pound* 100% Canadian beef patties. Layered with a slice of processed cheese, hickory-smoked bacon strips, fresh lettuce, tomato, slivered onions, mayo-style sauce, ketchup, mustard and pickles on a toasted sesame seed bun. 

*Weight before cooking at least 112.3g.', 57),
  ('chicken-big-mac', 'mcdonalds-canada', 'Chicken Big Mac', 'Chicken', 'It''s back! The Chicken Big Mac features two patties made with 100% Canadian-raised seasoned chicken breast in a crispy, light-tasting coating, along with the much-loved special sauce, lettuce, processed cheese and pickles. With a side of classic McDonald''s fries, we''d say this sounds like the perfect meal.', 58),
  ('creamy-chipotle-chicken-mcwrap-crispy', 'mcdonalds-canada', 'Creamy Chipotle Chicken McWrap - Crispy', 'Chicken', 'Made with 100% Canadian-raised seasoned chicken topped with creamy chipotle sauce, crispy tri-colour tortilla strips, shredded lettuce, sliced tomato and cucumbers. All wrapped in a soft white flour tortilla.', 61),
  ('creamy-chipotle-chicken-mcwrap-grilled', 'mcdonalds-canada', 'Creamy Chipotle Chicken McWrap - Grilled', 'Chicken', 'Made with 100% Canadian-raised seasoned chicken topped with creamy chipotle sauce, crispy tri-colour tortilla strips, shredded lettuce, sliced tomato and cucumbers. All wrapped in a soft white flour tortilla.', 62),
  ('sweet-chili-junior-chicken', 'mcdonalds-canada', 'Sweet Chili Junior Chicken', 'Chicken', 'Your tastebuds will be singing a whole new tune with a remixed Sweet Chili Junior Chicken made with Canadian-raised crispy seasoned chicken, topped with crunchy shredded lettuce, tangy sweet chili sauce and mayo-style sauce, all on a toasty bun.', 63),
  ('mccrispy', 'mcdonalds-canada', 'McCrispy', 'Chicken', 'The McCrispy is a crispy chicken sandwich made with tender and juicy 100% Canadian-raised seasoned chicken. It''s topped with shredded lettuce and creamy mayo-style sauce and served on a soft potato bun for a taste that''s so McDonald''s.', 64),
  ('spicy-mccrispy', 'mcdonalds-canada', 'Spicy McCrispy', 'Chicken', 'The Spicy McCrispy is a crispy chicken sandwich topped with our signature habanero sauce. Made with tender and juicy 100% Canadian-raised seasoned chicken and served on a soft potato bun, it has a taste that''s unmistakably McDonald''s.', 65),
  ('spicy-mccrispy-bacon-deluxe', 'mcdonalds-canada', 'Spicy Bacon Deluxe McCrispy Sandwich', 'Chicken', 'The Spicy Bacon Deluxe McCrispy is big on everything, including heat. With our southern-style fried chicken patty on a soft potato bun, topped with shredded lettuce, hickory-smoked bacon, tomato and our spicy Habanero sauce, this sandwich kicks crispy, juicy and tender up to the next level.', 66),
  ('mccrispy-bacon-deluxe', 'mcdonalds-canada', 'McCrispy Bacon Deluxe', 'Chicken', 'Bacon and a slice of fresh tomato take the McCrispy to the next level. Made with crispy, tender and juicy 100% Canadian-raised seasoned chicken, then topped with shredded lettuce, creamy mayo-style sauce and served on a soft potato bun for a taste that''s so McDonald''s.', 67),
  ('mccrispy-with-grilled-chicken', 'mcdonalds-canada', 'Grilled Chicken Sandwich', 'Chicken', 'The Grilled Chicken Sandwich is made with tender and juicy 100% Canadian-raised grilled seasoned chicken. Topped with shredded lettuce, creamy mayo-style sauce and served on a soft potato bun for that McD''s flavour you crave.', 68),
  ('bacon-deluxe-mccrispy-sandwich-with-grilled-chicken', 'mcdonalds-canada', 'Bacon Deluxe Grilled Chicken Sandwich', 'Chicken', 'Bacon and a slice of fresh tomato take the Grilled Chicken Sandwich to the next level. Made with tender and juicy 100% Canadian-raised grilled seasoned chicken, then topped with shredded lettuce, creamy mayo-style sauce and served on a soft potato bun. This is big flavour in every bite.', 69),
  ('spicy-grilled-chicken-sandwich', 'mcdonalds-canada', 'Spicy Grilled Chicken Sandwich', 'Chicken', 'Made with tender and juicy 100% Canadian-raised grilled seasoned chicken, and topped with shredded lettuce and our signature Habanero sauce, it''s a spicy-lovers dream served on a soft potato bun.', 70),
  ('spicy-bacon-deluxe-grilled-chicken-sandwich', 'mcdonalds-canada', 'Spicy Bacon Deluxe Grilled Chicken Sandwich', 'Chicken', 'The Spicy Bacon Deluxe Grilled Chicken Sandwich is big on everything, including heat. Made with 100% Canadian-raised grilled seasoned chicken on a soft potato bun, topped with shredded lettuce, hickory-smoked bacon, tomato and our spicy Habanero sauce, this sandwich kicks juicy and tender up to the next level.', 71),
  ('habanero-mcchicken-sandwich', 'mcdonalds-canada', 'Spicy Habanero McChicken', 'Chicken', 'Our classic McChicken packed with a punch! This spicy Habanero McChicken is topped with our creamy Habanero sauce. Perfectly breaded seasoned chicken, crisp shredded lettuce, all on a freshly toasted sesame bun. Some ingredients are just meant to be together.', 72),
  ('mcchicken', 'mcdonalds-canada', 'McChicken', 'Chicken', 'Breaded seasoned chicken and crisp lettuce, topped with our Mayo-Style Sauce. Some ingredients are just meant to be together.', 73),
  ('junior-chicken', 'mcdonalds-canada', 'Junior Chicken', 'Chicken', 'You don''t need to compromise with the great taste of a Junior Chicken sandwich, made with chicken raised on Canadian farms, at a price you can always feel good about.', 74),
  ('4-chicken-mcnuggets', 'mcdonalds-canada', '4 Chicken McNuggets', 'Chicken', 'No artificial flavours, colours or preservatives. Made with 100% seasoned chicken breast, the Chicken McNuggets you crave are still simply delicious.', 75),
  ('6-chicken-mcnuggets', 'mcdonalds-canada', '6 Chicken McNuggets', 'Chicken', 'No artificial flavours, colours or preservatives. Made with 100% seasoned chicken breast, the Chicken McNuggets you crave are still simply delicious.', 76),
  ('10-chicken-mcnuggets', 'mcdonalds-canada', '10 Chicken McNuggets', 'Chicken', 'No artificial flavours, colours or preservatives. Made with 100% seasoned chicken breast, the Chicken McNuggets you crave are still simply delicious.', 77),
  ('20-chicken-mcnuggets', 'mcdonalds-canada', '20 Chicken McNuggets (Serves 2)', 'Chicken', 'No artificial flavours, colours or preservatives. Made with 100% seasoned chicken breast, the Chicken McNuggets you crave are still simply delicious.', 78),
  ('spicy-buffalo-chicken-poutine', 'mcdonalds-canada', 'Spicy Buffalo Chicken Poutine (Quebec)', 'Chicken', 'Made with our World Famous Fries layered with stringy cheese curds and savoury gravy and topped with crispy pieces of 100% Canadian raised seasoned chicken, drizzled with spicy buffalo sauced and topped with chopped green onions. Only offered in Quebec.', 79),
  ('happy-meal-snack-wrap-crispy', 'mcdonalds-canada', 'Chicken Snack Wrap Happy Meal with Crispy Chicken', 'Chicken', 'Made with 100% Canadian-raised seasoned chicken topped with shredded lettuce and mayo-style sauce wrapped in a soft white flour tortilla. Try one today with your choice of apple slices or mini/small fries, yogurt and small/child-size drink (as applicable).', 80),
  ('spicy-buffalo-snack-wrap-grilled', 'mcdonalds-canada', 'Spicy Buffalo Chicken Snack Wrap with Grilled Chicken', 'Chicken', 'Made with 100% Canadian raised seasoned chicken topped with shredded lettuce, shredded cheese and spicy buffalo sauce wrapped in a soft white flour tortilla.', 81),
  ('spicy-buffalo-snack-wrap-crispy', 'mcdonalds-canada', 'Spicy Buffalo Chicken Snack Wrap with Crispy Chicken', 'Chicken', 'Made with 100% Canadian raised seasoned chicken topped with shredded lettuce, shredded cheese and spicy buffalo sauce wrapped in a soft white flour tortilla.', 82),
  ('new-sweet-chili-mcwrap-grilled', 'mcdonalds-canada', 'Sweet Chili McWrap', 'Chicken', 'Made with 100% Canadian raised seasoned chicken topped with shredded lettuce, cucumbers, mayo-style sauce and sweet chili sauce. All wrapped up in a soft white flour tortilla.', 83),
  ('new-sweet-chili-mcwrap-crispy', 'mcdonalds-canada', 'Sweet Chili McWrap', 'Chicken', 'Made with 100% Canadian raised seasoned chicken topped with shredded lettuce, sliced tomato, cucumbers, mayo-style sauce and sweet chili sauce. All wrapped up in a soft white flour tortilla.', 84),
  ('new-chicken-and-bacon-mcwrap-crispy', 'mcdonalds-canada', 'Chicken & Bacon McWrap', 'Chicken', 'Made with 100% Canadian raised seasoned chicken topped with shredded lettuce, sliced tomato, cucumbers, hickory-smoked bacon and mayo-style sauce. All wrapped up in a soft white flour tortilla.', 85),
  ('new-chicken-and-bacon-mcwrap-grilled', 'mcdonalds-canada', 'Chicken & Bacon McWrap', 'Chicken', 'Made with 100% Canadian raised seasoned chicken topped with shredded lettuce, sliced tomato, cucumbers, hickory-smoked bacon and mayo-style sauce. All wrapped up in a soft white flour tortilla.', 86),
  ('ranch-chicken-snack-wrap-grilled-for-relaunch', 'mcdonalds-canada', 'Ranch Chicken Snack Wrap with Grilled Chicken', 'Chicken', 'Made with 100% Canadian raised seasoned chicken topped with shredded lettuce, shredded cheese and ranch sauce wrapped in a soft white flour tortilla.', 87),
  ('ranch-chicken-snack-wrap-crispy-for-relaunch', 'mcdonalds-canada', 'Ranch Chicken Snack Wrap with Crispy Chicken', 'Chicken', 'Made with 100% Canadian raised seasoned chicken topped with shredded lettuce, shredded cheese and ranch sauce wrapped in a soft white flour tortilla.', 88),
  ('mcveggie', 'mcdonalds-canada', 'McVeggie', 'Sandwiches & Wraps', 'A breaded veggie patty made with a blend of vegetables (including carrots, green beans, zucchini, peas, soybeans, broccoli and corn) and seasoning, topped with shredded lettuce and creamy mayo-style sauce, served on a toasted sesame bun.', 89),
  ('spicy-mcveggie', 'mcdonalds-canada', 'Spicy McVeggie', 'Sandwiches & Wraps', 'A breaded veggie patty made with a blend of vegetables (including carrots, green beans, zucchini, peas, soybeans, broccoli and corn) and seasoning, topped with shredded lettuce and creamy Habanero sauce, served on a toasted sesame bun.', 90),
  ('filet-o-fish', 'mcdonalds-canada', 'Filet-O-Fish', 'Sandwiches & Wraps', 'Dive right in. Our Filet-O-Fish is pure temptation on a lightly steamed bun, topped with processed cheese and tangy tartar sauce.', 91),
  ('double-filet-o-fish', 'mcdonalds-canada', 'Double Filet-O-Fish', 'Sandwiches & Wraps', 'Bite into not one, but two crisp and flaky white fish filets. Topped with processed cheese and tangy tartar sauce, it''s double the delicious on a warm steamed bun.', 92),
  ('happy-meal-snack-wrap-grilled', 'mcdonalds-canada', 'Chicken Snack Wrap Happy Meal with Grilled Chicken', 'Sandwiches & Wraps', 'Made with 100% Canadian-raised seasoned chicken topped with shredded lettuce and mayo-style sauce wrapped in a soft white flour tortilla. Try one today with your choice of apple slices or mini/small fries, yogurt and small/child-size drink (as applicable).', 93),
  ('Baked-Blueberry-Cream-Cheese-Pie', 'mcdonalds-canada', 'Baked Blueberry Cream Cheese  Pie', 'Snacks & Sides', 'Made with blueberries and a sweet cream cheese filling wrapped in a flaky crust, baked fresh daily and served warm.', 94),
  ('chewy-chocolate-chunk-cookie', 'mcdonalds-canada', 'Chewy Chocolate Chunk Cookie', 'Snacks & Sides', 'A classic chewy, soft-baked cookie made with decadent chocolate chunks.', 95),
  ('rainbow-sprinkle-cookie', 'mcdonalds-canada', 'Rainbow Sprinkle Cookie', 'Snacks & Sides', 'A soft-baked cookie bursting with sprinkles and sweet white confectionary pieces.', 96),
  ('toasted-smores-cookie', 'mcdonalds-canada', 'Toasted S''mores Cookie', 'Snacks & Sides', 'Enjoy the cozy flavour of this soft-baked cookie loaded with marshmallows, chocolate chips and graham-style pieces.', 97),
  ('chocolate-chip-muffin', 'mcdonalds-canada', 'Chocolate Chip Muffin', 'Snacks & Sides', 'Baked fresh daily, the Chocolate Chip Muffin is sweet and delicious, mixed with milk chocolate chips and topped with more milk chocolate chips.', 98),
  ('apple-slices', 'mcdonalds-canada', 'Apple Slices', 'Snacks & Sides', 'A crisp and delicious snack, prepared for fruit lovers on the go.', 99),
  ('french-fries-medium', 'mcdonalds-canada', 'World Famous Fries', 'Snacks & Sides', 'McDonald''s World Famous Fries are always a delicious choice. Cut from whole potatoes grown on Canadian farms, our fries are cooked to golden perfection in a vegetable oil blend. Mmmm... of course you want fries with that!', 100),
  ('mini-fry', 'mcdonalds-canada', 'Mini Fry', 'Snacks & Sides', 'World famous fries in a mini size! Cut from whole potatoes grown on Canadian farms, our fries are cooked to golden perfection in a vegetable oil blend. Visit today!', 101),
  ('poutine', 'mcdonalds-canada', 'Poutine', 'Snacks & Sides', 'Rich and tasty gravy? Melty, mouth-watering cheese curds? On our World Famous Fries? You better believe it!', 102),
  ('fruit-fibre-muffin', 'mcdonalds-canada', 'Fruit & Fibre Muffin', 'Snacks & Sides', 'A perfect companion to coffee; a quick-and-easy mid-morning or afternoon treat. With a choice of five delectable flavours including Banana Chocolate Chunk, Blueberry, Carrot, Fruit ''n Fibre and Cranberry Orange. Enjoy one today!', 103),
  ('blueberry-muffin', 'mcdonalds-canada', 'Blueberry Muffin', 'Snacks & Sides', 'A perfect companion to coffee; a quick-and-easy mid-morning or afternoon treat. With a choice of five delectable flavours including Banana Chocolate Chunk, Blueberry, Carrot, Fruit ''n Fibre and Cranberry Orange. Enjoy one today!', 104),
  ('carrot-muffin', 'mcdonalds-canada', 'Carrot Muffin', 'Snacks & Sides', 'A perfect companion to coffee; a quick-and-easy mid-morning or afternoon treat. With a choice of five delectable flavours including Banana Chocolate Chunk, Blueberry, Carrot, Fruit ''n Fibre and Cranberry Orange. Enjoy one today!', 105),
  ('cranberry-orange-muffin-201057', 'mcdonalds-canada', 'Cranberry Orange Muffin', 'Snacks & Sides', 'A perfect companion to coffee; a quick-and-easy mid-morning or afternoon treat. With a choice of five delectable flavours including Banana Chocolate Chunk, Blueberry, Carrot, Fruit ''n Fibre and Cranberry Orange. Enjoy one today!', 106),
  ('baked-apple-pie', 'mcdonalds-canada', 'Baked Apple Pie', 'Snacks & Sides', 'It''s the tradition you love to uphold, with delicious apples lightly spiced with cinnamon in a flaky crust, baked fresh daily.', 107),
  ('cadbury-creme-egg-mcflurry-regular', 'mcdonalds-canada', 'Cadbury Creme Egg McFlurry', 'Desserts & Shakes', 'Smooth vanilla soft serve blended with pieces of milk chocolate then swirled together with the delicious flavour of sweet Cadbury Creme Egg fondant all whipped together for a decadent cool and creamy dessert.', 108),
  ('triple-thick-shamrock-shake-syrup-medium', 'mcdonalds-canada', 'Shamrock Shake', 'Desserts & Shakes', 'A classic flavour is back for a limited time only! The delicious and refreshing taste of mint is back in our iconic Shamrock Shake.', 109),
  ('salted-caramel-mcFlurry-regular', 'mcdonalds-canada', 'Salted Caramel McFlurry', 'Desserts & Shakes', 'Unwrap a new favourite McFlurry flavour this holiday season, with caramel sauce and a crunchy salted caramel topping, swirled into smooth vanilla soft serve.', 110),
  ('sundae-strawberry', 'mcdonalds-canada', 'Strawberry Sundae', 'Desserts & Shakes', 'Smooth and creamy vanilla soft serve, topped with strawberry sauce.', 111),
  ('cone-vanilla', 'mcdonalds-canada', 'Vanilla Cone', 'Desserts & Shakes', 'Make time for a moment of sweetness with creamy vanilla soft served in a crispy cone.', 112),
  ('sundae-hot-fudge', 'mcdonalds-canada', 'Hot Fudge Sundae', 'Desserts & Shakes', 'Smooth and creamy vanilla soft serve, topped with decadent hot fudge sauce. Mmmm!', 113),
  ('sundae-hot-caramel', 'mcdonalds-canada', 'Hot Caramel Sundae', 'Desserts & Shakes', 'Smooth and creamy vanilla soft serve, topped with your choice of yummy caramel sauce. Mmmm!', 114),
  ('mcflurry-oreo-regular-size-portion', 'mcdonalds-canada', 'Oreo McFlurry', 'Desserts & Shakes', 'Deliciousness starts with creamy vanilla soft serve swirled together with crunchy Oreo cookies. Walk in to your nearest McDonald''s and enjoy the yummy taste. Order today!', 115),
  ('mcflurry-dessert-crushed-skor-candy-bars-regular-size-portion', 'mcdonalds-canada', 'SKOR McFlurry', 'Desserts & Shakes', 'Deliciousness starts with creamy vanilla soft serve swirled together with pieces of SKOR bar. Walk in to your nearest McDonald''s and enjoy the yummy taste. Order today!
<br>
<br>
<b>SKOR ALLERGY ALERT: Contains ALMONDS. View Ingredients and Allergens for full information.</b>', 116),
  ('smarties-mcflurry-regular-size-portion', 'mcdonalds-canada', 'Smarties McFlurry', 'Desserts & Shakes', 'Delicious starts with creamy vanilla soft serve swirled together with crushed Smarties. No artificial colours or flavours.', 117),
  ('triple-thick-milkshake-chocolate-medium', 'mcdonalds-canada', 'Chocolate Triple Thick Milkshake', 'Desserts & Shakes', 'Thick, smooth, and deliciously creamy soft serve, mixed with your choice of decadent chocolate, strawberry, or vanilla flavoured syrup for an extra taste of yumminess.', 118),
  ('triple-thick-milkshake-vanilla-medium', 'mcdonalds-canada', 'Vanilla Triple Thick Milkshake', 'Desserts & Shakes', 'Thick, smooth, and deliciously creamy soft serve, mixed with your choice of decadent chocolate, strawberry, or vanilla flavoured syrup for an extra taste of yumminess.', 119),
  ('triple-thick-milkshake-strawberry-medium', 'mcdonalds-canada', 'Strawberry Triple Thick Milkshake', 'Desserts & Shakes', 'Thick, smooth, and deliciously creamy soft serve, mixed with your choice of decadent chocolate, strawberry, or vanilla flavoured syrup for an extra taste of yumminess.', 120),
  ('strawberry-flavoured-yogurt-tube', 'mcdonalds-canada', 'Yogurt Tube', 'Desserts & Shakes', 'Strawberry Yogurt Tube', 121),
  ('strawberry-banana-smoothie-with-yogurt-medium', 'mcdonalds-canada', 'Strawberry Banana Real Fruit Smoothie', 'Beverages', 'Get a taste of real strawberry and banana puree blended to perfection with ice. Enjoy it with or without yogurt in small, medium and large', 123),
  ('blueberry-pomegranate-smoothie-with-yogurt-medium', 'mcdonalds-canada', 'Blueberry Pomegranate Real Fruit Smoothie', 'Beverages', 'Made with real fruit puree and ice, it''s a refreshing way to enjoy the taste of blueberries and pomegranate. Try yours with or without yogurt.', 124),
  ('mango-pineapple-smoothie-with-yogurt-medium', 'mcdonalds-canada', 'Mango Pineapple Real Fruit Smoothie', 'Beverages', 'Blended with ice, real mango and pineapple puree. Enjoy it with or without yogurt.', 125),
  ('watermelon-lime-fruit-splash-medium', 'mcdonalds-canada', 'Watermelon Lime Fruit Splash', 'Beverages', 'A refreshing lemonade beverage made with real lemon juice concentrate and real lemon pulp, with the sweet and tangy taste of watermelon and lime. Served over ice.', 126),
  ('lemon-fruit-splash-medium', 'mcdonalds-canada', 'Lemon Fruit Splash', 'Beverages', 'A refreshing lemonade beverage made with real lemon juice concentrate and real lemon pulp. Served over ice.', 127),
  ('fuze-iced-tea-medium', 'mcdonalds-canada', 'Fuze Iced Tea', 'Beverages', 'A refreshing blend of real tea and natural lemon flavour, served ice cold.', 128),
  ('fruitopia-strawberry-passion-awareness-medium', 'mcdonalds-canada', 'Fruitopia Strawberry Passion Awareness', 'Beverages', 'Real fruit beverage with added vitamin C, no artificial flavours and no caffeine.', 129),
  ('fruitopia-orange-groove-medium', 'mcdonalds-canada', 'Fruitopia Orange Groove', 'Beverages', 'Real fruit beverage with added vitamin C, no artificial flavours and no caffeine', 130),
  ('coca-cola-zero-medium', 'mcdonalds-canada', 'Coca-Cola Zero', 'Beverages', 'Real Coca-Cola taste with zero calories and zero sugar. Perfection on ice.', 131),
  ('coca-cola-medium', 'mcdonalds-canada', 'Coca-Cola', 'Beverages', 'Enjoy your favourite McDonald''s meal with a Coke. The original, refreshing ice-cold cola that goes well with your meal and completes the experience. Learn more!', 132),
  ('diet-coke-medium', 'mcdonalds-canada', 'Diet Coke', 'Beverages', 'Enjoy your favourite McDonald''s meal with a Diet Coke. A refreshing ice cold cola with a light taste that goes well with your meal and completes the experience. Learn more!', 133),
  ('orange-juice-medium', 'mcdonalds-canada', 'Minute Maid Orange Juice*', 'Beverages', 'Start your day with the goodness of pure orange juice*. No preservatives. No sugar added. An excellent source of vitamin C. *From concentrate.', 134),
  ('apple-juice-medium', 'mcdonalds-canada', 'Minute Maid Apple Juice*', 'Beverages', 'Enjoy the goodness of pure apple juice*.   No preservatives. No sugar added. An excellent source of vitamin C.*From concentrate. Apple juice enriched with vitamin C.', 135),
  ('1-partly-skimmed-milk-250-ml', 'mcdonalds-canada', '1% Partly Skimmed Milk - 250 ml', 'Beverages', 'Wholesome, delicious, low fat milk; a source of Vitamin A and an excellent source of calcium. Available in 1% chocolate milk too!', 136),
  ('1-partly-skimmed-chocolate-milk', 'mcdonalds-canada', '1% Partly Skimmed Chocolate Milk - 250 ml', 'Beverages', 'Wholesome, delicious, low fat chocolate milk; a source of Vitamin A and an excellent source of calcium. Available in 1% milk too!', 137),
  ('barqs-root-beer-medium', 'mcdonalds-canada', 'Barq''s Root Beer', 'Beverages', 'Get a tasty kick from every sip of ice cold Barq''s.', 138),
  ('sprite-medium', 'mcdonalds-canada', 'Sprite', 'Beverages', 'The great taste of crisp, clear, Sprite. Made with 100% natural lemon-lime flavours, with no colours and no caffeine.', 139),
  ('dasani-water', 'mcdonalds-canada', 'Dasani Water', 'Beverages', 'Quench your thirst with a bottle of cool and refreshing Dasani water. Add a bottle to your meal order today!', 140),
  ('salted-caramel-latte-medium', 'mcdonalds-canada', 'Salted Caramel Latte', 'McCafe & Bakery', 'Treat yourself with the smooth and creamy Salted Caramel Latte, made with our signature McCafe espresso and topped with fresh Canadian milk, steamed and frothed. Visit today!', 141),
  ('salted-caramel-iced-coffee-medium', 'mcdonalds-canada', 'Salted Caramel Iced Coffee', 'McCafe & Bakery', 'Cool and refreshing, Premium Roast Coffee on ice, brewed from 100% Arabica beans, and made for you with your choice of 2% milk or cream. To suit your taste buds, choose between: regular, French Vanilla, Sugar-Free Vanilla or Salted Caramel.', 142),
  ('oat-iced-coffee-medium', 'mcdonalds-canada', 'McCafe Premium Roast Brewed Oat Iced Coffee', 'McCafe & Bakery', 'Cool and refreshing, Premium Roast Coffee on ice, brewed from 100% Arabica beans, and made for you with smooth and creamy oat beverage.', 143),
  ('berry-mcpops', 'mcdonalds-canada', 'Berry McPops', 'McCafe & Bakery', 'Mini pink powdered donut with a berries and cherry filling.', 144),
  ('white-chocolate-mcpops', 'mcdonalds-canada', 'White Chocolate McPops', 'McCafe & Bakery', 'Mini powdered donut with white chocolate filling.', 145),
  ('hazelnut-cocoa-mcpops', 'mcdonalds-canada', 'Hazelnut & Cocoa McPops', 'McCafe & Bakery', 'Mini donut with hazelnut filling, dusted with cocoa powder.', 146),
  ('coffee-medium', 'mcdonalds-canada', 'Premium Roast Brewed Coffee', 'McCafe & Bakery', 'Brewed from 100% Arabica beans, fire-roasted for a rich, delicious full-bodied flavour  -  in your choice of regular or decaf.', 147),
  ('premium-tea-medium', 'mcdonalds-canada', 'Premium Tea', 'McCafe & Bakery', 'Relax. It''s your time to enjoy a long, slow sip of delicious and delectable tea. Choose from Orange Pekoe, Earl Grey, Peppermint or Green Tea - and enjoy.', 148),
  ('cappuccino-with-2-milk-medium', 'mcdonalds-canada', 'Cappuccino - 2% milk', 'McCafe & Bakery', 'Our Cappuccino is bold and classic, made with our signature McCafe espresso topped with fresh Canadian milk, steamed and frothed.', 149),
  ('latte-with-2-milk-medium', 'mcdonalds-canada', 'Latte - 2% milk', 'McCafe & Bakery', 'Treat yourself with the smooth and sophisticated Latte, made with our signature McCafe espresso and topped with fresh Canadian milk, steamed and frothed. Visit today!', 150),
  ('french-vanilla-latte-with-2-milk-medium', 'mcdonalds-canada', 'French Vanilla Latte', 'McCafe & Bakery', 'Treat yourself with the smooth and creamy French Vanilla Latte, made with our signature McCafe espresso and topped with fresh Canadian milk, steamed and frothed. Visit today!', 151),
  ('latte-with-sugar-free-syrup-with-2-milk-medium', 'mcdonalds-canada', 'Latte with Sugar Free Syrup - 2% milk', 'McCafe & Bakery', 'Enjoy our Latte with Sugar Free syrup, made with our signature McCafe espresso and topped with fresh Canadian milk, steamed and frothed. Try one at McDonald''s!', 152),
  ('caramel-latte-with-2-milk-medium', 'mcdonalds-canada', 'Caramel Latte - 2% milk', 'McCafe & Bakery', 'Our Latte is smooth and sophisticated, made with our signature  McCafe espresso and topped with fresh Canadian milk, steamed and frothed. When you''re in the mood for something special, add your choice of a French vanilla, sugar-free vanilla, or caramel flavour shot.', 153),
  ('mocha-with-2-milk-medium', 'mcdonalds-canada', 'Mocha', 'McCafe & Bakery', 'Made with 100% ethically sourced Arabica bean espresso, fresh milk, steamed and frothed, real whipped cream and chocolate syrup with a perfect balance of sweetness, vanilla and chocolate. Made with no artificial colours or flavours.', 154),
  ('espresso', 'mcdonalds-canada', 'Espresso', 'McCafe & Bakery', 'Get ready for a McCafe Espresso  -  a bold boost of rich flavour from our freshly ground espresso, made from 100% Arabica beans.', 155),
  ('double-espresso', 'mcdonalds-canada', 'Double Espresso', 'McCafe & Bakery', 'Get ready for a McCafe Espresso  -  a bold boost of rich flavour from our freshly ground espresso, made from 100% Arabica beans.', 156),
  ('americano-medium', 'mcdonalds-canada', 'Americano', 'McCafe & Bakery', 'Our Americano is bold and robust, made with our signature McCafe  espresso combined with hot water, for coffee aficionados who prefer a bolder cup.', 157),
  ('hot-chocolate-with-2-milk-medium', 'mcdonalds-canada', 'Hot Chocolate', 'McCafe & Bakery', 'A hot chocolate made with a perfect balance of sweetness, vanilla, chocolate and steamed milk. Made with no artificial colours or flavours.', 158),
  ('higgins-burke-hot-chocolate', 'mcdonalds-canada', 'Higgins & Burke Hot Chocolate', 'McCafe & Bakery', 'Higgins & Burke Hot Chocolate', 159),
  ('iced-coffee-medium', 'mcdonalds-canada', 'Premium Roast Brewed Iced Coffee', 'McCafe & Bakery', 'Cool and refreshing, premium roast coffee on ice, brewed from 100% Arabica beans, and made for you with your choice of 2% milk or cream. To suit your taste buds, choose between: regular, vanilla, sugar-free vanilla or caramel.', 160),
  ('vanilla-iced-coffee-medium', 'mcdonalds-canada', 'French Vanilla Iced Coffee', 'McCafe & Bakery', 'Cool and refreshing, Premium Roast Coffee on ice, brewed from 100% Arabica beans, and made for you with your choice of 2% milk or cream. To suit your taste buds, choose between: regular, French Vanilla, Sugar-Free Vanilla or Salted Caramel.', 161),
  ('caramel-iced-coffee-medium', 'mcdonalds-canada', 'Caramel Iced Coffee', 'McCafe & Bakery', 'Made from McCafe top roast coffee, for the same rich creamy and delicious taste. Enjoy it as you like, with cream milk, black or sweet.', 162),
  ('coffee-iced-frapp-medium', 'mcdonalds-canada', 'Coffee Frappe', 'McCafe & Bakery', 'Coffee Frappe is made with the great taste of 100% Arabica beans in a creamy dairy base, freshly blended with ice for a deep, down cool and sweet creamy taste consistent from first sip to last. Made with no artificial flavours or colours.', 163),
  ('iced-coffee-with-sugar-free-syrup-medium', 'mcdonalds-canada', 'Iced Coffee with Sugar Free syrup', 'McCafe & Bakery', 'Cool and refreshing, Premium Roast Coffee on ice, brewed from 100% Arabica beans, and made for you with your choice of 2% milk or cream. Try it with a flavour shot; choose from vanilla, sugar free syrup or caramel.', 164),
  ('vanilla-chai-iced-frapp-small', 'mcdonalds-canada', 'Vanilla Chai Frappe', 'McCafe & Bakery', 'McCafe Vanilla Chai Iced Frappe is made with the refreshingly exotic combination of vanilla and chai flavours, including cinnamon and nutmeg, in a creamy dairy base, freshly blended with ice for a balanced deep, down cool, consistent from first sip to last. Made with no artificial flavours or colours.', 165),
  ('chocolate-brownie-muffin', 'mcdonalds-canada', 'Chocolate Brownie Muffin', 'McCafe & Bakery', 'Baked fresh daily and moist like a brownie, with the decadent taste of chocolate mixed with sweet chocolate chips and topped with crunchy brownie pieces.', 166),
  ('french-fries-small-mcpicks', 'mcdonalds-canada', 'World Famous Fries - Small', 'McPicks', 'McDonald''s World Famous Fries are always a delicious choice. Cut from whole potatoes grown on Canadian farms, our fries are cooked to golden perfection in a vegetable oil blend. Mmmm... of course you want fries with that!', 167),
  ('banana-chocolate-chunk-muffin', 'mcdonalds-canada', 'Banana Chocolate Chunk Muffin', 'McPicks', 'A perfect companion to coffee; a quick-and-easy mid-morning or afternoon treat.  With a choice of five delectable flavours including Banana Chocolate Chunk, Blueberry, Carrot, Fruit ''n Fibre and Cranberry Orange.  Enjoy one today!', 168),
  ('baked-apple-pie-200553', 'mcdonalds-canada', '2 Baked Apple Pies', 'McPicks', 'Twice the enjoyment, with two Baked Apple Pies! It''s the tradition you love to uphold, with delicious apples lightly spiced with cinnamon in a flaky crust, baked fresh daily.', 169)
;

insert into item_components (id, menu_item_id, name, ingredient_statement, sort_order) values
  ('franks-redhot-creamy-garlic-chicken-mcmuffin-butter-1', 'franks-redhot-creamy-garlic-chicken-mcmuffin', 'Butter', 'Pasteurized cream (milk), Salt, May contain annatto.', 1),
  ('franks-redhot-creamy-garlic-chicken-mcmuffin-processed-cheese-2', 'franks-redhot-creamy-garlic-chicken-mcmuffin', 'Processed Cheese', 'Cheese (milk, partly skimmed milk, modified milk ingredients, salt, bacterial culture, calcium chloride, microbial enzyme, lipase, annatto), Modified milk ingredients, Water, Sodium citrate, Salt, Citric acid, Beta-carotene, Paprika, Soy lecithin.', 2),
  ('franks-redhot-creamy-garlic-chicken-mcmuffin-frank-s-redhot-creamy-garlic-sauce-3', 'franks-redhot-creamy-garlic-chicken-mcmuffin', 'Frank''s RedHot Creamy Garlic Sauce', 'Soybean oil and/or canola oil, Water, Buttermilk (partly skimmed milk, salt, sodium citrate, bacterial culture), Vinegar, Frank''s RedHot cayenne pepper sauce (aged cayenne red peppers, vinegar, water, salt, garlic powder), Liquid egg yolk, Sugar, Frank''s RedHot Seasoning (aged cayenne red peppers, vinegar, salt, maltodextrin, garlic powder, rosemary extract, silicon dioxide), Skim milk powder, Dehydrated garlic, Cayenne pepper, Modified corn starch, Dehydrated onion, Natural flavours, Salt, Lactic acid, Xanthan gum, Propylene glycol alginate, Black pepper, Chives, Potassium sorbate, Sodium benzoate, Rubbed basil, Calcium disodium EDTA.', 3),
  ('franks-redhot-creamy-garlic-chicken-mcmuffin-junior-chicken-patty-4', 'franks-redhot-creamy-garlic-chicken-mcmuffin', 'Junior Chicken Patty', 'Chicken, Wheat flour, Liquid vegetable oil shortening (canola oil, corn oil, hydrogenated soybean oil), Toasted wheat crumb, Water, Chicken skin, Modified corn starch, Salt, Spice, Potassium chloride, Wheat gluten, Vegetable oil, Natural flavour, Baking soda, Garlic powder, Baking powder. Cooked in vegetable oil (high oleic low linoleic canola oil and/or canola oil, corn oil, soybean oil, hydrogenated soybean oil, citric acid, dimethylpolysiloxane).', 4),
  ('franks-redhot-creamy-garlic-chicken-mcmuffin-english-muffin-5', 'franks-redhot-creamy-garlic-chicken-mcmuffin', 'English Muffin', 'Enriched wheat flour, Water, Yeast, Corn meal and corn flour, Vegetable oil (canola and/or soy oil), Salt, Sugars (sugar, barley malt), May contain any or all of the following in varying proportions: Monoglycerides, Diacetylated tartaric acid esters of mono- and diglycerides, Monocalcium phosphate, Ascorbic acid, Enzymes, Cultured wheat flour, Citric acid, Calcium citrate, Corn starch, Wheat gluten, Fumaric acid, Malted barley flour.', 5),
  ('franks-redhot-creamy-garlic-egg-mcmuffin-butter-1', 'franks-redhot-creamy-garlic-egg-mcmuffin', 'Butter', 'Pasteurized cream (milk), Salt, May contain annatto.', 1),
  ('franks-redhot-creamy-garlic-egg-mcmuffin-processed-cheese-2', 'franks-redhot-creamy-garlic-egg-mcmuffin', 'Processed Cheese', 'Cheese (milk, partly skimmed milk, modified milk ingredients, salt, bacterial culture, calcium chloride, microbial enzyme, lipase, annatto), Modified milk ingredients, Water, Sodium citrate, Salt, Citric acid, Beta-carotene, Paprika, Soy lecithin.', 2),
  ('franks-redhot-creamy-garlic-egg-mcmuffin-frank-s-redhot-creamy-garlic-sauce-3', 'franks-redhot-creamy-garlic-egg-mcmuffin', 'Frank''s RedHot Creamy Garlic Sauce', 'Soybean oil and/or canola oil, Water, Buttermilk (partly skimmed milk, salt, sodium citrate, bacterial culture), Vinegar, Frank''s RedHot cayenne pepper sauce (aged cayenne red peppers, vinegar, water, salt, garlic powder), Liquid egg yolk, Sugar, Frank''s RedHot Seasoning (aged cayenne red peppers, vinegar, salt, maltodextrin, garlic powder, rosemary extract, silicon dioxide), Skim milk powder, Dehydrated garlic, Cayenne pepper, Modified corn starch, Dehydrated onion, Natural flavours, Salt, Lactic acid, Xanthan gum, Propylene glycol alginate, Black pepper, Chives, Potassium sorbate, Sodium benzoate, Rubbed basil, Calcium disodium EDTA.', 3),
  ('franks-redhot-creamy-garlic-egg-mcmuffin-canadian-bacon-4', 'franks-redhot-creamy-garlic-egg-mcmuffin', 'Canadian Bacon', 'Pork, Water, Sugar, Salt, Sodium lactate, Sodium phosphate, Natural flavour (vegetable source), Sodium diacetate, Sodium nitrite, Smoke.', 4),
  ('franks-redhot-creamy-garlic-egg-mcmuffin-egg-5', 'franks-redhot-creamy-garlic-egg-mcmuffin', 'Egg', 'Egg (Canada A grade large), cooked on a grill, lightly seasoned, with clarified butter (unsalted butter).', 5),
  ('franks-redhot-creamy-garlic-egg-mcmuffin-english-muffin-6', 'franks-redhot-creamy-garlic-egg-mcmuffin', 'English Muffin', 'Enriched wheat flour, Water, Yeast, Corn meal and corn flour, Vegetable oil (canola and/or soy oil), Salt, Sugars (sugar, barley malt), May contain any or all of the following in varying proportions: Monoglycerides, Diacetylated tartaric acid esters of mono- and diglycerides, Monocalcium phosphate, Ascorbic acid, Enzymes, Cultured wheat flour, Citric acid, Calcium citrate, Corn starch, Wheat gluten, Fumaric acid, Malted barley flour.', 6),
  ('franks-redhot-creamy-garlic-sausage-n-egg-mcmuffin-butter-1', 'franks-redhot-creamy-garlic-sausage-n-egg-mcmuffin', 'Butter', 'Pasteurized cream (milk), Salt, May contain annatto.', 1),
  ('franks-redhot-creamy-garlic-sausage-n-egg-mcmuffin-processed-cheese-2', 'franks-redhot-creamy-garlic-sausage-n-egg-mcmuffin', 'Processed Cheese', 'Cheese (milk, partly skimmed milk, modified milk ingredients, salt, bacterial culture, calcium chloride, microbial enzyme, lipase, annatto), Modified milk ingredients, Water, Sodium citrate, Salt, Citric acid, Beta-carotene, Paprika, Soy lecithin.', 2),
  ('franks-redhot-creamy-garlic-sausage-n-egg-mcmuffin-frank-s-redhot-creamy-garlic-sauce-3', 'franks-redhot-creamy-garlic-sausage-n-egg-mcmuffin', 'Frank''s RedHot Creamy Garlic Sauce', 'Soybean oil and/or canola oil, Water, Buttermilk (partly skimmed milk, salt, sodium citrate, bacterial culture), Vinegar, Frank''s RedHot cayenne pepper sauce (aged cayenne red peppers, vinegar, water, salt, garlic powder), Liquid egg yolk, Sugar, Frank''s RedHot Seasoning (aged cayenne red peppers, vinegar, salt, maltodextrin, garlic powder, rosemary extract, silicon dioxide), Skim milk powder, Dehydrated garlic, Cayenne pepper, Modified corn starch, Dehydrated onion, Natural flavours, Salt, Lactic acid, Xanthan gum, Propylene glycol alginate, Black pepper, Chives, Potassium sorbate, Sodium benzoate, Rubbed basil, Calcium disodium EDTA.', 3),
  ('franks-redhot-creamy-garlic-sausage-n-egg-mcmuffin-sausage-patty-4', 'franks-redhot-creamy-garlic-sausage-n-egg-mcmuffin', 'Sausage Patty', 'Pork, Water, Salt, Sugars (dextrose, sugar, glucose solids), Spices, Spice extractives.', 4),
  ('franks-redhot-creamy-garlic-sausage-n-egg-mcmuffin-egg-5', 'franks-redhot-creamy-garlic-sausage-n-egg-mcmuffin', 'Egg', 'Egg (Canada A grade large), cooked on a grill, lightly seasoned, with clarified butter (unsalted butter).', 5),
  ('franks-redhot-creamy-garlic-sausage-n-egg-mcmuffin-english-muffin-6', 'franks-redhot-creamy-garlic-sausage-n-egg-mcmuffin', 'English Muffin', 'Enriched wheat flour, Water, Yeast, Corn meal and corn flour, Vegetable oil (canola and/or soy oil), Salt, Sugars (sugar, barley malt), May contain any or all of the following in varying proportions: Monoglycerides, Diacetylated tartaric acid esters of mono- and diglycerides, Monocalcium phosphate, Ascorbic acid, Enzymes, Cultured wheat flour, Citric acid, Calcium citrate, Corn starch, Wheat gluten, Fumaric acid, Malted barley flour.', 6),
  ('franks-redhot-creamy-garlic-bacon-n-egg-mcmuffin-butter-1', 'franks-redhot-creamy-garlic-bacon-n-egg-mcmuffin', 'Butter', 'Pasteurized cream (milk), Salt, May contain annatto.', 1),
  ('franks-redhot-creamy-garlic-bacon-n-egg-mcmuffin-bacon-slice-2', 'franks-redhot-creamy-garlic-bacon-n-egg-mcmuffin', 'Bacon Slice', 'Pork, Water, Salt, Sugar, Smoke flavouring, Sodium phosphate, Sodium erythorbate, Sodium nitrite, Smoke.', 2),
  ('franks-redhot-creamy-garlic-bacon-n-egg-mcmuffin-processed-cheese-3', 'franks-redhot-creamy-garlic-bacon-n-egg-mcmuffin', 'Processed Cheese', 'Cheese (milk, partly skimmed milk, modified milk ingredients, salt, bacterial culture, calcium chloride, microbial enzyme, lipase, annatto), Modified milk ingredients, Water, Sodium citrate, Salt, Citric acid, Beta-carotene, Paprika, Soy lecithin.', 3),
  ('franks-redhot-creamy-garlic-bacon-n-egg-mcmuffin-frank-s-redhot-creamy-garlic-sauce-4', 'franks-redhot-creamy-garlic-bacon-n-egg-mcmuffin', 'Frank''s RedHot Creamy Garlic Sauce', 'Soybean oil and/or canola oil, Water, Buttermilk (partly skimmed milk, salt, sodium citrate, bacterial culture), Vinegar, Frank''s RedHot cayenne pepper sauce (aged cayenne red peppers, vinegar, water, salt, garlic powder), Liquid egg yolk, Sugar, Frank''s RedHot Seasoning (aged cayenne red peppers, vinegar, salt, maltodextrin, garlic powder, rosemary extract, silicon dioxide), Skim milk powder, Dehydrated garlic, Cayenne pepper, Modified corn starch, Dehydrated onion, Natural flavours, Salt, Lactic acid, Xanthan gum, Propylene glycol alginate, Black pepper, Chives, Potassium sorbate, Sodium benzoate, Rubbed basil, Calcium disodium EDTA.', 4),
  ('franks-redhot-creamy-garlic-bacon-n-egg-mcmuffin-egg-5', 'franks-redhot-creamy-garlic-bacon-n-egg-mcmuffin', 'Egg', 'Egg (Canada A grade large), cooked on a grill, lightly seasoned, with clarified butter (unsalted butter).', 5),
  ('franks-redhot-creamy-garlic-bacon-n-egg-mcmuffin-english-muffin-6', 'franks-redhot-creamy-garlic-bacon-n-egg-mcmuffin', 'English Muffin', 'Enriched wheat flour, Water, Yeast, Corn meal and corn flour, Vegetable oil (canola and/or soy oil), Salt, Sugars (sugar, barley malt), May contain any or all of the following in varying proportions: Monoglycerides, Diacetylated tartaric acid esters of mono- and diglycerides, Monocalcium phosphate, Ascorbic acid, Enzymes, Cultured wheat flour, Citric acid, Calcium citrate, Corn starch, Wheat gluten, Fumaric acid, Malted barley flour.', 6),
  ('mighty-mcgriddle-processed-cheese-1', 'mighty-mcgriddle', 'Processed Cheese', 'Cheese (milk, partly skimmed milk, modified milk ingredients, salt, bacterial culture, calcium chloride, microbial enzyme, lipase, annatto), Modified milk ingredients, Water, Sodium citrate, Salt, Citric acid, Beta-carotene, Paprika, Soy lecithin.', 1),
  ('mighty-mcgriddle-bacon-slice-2', 'mighty-mcgriddle', 'Bacon Slice', 'Pork, Water, Salt, Sugar, Smoke flavouring, Sodium phosphate, Sodium erythorbate, Sodium nitrite, Smoke.', 2),
  ('mighty-mcgriddle-sausage-patty-3', 'mighty-mcgriddle', 'Sausage Patty', 'Pork, Water, Salt, Sugars (dextrose, sugar, glucose solids), Spices, Spice extractives.', 3),
  ('mighty-mcgriddle-egg-4', 'mighty-mcgriddle', 'Egg', 'Egg (Canada A grade large), cooked on a grill, lightly seasoned, with clarified butter (unsalted butter).', 4),
  ('mighty-mcgriddle-mcgriddles-cakes-5', 'mighty-mcgriddle', 'McGriddles Cakes', 'Water, Enriched flour, Sugars (sugar, dextrose, brown sugar), Modified palm oil shortening, Baking powder, Soybean oil, Rice flour, Whey powder, Salt, Natural flavours, Modified tapioca starch, Buttermilk powder, Caramel colour, Soy lecithin.', 5),
  ('mighty-mcmuffin-butter-1', 'mighty-mcmuffin', 'Butter', 'Pasteurized cream (milk), Salt, May contain annatto.', 1),
  ('mighty-mcmuffin-processed-cheese-2', 'mighty-mcmuffin', 'Processed Cheese', 'Cheese (milk, partly skimmed milk, modified milk ingredients, salt, bacterial culture, calcium chloride, microbial enzyme, lipase, annatto), Modified milk ingredients, Water, Sodium citrate, Salt, Citric acid, Beta-carotene, Paprika, Soy lecithin.', 2),
  ('mighty-mcmuffin-bacon-slice-3', 'mighty-mcmuffin', 'Bacon Slice', 'Pork, Water, Salt, Sugar, Smoke flavouring, Sodium phosphate, Sodium erythorbate, Sodium nitrite, Smoke.', 3),
  ('mighty-mcmuffin-sausage-patty-4', 'mighty-mcmuffin', 'Sausage Patty', 'Pork, Water, Salt, Sugars (dextrose, sugar, glucose solids), Spices, Spice extractives.', 4),
  ('mighty-mcmuffin-egg-5', 'mighty-mcmuffin', 'Egg', 'Egg (Canada A grade large), cooked on a grill, lightly seasoned, with clarified butter (unsalted butter).', 5),
  ('mighty-mcmuffin-english-muffin-6', 'mighty-mcmuffin', 'English Muffin', 'Enriched wheat flour, Water, Yeast, Corn meal and corn flour, Vegetable oil (canola and/or soy oil), Salt, Sugars (sugar, barley malt), May contain any or all of the following in varying proportions: Monoglycerides, Diacetylated tartaric acid esters of mono- and diglycerides, Monocalcium phosphate, Ascorbic acid, Enzymes, Cultured wheat flour, Citric acid, Calcium citrate, Corn starch, Wheat gluten, Fumaric acid, Malted barley flour.', 6),
  ('spicy-egg-hash-brown-breakfast-wrap-processed-cheese-1', 'spicy-egg-hash-brown-breakfast-wrap', 'Processed Cheese', 'Cheese (milk, partly skimmed milk, modified milk ingredients, salt, bacterial culture, calcium chloride, microbial enzyme, lipase, annatto), Modified milk ingredients, Water, Sodium citrate, Salt, Citric acid, Beta-carotene, Paprika, Soy lecithin.', 1),
  ('spicy-egg-hash-brown-breakfast-wrap-tomato-slice-2', 'spicy-egg-hash-brown-breakfast-wrap', 'Tomato Slice', 'Sliced tomato.', 2),
  ('spicy-egg-hash-brown-breakfast-wrap-creamy-habanero-sauce-3', 'spicy-egg-hash-brown-breakfast-wrap', 'Creamy Habanero Sauce', 'Soybean and/or canola oil, Water, Prepared mustard (water, mustard seed, vinegar, salt, mustard bran), Liquid egg yolk, Vinegar, Sugar, Salt, Dehydrated garlic, Modified corn starch, Dehydrated onion, Citric acid, Xanthan gum, Propylene glycol alginate, Ground Mustard, Paprika, Black pepper, Lactic acid, Red habanero chili, Chives, Potassium sorbate, Sodium benzoate,  Paprika extract, Cilantro, Calcium disodium EDTA.', 3),
  ('spicy-egg-hash-brown-breakfast-wrap-lettuce-4', 'spicy-egg-hash-brown-breakfast-wrap', 'Lettuce', 'Shredded iceberg lettuce.', 4),
  ('spicy-egg-hash-brown-breakfast-wrap-egg-5', 'spicy-egg-hash-brown-breakfast-wrap', 'Egg', 'Egg (Canada A grade large), cooked on a grill, lightly seasoned, with clarified butter (unsalted butter).', 5),
  ('spicy-egg-hash-brown-breakfast-wrap-hashbrowns-6', 'spicy-egg-hash-brown-breakfast-wrap', 'Hashbrowns', 'Potatoes, High oleic low linolenic canola oil and/or canola oil, Hydrogenated soybean oil, Natural flavour (vegetable source), Salt, Dehydrated potato, Vegetable mono and diglycerides, Corn flour, Sugars (dextrose), Sodium acid pyrophosphate (maintain colour), Extractives of black pepper, Citric acid (preservative), Dimethylpolysiloxane (antifoaming agent). Cooked in vegetable oil (high oleic low linoleic canola oil and/or canola oil, corn oil, soybean oil, hydrogenated soybean oil, citric acid, dimethylpolysiloxane)', 6),
  ('spicy-egg-hash-brown-breakfast-wrap-white-flour-tortilla-7', 'spicy-egg-hash-brown-breakfast-wrap', 'White Flour Tortilla', 'Enriched bleached wheat flour, Water, Vegetable shortening (interesterified soybean oil, fully hydrogenated soybean oil), Sugar, Baking powder (sodium bicarbonate, corn starch, sodium aluminum sulfate, calcium sulfate, monocalcium phosphate), Potasium chloride, Monoglycerides, Salt, Vital wheat Gluten, Sodium metabisulfite.', 7),
  ('chicken-hash-brown-breakfast-wrap-processed-cheese-1', 'chicken-hash-brown-breakfast-wrap', 'Processed Cheese', 'Cheese (milk, partly skimmed milk, modified milk ingredients, salt, bacterial culture, calcium chloride, microbial enzyme, lipase, annatto), Modified milk ingredients, Water, Sodium citrate, Salt, Citric acid, Beta-carotene, Paprika, Soy lecithin.', 1),
  ('chicken-hash-brown-breakfast-wrap-mayonnaise-style-sauce-2', 'chicken-hash-brown-breakfast-wrap', 'Mayonnaise-Style Sauce', 'Soybean oil, Water, Liquid egg yolk, Vinegar, Sugar, Salt, Mustard seeds, Mustard bran, Xanthan gum, Potassium sorbate, Calcium disodium EDTA.', 2),
  ('chicken-hash-brown-breakfast-wrap-lettuce-3', 'chicken-hash-brown-breakfast-wrap', 'Lettuce', 'Shredded iceberg lettuce.', 3),
  ('chicken-hash-brown-breakfast-wrap-junior-chicken-patty-4', 'chicken-hash-brown-breakfast-wrap', 'Junior Chicken Patty', 'Chicken, Wheat flour, Liquid vegetable oil shortening (canola oil, corn oil, hydrogenated soybean oil), Toasted wheat crumb, Water, Chicken skin, Modified corn starch, Salt, Spice, Potassium chloride, Wheat gluten, Vegetable oil, Natural flavour, Baking soda, Garlic powder, Baking powder. Cooked in vegetable oil (high oleic low linoleic canola oil and/or canola oil, corn oil, soybean oil, hydrogenated soybean oil, citric acid, dimethylpolysiloxane).', 4),
  ('chicken-hash-brown-breakfast-wrap-hashbrowns-5', 'chicken-hash-brown-breakfast-wrap', 'Hashbrowns', 'Potatoes, High oleic low linolenic canola oil and/or canola oil, Hydrogenated soybean oil, Natural flavour (vegetable source), Salt, Dehydrated potato, Vegetable mono and diglycerides, Corn flour, Sugars (dextrose), Sodium acid pyrophosphate (maintain colour), Extractives of black pepper, Citric acid (preservative), Dimethylpolysiloxane (antifoaming agent). Cooked in vegetable oil (high oleic low linoleic canola oil and/or canola oil, corn oil, soybean oil, hydrogenated soybean oil, citric acid, dimethylpolysiloxane)', 5),
  ('chicken-hash-brown-breakfast-wrap-white-flour-tortilla-6', 'chicken-hash-brown-breakfast-wrap', 'White Flour Tortilla', 'Enriched bleached wheat flour, Water, Vegetable shortening (interesterified soybean oil, fully hydrogenated soybean oil), Sugar, Baking powder (sodium bicarbonate, corn starch, sodium aluminum sulfate, calcium sulfate, monocalcium phosphate), Potasium chloride, Monoglycerides, Salt, Vital wheat Gluten, Sodium metabisulfite.', 6),
  ('sausage-bacon-egg-breakfast-wrap-bacon-slice-1', 'sausage-bacon-egg-breakfast-wrap', 'Bacon Slice', 'Pork, Water, Salt, Sugar, Smoke flavouring, Sodium phosphate, Sodium erythorbate, Sodium nitrite, Smoke.', 1),
  ('sausage-bacon-egg-breakfast-wrap-mayonnaise-style-sauce-2', 'sausage-bacon-egg-breakfast-wrap', 'Mayonnaise-Style Sauce', 'Soybean oil, Water, Liquid egg yolk, Vinegar, Sugar, Salt, Mustard seeds, Mustard bran, Xanthan gum, Potassium sorbate, Calcium disodium EDTA.', 2),
  ('sausage-bacon-egg-breakfast-wrap-processed-cheese-3', 'sausage-bacon-egg-breakfast-wrap', 'Processed Cheese', 'Cheese (milk, partly skimmed milk, modified milk ingredients, salt, bacterial culture, calcium chloride, microbial enzyme, lipase, annatto), Modified milk ingredients, Water, Sodium citrate, Salt, Citric acid, Beta-carotene, Paprika, Soy lecithin.', 3),
  ('sausage-bacon-egg-breakfast-wrap-sausage-patty-4', 'sausage-bacon-egg-breakfast-wrap', 'Sausage Patty', 'Pork, Water, Salt, Sugars (dextrose, sugar, glucose solids), Spices, Spice extractives.', 4),
  ('sausage-bacon-egg-breakfast-wrap-egg-5', 'sausage-bacon-egg-breakfast-wrap', 'Egg', 'Egg (Canada A grade large), cooked on a grill, lightly seasoned, with clarified butter (unsalted butter).', 5),
  ('sausage-bacon-egg-breakfast-wrap-hashbrowns-6', 'sausage-bacon-egg-breakfast-wrap', 'Hashbrowns', 'Potatoes, High oleic low linolenic canola oil and/or canola oil, Hydrogenated soybean oil, Natural flavour (vegetable source), Salt, Dehydrated potato, Vegetable mono and diglycerides, Corn flour, Sugars (dextrose), Sodium acid pyrophosphate (maintain colour), Extractives of black pepper, Citric acid (preservative), Dimethylpolysiloxane (antifoaming agent). Cooked in vegetable oil (high oleic low linoleic canola oil and/or canola oil, corn oil, soybean oil, hydrogenated soybean oil, citric acid, dimethylpolysiloxane)', 6),
  ('sausage-bacon-egg-breakfast-wrap-white-flour-tortilla-7', 'sausage-bacon-egg-breakfast-wrap', 'White Flour Tortilla', 'Enriched bleached wheat flour, Water, Vegetable shortening (interesterified soybean oil, fully hydrogenated soybean oil), Sugar, Baking powder (sodium bicarbonate, corn starch, sodium aluminum sulfate, calcium sulfate, monocalcium phosphate), Potasium chloride, Monoglycerides, Salt, Vital wheat Gluten, Sodium metabisulfite.', 7),
  ('egg-n-cheese-mcmuffin-butter-1', 'egg-n-cheese-mcmuffin', 'Butter', 'Pasteurized cream (milk), Salt, May contain annatto.', 1),
  ('egg-n-cheese-mcmuffin-processed-cheese-2', 'egg-n-cheese-mcmuffin', 'Processed Cheese', 'Cheese (milk, partly skimmed milk, modified milk ingredients, salt, bacterial culture, calcium chloride, microbial enzyme, lipase, annatto), Modified milk ingredients, Water, Sodium citrate, Salt, Citric acid, Beta-carotene, Paprika, Soy lecithin.', 2),
  ('egg-n-cheese-mcmuffin-egg-3', 'egg-n-cheese-mcmuffin', 'Egg', 'Egg (Canada A grade large), cooked on a grill, lightly seasoned, with clarified butter (unsalted butter).', 3),
  ('egg-n-cheese-mcmuffin-english-muffin-4', 'egg-n-cheese-mcmuffin', 'English Muffin', 'Enriched wheat flour, Water, Yeast, Corn meal and corn flour, Vegetable oil (canola and/or soy oil), Salt, Sugars (sugar, barley malt), May contain any or all of the following in varying proportions: Monoglycerides, Diacetylated tartaric acid esters of mono- and diglycerides, Monocalcium phosphate, Ascorbic acid, Enzymes, Cultured wheat flour, Citric acid, Calcium citrate, Corn starch, Wheat gluten, Fumaric acid, Malted barley flour.', 4),
  ('egg-n-cheese-mcgriddles-processed-cheese-1', 'egg-n-cheese-mcgriddles', 'Processed Cheese', 'Cheese (milk, partly skimmed milk, modified milk ingredients, salt, bacterial culture, calcium chloride, microbial enzyme, lipase, annatto), Modified milk ingredients, Water, Sodium citrate, Salt, Citric acid, Beta-carotene, Paprika, Soy lecithin.', 1),
  ('egg-n-cheese-mcgriddles-egg-2', 'egg-n-cheese-mcgriddles', 'Egg', 'Egg (Canada A grade large), cooked on a grill, lightly seasoned, with clarified butter (unsalted butter).', 2),
  ('egg-n-cheese-mcgriddles-mcgriddles-cakes-3', 'egg-n-cheese-mcgriddles', 'McGriddles Cakes', 'Water, Enriched flour, Sugars (sugar, dextrose, brown sugar), Modified palm oil shortening, Baking powder, Soybean oil, Rice flour, Whey powder, Salt, Natural flavours, Modified tapioca starch, Buttermilk powder, Caramel colour, Soy lecithin.', 3),
  ('egg-blt-mcmuffin-butter-1', 'egg-blt-mcmuffin', 'Butter', 'Pasteurized cream (milk), Salt, May contain annatto.', 1),
  ('egg-blt-mcmuffin-leaf-lettuce-2', 'egg-blt-mcmuffin', 'Leaf Lettuce', 'Leaf lettuce.', 2),
  ('egg-blt-mcmuffin-mayonnaise-style-sauce-3', 'egg-blt-mcmuffin', 'Mayonnaise-Style Sauce', 'Soybean oil, water, prepared mustard (water, mustard seed, vinegar, salt, mustard bran), liquid egg yolk, vinegar, sugar, salt, xanthan gum, potassium sorbate , calcium disodium EDTA', 3),
  ('egg-blt-mcmuffin-bacon-slice-4', 'egg-blt-mcmuffin', 'Bacon Slice', 'Pork, Water, Salt, Sugar, Smoke flavouring, Sodium phosphate, Sodium erythorbate, Sodium nitrite, Smoke.', 4),
  ('egg-blt-mcmuffin-processed-cheese-5', 'egg-blt-mcmuffin', 'Processed Cheese', 'Cheese (milk, partly skimmed milk, modified milk ingredients, salt, bacterial culture, calcium chloride, microbial enzyme, lipase, annatto), Modified milk ingredients, Water, Sodium citrate, Salt, Citric acid, Beta-carotene, Paprika, Soy lecithin.', 5),
  ('egg-blt-mcmuffin-tomato-slice-6', 'egg-blt-mcmuffin', 'Tomato Slice', 'Sliced tomato.', 6),
  ('egg-blt-mcmuffin-egg-7', 'egg-blt-mcmuffin', 'Egg', 'Egg (Canada A grade large), cooked on a grill, lightly seasoned, with clarified butter (unsalted butter).', 7),
  ('egg-blt-mcmuffin-english-muffin-8', 'egg-blt-mcmuffin', 'English Muffin', 'Enriched wheat flour, Water, Yeast, Corn meal and corn flour, Vegetable oil (canola and/or soy oil), Salt, Sugars (sugar, barley malt), May contain any or all of the following in varying proportions: Monoglycerides, Diacetylated tartaric acid esters of mono- and diglycerides, Monocalcium phosphate, Ascorbic acid, Enzymes, Cultured wheat flour, Citric acid, Calcium citrate, Corn starch, Wheat gluten, Fumaric acid, Malted barley flour.', 8),
  ('egg-blt-mcmuffin-with-shredded-lettuce-butter-1', 'egg-blt-mcmuffin-with-shredded-lettuce', 'Butter', 'Pasteurized cream (milk), Salt, May contain annatto.', 1),
  ('egg-blt-mcmuffin-with-shredded-lettuce-mayonnaise-style-sauce-2', 'egg-blt-mcmuffin-with-shredded-lettuce', 'Mayonnaise-Style Sauce', 'Soybean oil, water, prepared mustard (water, mustard seed, vinegar, salt, mustard bran), liquid egg yolk, vinegar, sugar, salt, xanthan gum, potassium sorbate , calcium disodium EDTA', 2),
  ('egg-blt-mcmuffin-with-shredded-lettuce-bacon-slice-3', 'egg-blt-mcmuffin-with-shredded-lettuce', 'Bacon Slice', 'Pork, Water, Salt, Sugar, Smoke flavouring, Sodium phosphate, Sodium erythorbate, Sodium nitrite, Smoke.', 3),
  ('egg-blt-mcmuffin-with-shredded-lettuce-processed-cheese-4', 'egg-blt-mcmuffin-with-shredded-lettuce', 'Processed Cheese', 'Cheese (milk, partly skimmed milk, modified milk ingredients, salt, bacterial culture, calcium chloride, microbial enzyme, lipase, annatto), Modified milk ingredients, Water, Sodium citrate, Salt, Citric acid, Beta-carotene, Paprika, Soy lecithin.', 4),
  ('egg-blt-mcmuffin-with-shredded-lettuce-lettuce-5', 'egg-blt-mcmuffin-with-shredded-lettuce', 'Lettuce', 'Shredded iceberg lettuce.', 5),
  ('egg-blt-mcmuffin-with-shredded-lettuce-tomato-slice-6', 'egg-blt-mcmuffin-with-shredded-lettuce', 'Tomato Slice', 'Sliced tomato.', 6),
  ('egg-blt-mcmuffin-with-shredded-lettuce-egg-7', 'egg-blt-mcmuffin-with-shredded-lettuce', 'Egg', 'Egg (Canada A grade large), cooked on a grill, lightly seasoned, with clarified butter (unsalted butter).', 7),
  ('egg-blt-mcmuffin-with-shredded-lettuce-english-muffin-8', 'egg-blt-mcmuffin-with-shredded-lettuce', 'English Muffin', 'Enriched wheat flour, Water, Yeast, Corn meal and corn flour, Vegetable oil (canola and/or soy oil), Salt, Sugars (sugar, barley malt), May contain any or all of the following in varying proportions: Monoglycerides, Diacetylated tartaric acid esters of mono- and diglycerides, Monocalcium phosphate, Ascorbic acid, Enzymes, Cultured wheat flour, Citric acid, Calcium citrate, Corn starch, Wheat gluten, Fumaric acid, Malted barley flour.', 8),
  ('chicken-mcmuffin-butter-1', 'chicken-mcmuffin', 'Butter', 'Pasteurized cream (milk), Salt, May contain annatto.', 1),
  ('chicken-mcmuffin-mayonnaise-style-sauce-2', 'chicken-mcmuffin', 'Mayonnaise-Style Sauce', 'Soybean oil, Water, Liquid egg yolk, Vinegar, Sugar, Salt, Mustard seeds, Mustard bran, Xanthan gum, Potassium sorbate, Calcium disodium EDTA.', 2),
  ('chicken-mcmuffin-processed-cheese-3', 'chicken-mcmuffin', 'Processed Cheese', 'Cheese (milk, partly skimmed milk, modified milk ingredients, salt, bacterial culture, calcium chloride, microbial enzyme, lipase, annatto), Modified milk ingredients, Water, Sodium citrate, Salt, Citric acid, Beta-carotene, Paprika, Soy lecithin.', 3),
  ('chicken-mcmuffin-junior-chicken-patty-4', 'chicken-mcmuffin', 'Junior Chicken Patty', 'Chicken, Wheat flour, Liquid vegetable oil shortening (canola oil, corn oil, hydrogenated soybean oil), Toasted wheat crumb, Water, Chicken skin, Modified corn starch, Salt, Spice, Potassium chloride, Wheat gluten, Vegetable oil, Natural flavour, Baking soda, Garlic powder, Baking powder. Cooked in vegetable oil (high oleic low linoleic canola oil and/or canola oil, corn oil, soybean oil, hydrogenated soybean oil, citric acid, dimethylpolysiloxane).', 4),
  ('chicken-mcmuffin-english-muffin-5', 'chicken-mcmuffin', 'English Muffin', 'Enriched wheat flour, Water, Yeast, Corn meal and corn flour, Vegetable oil (canola and/or soy oil), Salt, Sugars (sugar, barley malt), May contain any or all of the following in varying proportions: Monoglycerides, Diacetylated tartaric acid esters of mono- and diglycerides, Monocalcium phosphate, Ascorbic acid, Enzymes, Cultured wheat flour, Citric acid, Calcium citrate, Corn starch, Wheat gluten, Fumaric acid, Malted barley flour.', 5),
  ('egg-mcmuffin-butter-1', 'egg-mcmuffin', 'Butter', 'Pasteurized cream (milk), Salt, May contain annatto.', 1),
  ('egg-mcmuffin-processed-cheese-2', 'egg-mcmuffin', 'Processed Cheese', 'Cheese (milk, partly skimmed milk, modified milk ingredients, salt, bacterial culture, calcium chloride, microbial enzyme, lipase, annatto), Modified milk ingredients, Water, Sodium citrate, Salt, Citric acid, Beta-carotene, Paprika, Soy lecithin.', 2),
  ('egg-mcmuffin-canadian-bacon-3', 'egg-mcmuffin', 'Canadian Bacon', 'Pork, Water, Sugar, Salt, Sodium lactate, Sodium phosphate, Natural flavour (vegetable source), Sodium diacetate, Sodium nitrite, Smoke.', 3),
  ('egg-mcmuffin-egg-4', 'egg-mcmuffin', 'Egg', 'Egg (Canada A grade large), cooked on a grill, lightly seasoned, with clarified butter (unsalted butter).', 4),
  ('egg-mcmuffin-english-muffin-5', 'egg-mcmuffin', 'English Muffin', 'Enriched wheat flour, Water, Yeast, Corn meal and corn flour, Vegetable oil (canola and/or soy oil), Salt, Sugars (sugar, barley malt), May contain any or all of the following in varying proportions: Monoglycerides, Diacetylated tartaric acid esters of mono- and diglycerides, Monocalcium phosphate, Ascorbic acid, Enzymes, Cultured wheat flour, Citric acid, Calcium citrate, Corn starch, Wheat gluten, Fumaric acid, Malted barley flour.', 5),
  ('sausage-n-egg-mcmuffin-butter-1', 'sausage-n-egg-mcmuffin', 'Butter', 'Pasteurized cream (milk), Salt, May contain annatto.', 1),
  ('sausage-n-egg-mcmuffin-processed-cheese-2', 'sausage-n-egg-mcmuffin', 'Processed Cheese', 'Cheese (milk, partly skimmed milk, modified milk ingredients, salt, bacterial culture, calcium chloride, microbial enzyme, lipase, annatto), Modified milk ingredients, Water, Sodium citrate, Salt, Citric acid, Beta-carotene, Paprika, Soy lecithin.', 2),
  ('sausage-n-egg-mcmuffin-sausage-patty-3', 'sausage-n-egg-mcmuffin', 'Sausage Patty', 'Pork, Water, Salt, Sugars (dextrose, sugar, glucose solids), Spices, Spice extractives.', 3),
  ('sausage-n-egg-mcmuffin-egg-4', 'sausage-n-egg-mcmuffin', 'Egg', 'Egg (Canada A grade large), cooked on a grill, lightly seasoned, with clarified butter (unsalted butter).', 4),
  ('sausage-n-egg-mcmuffin-english-muffin-5', 'sausage-n-egg-mcmuffin', 'English Muffin', 'Enriched wheat flour, Water, Yeast, Corn meal and corn flour, Vegetable oil (canola and/or soy oil), Salt, Sugars (sugar, barley malt), May contain any or all of the following in varying proportions: Monoglycerides, Diacetylated tartaric acid esters of mono- and diglycerides, Monocalcium phosphate, Ascorbic acid, Enzymes, Cultured wheat flour, Citric acid, Calcium citrate, Corn starch, Wheat gluten, Fumaric acid, Malted barley flour.', 5),
  ('bacon-n-egg-mcmuffin-butter-1', 'bacon-n-egg-mcmuffin', 'Butter', 'Pasteurized cream (milk), Salt, May contain annatto.', 1),
  ('bacon-n-egg-mcmuffin-bacon-slice-2', 'bacon-n-egg-mcmuffin', 'Bacon Slice', 'Pork, Water, Salt, Sugar, Smoke flavouring, Sodium phosphate, Sodium erythorbate, Sodium nitrite, Smoke.', 2),
  ('bacon-n-egg-mcmuffin-processed-cheese-3', 'bacon-n-egg-mcmuffin', 'Processed Cheese', 'Cheese (milk, partly skimmed milk, modified milk ingredients, salt, bacterial culture, calcium chloride, microbial enzyme, lipase, annatto), Modified milk ingredients, Water, Sodium citrate, Salt, Citric acid, Beta-carotene, Paprika, Soy lecithin.', 3),
  ('bacon-n-egg-mcmuffin-egg-4', 'bacon-n-egg-mcmuffin', 'Egg', 'Egg (Canada A grade large), cooked on a grill, lightly seasoned, with clarified butter (unsalted butter).', 4),
  ('bacon-n-egg-mcmuffin-english-muffin-5', 'bacon-n-egg-mcmuffin', 'English Muffin', 'Enriched wheat flour, Water, Yeast, Corn meal and corn flour, Vegetable oil (canola and/or soy oil), Salt, Sugars (sugar, barley malt), May contain any or all of the following in varying proportions: Monoglycerides, Diacetylated tartaric acid esters of mono- and diglycerides, Monocalcium phosphate, Ascorbic acid, Enzymes, Cultured wheat flour, Citric acid, Calcium citrate, Corn starch, Wheat gluten, Fumaric acid, Malted barley flour.', 5),
  ('sausage-mcmuffin-butter-1', 'sausage-mcmuffin', 'Butter', 'Pasteurized cream (milk), Salt, May contain annatto.', 1),
  ('sausage-mcmuffin-processed-cheese-2', 'sausage-mcmuffin', 'Processed Cheese', 'Cheese (milk, partly skimmed milk, modified milk ingredients, salt, bacterial culture, calcium chloride, microbial enzyme, lipase, annatto), Modified milk ingredients, Water, Sodium citrate, Salt, Citric acid, Beta-carotene, Paprika, Soy lecithin.', 2),
  ('sausage-mcmuffin-sausage-patty-3', 'sausage-mcmuffin', 'Sausage Patty', 'Pork, Water, Salt, Sugars (dextrose, sugar, glucose solids), Spices, Spice extractives.', 3),
  ('sausage-mcmuffin-english-muffin-4', 'sausage-mcmuffin', 'English Muffin', 'Enriched wheat flour, Water, Yeast, Corn meal and corn flour, Vegetable oil (canola and/or soy oil), Salt, Sugars (sugar, barley malt), May contain any or all of the following in varying proportions: Monoglycerides, Diacetylated tartaric acid esters of mono- and diglycerides, Monocalcium phosphate, Ascorbic acid, Enzymes, Cultured wheat flour, Citric acid, Calcium citrate, Corn starch, Wheat gluten, Fumaric acid, Malted barley flour.', 4),
  ('plain-bagel-with-butter-regular-bagel-1', 'plain-bagel-with-butter', 'Regular Bagel', 'Enriched wheat flour, Water, Sugars (sugar, honey), Yeast, Cornmeal, Wheat gluten, Salt, Vinegar, Soybean and/or canola oils, Malted barley flour, Amylase.', 1),
  ('plain-bagel-with-butter-butter-2', 'plain-bagel-with-butter', 'Butter', 'Pasteurized cream (milk), Salt, May contain annatto.', 2),
  ('everything-bagel-with-butter-everything-bagel-1', 'everything-bagel-with-butter', 'Everything Bagel', 'Enriched wheat flour, Water, Sesame seeds, Sugar, Poppy seeds, Dehydrated onion, Sunflower seeds, Wheat gluten, Cornmeal, Salt, Yeast, Garlic, Vinegar, Soybean and/or canola oils, Amylase.', 1),
  ('everything-bagel-with-butter-butter-2', 'everything-bagel-with-butter', 'Butter', 'Pasteurized cream (milk), Salt, May contain annatto.', 2),
  ('sesame-seed-bagel-with-butter-qc-only-sesame-seed-bagel-1', 'sesame-seed-bagel-with-butter-qc-only', 'Sesame Seed Bagel', 'Enriched wheat flour, Water, Sesame seeds, Sugar (sugar, honey), Yeast, Cornmeal, Wheat gluten, Salt, Vinegar, Soybean and/or canola oils, Malted barley flour, Amylase.', 1),
  ('sesame-seed-bagel-with-butter-qc-only-butter-2', 'sesame-seed-bagel-with-butter-qc-only', 'Butter', 'Pasteurized cream (milk), Salt, May contain annatto.', 2),
  ('plain-bagel-with-plain-cream-cheese-regular-bagel-1', 'plain-bagel-with-plain-cream-cheese', 'Regular Bagel', 'Enriched wheat flour, Water, Sugars (sugar, honey), Yeast, Cornmeal, Wheat gluten, Salt, Vinegar, Soybean and/or canola oils, Malted barley flour, Amylase.', 1),
  ('plain-bagel-with-plain-cream-cheese-philadelphia-plain-cream-cheese-product-2', 'plain-bagel-with-plain-cream-cheese', 'Philadelphia Plain Cream Cheese Product', 'Milk, Cream, Modified milk ingredients, Salt, Bacterial culture, Lactic acid, Carob bean gum, Potassium sorbate.', 2),
  ('everything-bagel-with-plain-cream-cheese-everything-bagel-1', 'everything-bagel-with-plain-cream-cheese', 'Everything Bagel', 'Enriched wheat flour, Water, Sesame seeds, Sugar, Poppy seeds, Dehydrated onion, Sunflower seeds, Wheat gluten, Cornmeal, Salt, Yeast, Garlic, Vinegar, Soybean and/or canola oils, Amylase.', 1),
  ('everything-bagel-with-plain-cream-cheese-philadelphia-plain-cream-cheese-product-2', 'everything-bagel-with-plain-cream-cheese', 'Philadelphia Plain Cream Cheese Product', 'Milk, Cream, Modified milk ingredients, Salt, Bacterial culture, Lactic acid, Carob bean gum, Potassium sorbate.', 2),
  ('sesame-seed-bagel-95g-with-plain-cream-cheese-sesame-seed-bagel-1', 'sesame-seed-bagel-95g-with-plain-cream-cheese', 'Sesame Seed Bagel', 'Enriched wheat flour, Water, Sesame seeds, Sugar (sugar, honey), Yeast, Cornmeal, Wheat gluten, Salt, Vinegar, Soybean and/or canola oils, Malted barley flour, Amylase.', 1),
  ('sesame-seed-bagel-95g-with-plain-cream-cheese-philadelphia-plain-cream-cheese-product-2', 'sesame-seed-bagel-95g-with-plain-cream-cheese', 'Philadelphia Plain Cream Cheese Product', 'Milk, Cream, Modified milk ingredients, Salt, Bacterial culture, Lactic acid, Carob bean gum, Potassium sorbate.', 2),
  ('egg-blt-with-plain-bagel-butter-1', 'egg-blt-with-plain-bagel', 'Butter', 'Pasteurized cream (milk), Salt, May contain annatto.', 1),
  ('egg-blt-with-plain-bagel-mayonnaise-style-sauce-2', 'egg-blt-with-plain-bagel', 'Mayonnaise-Style Sauce', 'Soybean oil, Water, Liquid egg yolk, Vinegar, Sugar, Salt, Mustard seeds, Mustard bran, Xanthan gum, Potassium sorbate, Calcium disodium EDTA.', 2),
  ('egg-blt-with-plain-bagel-leaf-lettuce-3', 'egg-blt-with-plain-bagel', 'Leaf Lettuce', 'Leaf lettuce.', 3),
  ('egg-blt-with-plain-bagel-bacon-slice-4', 'egg-blt-with-plain-bagel', 'Bacon Slice', 'Pork, Water, Salt, Sugar, Smoke flavouring, Sodium phosphate, Sodium erythorbate, Sodium nitrite, Smoke.', 4),
  ('egg-blt-with-plain-bagel-tomato-slice-5', 'egg-blt-with-plain-bagel', 'Tomato Slice', 'Sliced tomato.', 5),
  ('egg-blt-with-plain-bagel-egg-6', 'egg-blt-with-plain-bagel', 'Egg', 'Egg (Canada A grade large), cooked on a grill, lightly seasoned, with clarified butter (unsalted butter).', 6),
  ('egg-blt-with-plain-bagel-regular-bagel-7', 'egg-blt-with-plain-bagel', 'Regular Bagel', 'Enriched wheat flour, Water, Sugars (sugar, honey), Yeast, Cornmeal, Wheat gluten, Salt, Vinegar, Soybean and/or canola oils, Malted barley flour, Amylase.', 7),
  ('egg-blt-with-everything-bagel-butter-1', 'egg-blt-with-everything-bagel', 'Butter', 'Pasteurized cream (milk), Salt, May contain annatto.', 1),
  ('egg-blt-with-everything-bagel-mayonnaise-style-sauce-2', 'egg-blt-with-everything-bagel', 'Mayonnaise-Style Sauce', 'Soybean oil, Water, Liquid egg yolk, Vinegar, Sugar, Salt, Mustard seeds, Mustard bran, Xanthan gum, Potassium sorbate, Calcium disodium EDTA.', 2),
  ('egg-blt-with-everything-bagel-leaf-lettuce-3', 'egg-blt-with-everything-bagel', 'Leaf Lettuce', 'Leaf lettuce.', 3),
  ('egg-blt-with-everything-bagel-bacon-slice-4', 'egg-blt-with-everything-bagel', 'Bacon Slice', 'Pork, Water, Salt, Sugar, Smoke flavouring, Sodium phosphate, Sodium erythorbate, Sodium nitrite, Smoke.', 4),
  ('egg-blt-with-everything-bagel-tomato-slice-5', 'egg-blt-with-everything-bagel', 'Tomato Slice', 'Sliced tomato.', 5),
  ('egg-blt-with-everything-bagel-egg-6', 'egg-blt-with-everything-bagel', 'Egg', 'Egg (Canada A grade large), cooked on a grill, lightly seasoned, with clarified butter (unsalted butter).', 6),
  ('egg-blt-with-everything-bagel-everything-bagel-7', 'egg-blt-with-everything-bagel', 'Everything Bagel', 'Enriched wheat flour, Water, Sesame seeds, Sugar, Poppy seeds, Dehydrated onion, Sunflower seeds, Wheat gluten, Cornmeal, Salt, Yeast, Garlic, Vinegar, Soybean and/or canola oils, Amylase.', 7),
  ('egg-blt-with-sesame-seed-bagel-butter-1', 'egg-blt-with-sesame-seed-bagel', 'Butter', 'Pasteurized cream (milk), Salt, May contain annatto.', 1),
  ('egg-blt-with-sesame-seed-bagel-mayonnaise-style-sauce-2', 'egg-blt-with-sesame-seed-bagel', 'Mayonnaise-Style Sauce', 'Soybean oil, Water, Liquid egg yolk, Vinegar, Sugar, Salt, Mustard seeds, Mustard bran, Xanthan gum, Potassium sorbate, Calcium disodium EDTA.', 2),
  ('egg-blt-with-sesame-seed-bagel-leaf-lettuce-3', 'egg-blt-with-sesame-seed-bagel', 'Leaf Lettuce', 'Leaf lettuce.', 3),
  ('egg-blt-with-sesame-seed-bagel-bacon-slice-4', 'egg-blt-with-sesame-seed-bagel', 'Bacon Slice', 'Pork, Water, Salt, Sugar, Smoke flavouring, Sodium phosphate, Sodium erythorbate, Sodium nitrite, Smoke.', 4),
  ('egg-blt-with-sesame-seed-bagel-tomato-slice-5', 'egg-blt-with-sesame-seed-bagel', 'Tomato Slice', 'Sliced tomato.', 5),
  ('egg-blt-with-sesame-seed-bagel-egg-6', 'egg-blt-with-sesame-seed-bagel', 'Egg', 'Egg (Canada A grade large), cooked on a grill, lightly seasoned, with clarified butter (unsalted butter).', 6),
  ('egg-blt-with-sesame-seed-bagel-sesame-seed-bagel-7', 'egg-blt-with-sesame-seed-bagel', 'Sesame Seed Bagel', 'Enriched wheat flour, Water, Sesame seeds, Sugar (sugar, honey), Yeast, Cornmeal, Wheat gluten, Salt, Vinegar, Soybean and/or canola oils, Malted barley flour, Amylase.', 7),
  ('bacon-n-egg-with-plain-bagel-butter-1', 'bacon-n-egg-with-plain-bagel', 'Butter', 'Pasteurized cream (milk), Salt, May contain annatto.', 1),
  ('bacon-n-egg-with-plain-bagel-processed-cheese-2', 'bacon-n-egg-with-plain-bagel', 'Processed Cheese', 'Cheese (milk, partly skimmed milk, modified milk ingredients, salt, bacterial culture, calcium chloride, microbial enzyme, lipase, annatto), Modified milk ingredients, Water, Sodium citrate, Salt, Citric acid, Beta-carotene, Paprika, Soy lecithin.', 2),
  ('bacon-n-egg-with-plain-bagel-bacon-slice-3', 'bacon-n-egg-with-plain-bagel', 'Bacon Slice', 'Pork, Water, Salt, Sugar, Smoke flavouring, Sodium phosphate, Sodium erythorbate, Sodium nitrite, Smoke.', 3),
  ('bacon-n-egg-with-plain-bagel-egg-4', 'bacon-n-egg-with-plain-bagel', 'Egg', 'Egg (Canada A grade large), cooked on a grill, lightly seasoned, with clarified butter (unsalted butter).', 4),
  ('bacon-n-egg-with-plain-bagel-regular-bagel-5', 'bacon-n-egg-with-plain-bagel', 'Regular Bagel', 'Enriched wheat flour, Water, Sugars (sugar, honey), Yeast, Cornmeal, Wheat gluten, Salt, Vinegar, Soybean and/or canola oils, Malted barley flour, Amylase.', 5),
  ('bacon-n-egg-with-everything-bagel-butter-1', 'bacon-n-egg-with-everything-bagel', 'Butter', 'Pasteurized cream (milk), Salt, May contain annatto.', 1),
  ('bacon-n-egg-with-everything-bagel-processed-cheese-2', 'bacon-n-egg-with-everything-bagel', 'Processed Cheese', 'Cheese (milk, partly skimmed milk, modified milk ingredients, salt, bacterial culture, calcium chloride, microbial enzyme, lipase, annatto), Modified milk ingredients, Water, Sodium citrate, Salt, Citric acid, Beta-carotene, Paprika, Soy lecithin.', 2),
  ('bacon-n-egg-with-everything-bagel-bacon-slice-3', 'bacon-n-egg-with-everything-bagel', 'Bacon Slice', 'Pork, Water, Salt, Sugar, Smoke flavouring, Sodium phosphate, Sodium erythorbate, Sodium nitrite, Smoke.', 3),
  ('bacon-n-egg-with-everything-bagel-egg-4', 'bacon-n-egg-with-everything-bagel', 'Egg', 'Egg (Canada A grade large), cooked on a grill, lightly seasoned, with clarified butter (unsalted butter).', 4),
  ('bacon-n-egg-with-everything-bagel-everything-bagel-5', 'bacon-n-egg-with-everything-bagel', 'Everything Bagel', 'Enriched wheat flour, Water, Sesame seeds, Sugar, Poppy seeds, Dehydrated onion, Sunflower seeds, Wheat gluten, Cornmeal, Salt, Yeast, Garlic, Vinegar, Soybean and/or canola oils, Amylase.', 5),
  ('bacon-n-egg-with-sesame-seed-bagel-butter-1', 'bacon-n-egg-with-sesame-seed-bagel', 'Butter', 'Pasteurized cream (milk), Salt, May contain annatto.', 1),
  ('bacon-n-egg-with-sesame-seed-bagel-processed-cheese-2', 'bacon-n-egg-with-sesame-seed-bagel', 'Processed Cheese', 'Cheese (milk, partly skimmed milk, modified milk ingredients, salt, bacterial culture, calcium chloride, microbial enzyme, lipase, annatto), Modified milk ingredients, Water, Sodium citrate, Salt, Citric acid, Beta-carotene, Paprika, Soy lecithin.', 2),
  ('bacon-n-egg-with-sesame-seed-bagel-bacon-slice-3', 'bacon-n-egg-with-sesame-seed-bagel', 'Bacon Slice', 'Pork, Water, Salt, Sugar, Smoke flavouring, Sodium phosphate, Sodium erythorbate, Sodium nitrite, Smoke.', 3),
  ('bacon-n-egg-with-sesame-seed-bagel-egg-4', 'bacon-n-egg-with-sesame-seed-bagel', 'Egg', 'Egg (Canada A grade large), cooked on a grill, lightly seasoned, with clarified butter (unsalted butter).', 4),
  ('bacon-n-egg-with-sesame-seed-bagel-sesame-seed-bagel-5', 'bacon-n-egg-with-sesame-seed-bagel', 'Sesame Seed Bagel', 'Enriched wheat flour, Water, Sesame seeds, Sugar (sugar, honey), Yeast, Cornmeal, Wheat gluten, Salt, Vinegar, Soybean and/or canola oils, Malted barley flour, Amylase.', 5),
  ('sausage-n-egg-with-plain-bagel-butter-1', 'sausage-n-egg-with-plain-bagel', 'Butter', 'Pasteurized cream (milk), Salt, May contain annatto.', 1),
  ('sausage-n-egg-with-plain-bagel-processed-cheese-2', 'sausage-n-egg-with-plain-bagel', 'Processed Cheese', 'Cheese (milk, partly skimmed milk, modified milk ingredients, salt, bacterial culture, calcium chloride, microbial enzyme, lipase, annatto), Modified milk ingredients, Water, Sodium citrate, Salt, Citric acid, Beta-carotene, Paprika, Soy lecithin.', 2),
  ('sausage-n-egg-with-plain-bagel-sausage-patty-3', 'sausage-n-egg-with-plain-bagel', 'Sausage Patty', 'Pork, Water, Salt, Sugars (dextrose, sugar, glucose solids), Spices, Spice extractives.', 3),
  ('sausage-n-egg-with-plain-bagel-egg-4', 'sausage-n-egg-with-plain-bagel', 'Egg', 'Egg (Canada A grade large), cooked on a grill, lightly seasoned, with clarified butter (unsalted butter).', 4),
  ('sausage-n-egg-with-plain-bagel-regular-bagel-5', 'sausage-n-egg-with-plain-bagel', 'Regular Bagel', 'Enriched wheat flour, Water, Sugars (sugar, honey), Yeast, Cornmeal, Wheat gluten, Salt, Vinegar, Soybean and/or canola oils, Malted barley flour, Amylase.', 5),
  ('sausage-n-egg-with-everything-bagel-butter-1', 'sausage-n-egg-with-everything-bagel', 'Butter', 'Pasteurized cream (milk), Salt, May contain annatto.', 1),
  ('sausage-n-egg-with-everything-bagel-processed-cheese-2', 'sausage-n-egg-with-everything-bagel', 'Processed Cheese', 'Cheese (milk, partly skimmed milk, modified milk ingredients, salt, bacterial culture, calcium chloride, microbial enzyme, lipase, annatto), Modified milk ingredients, Water, Sodium citrate, Salt, Citric acid, Beta-carotene, Paprika, Soy lecithin.', 2),
  ('sausage-n-egg-with-everything-bagel-sausage-patty-3', 'sausage-n-egg-with-everything-bagel', 'Sausage Patty', 'Pork, Water, Salt, Sugars (dextrose, sugar, glucose solids), Spices, Spice extractives.', 3),
  ('sausage-n-egg-with-everything-bagel-egg-4', 'sausage-n-egg-with-everything-bagel', 'Egg', 'Egg (Canada A grade large), cooked on a grill, lightly seasoned, with clarified butter (unsalted butter).', 4),
  ('sausage-n-egg-with-everything-bagel-everything-bagel-5', 'sausage-n-egg-with-everything-bagel', 'Everything Bagel', 'Enriched wheat flour, Water, Sesame seeds, Sugar, Poppy seeds, Dehydrated onion, Sunflower seeds, Wheat gluten, Cornmeal, Salt, Yeast, Garlic, Vinegar, Soybean and/or canola oils, Amylase.', 5),
  ('sausage-n-egg-with-sesame-seed-bagel-butter-1', 'sausage-n-egg-with-sesame-seed-bagel', 'Butter', 'Pasteurized cream (milk), Salt, May contain annatto.', 1),
  ('sausage-n-egg-with-sesame-seed-bagel-processed-cheese-2', 'sausage-n-egg-with-sesame-seed-bagel', 'Processed Cheese', 'Cheese (milk, partly skimmed milk, modified milk ingredients, salt, bacterial culture, calcium chloride, microbial enzyme, lipase, annatto), Modified milk ingredients, Water, Sodium citrate, Salt, Citric acid, Beta-carotene, Paprika, Soy lecithin.', 2),
  ('sausage-n-egg-with-sesame-seed-bagel-sausage-patty-3', 'sausage-n-egg-with-sesame-seed-bagel', 'Sausage Patty', 'Pork, Water, Salt, Sugars (dextrose, sugar, glucose solids), Spices, Spice extractives.', 3),
  ('sausage-n-egg-with-sesame-seed-bagel-egg-4', 'sausage-n-egg-with-sesame-seed-bagel', 'Egg', 'Egg (Canada A grade large), cooked on a grill, lightly seasoned, with clarified butter (unsalted butter).', 4),
  ('sausage-n-egg-with-sesame-seed-bagel-sesame-seed-bagel-5', 'sausage-n-egg-with-sesame-seed-bagel', 'Sesame Seed Bagel', 'Enriched wheat flour, Water, Sesame seeds, Sugar (sugar, honey), Yeast, Cornmeal, Wheat gluten, Salt, Vinegar, Soybean and/or canola oils, Malted barley flour, Amylase.', 5),
  ('chicken-mcgriddles-junior-chicken-patty-1', 'chicken-mcgriddles', 'Junior Chicken Patty', 'Chicken, Wheat flour, Liquid vegetable oil shortening (canola oil, corn oil, hydrogenated soybean oil), Toasted wheat crumb, Water, Chicken skin, Modified corn starch, Salt, Spice, Potassium chloride, Wheat gluten, Vegetable oil, Natural flavour, Baking soda, Garlic powder, Baking powder. Cooked in vegetable oil (high oleic low linoleic canola oil and/or canola oil, corn oil, soybean oil, hydrogenated soybean oil, citric acid, dimethylpolysiloxane).', 1),
  ('chicken-mcgriddles-mcgriddles-cakes-2', 'chicken-mcgriddles', 'McGriddles Cakes', 'Water, Enriched flour, Sugars (sugar, dextrose, brown sugar), Modified palm oil shortening, Baking powder, Soybean oil, Rice flour, Whey powder, Salt, Natural flavours, Modified tapioca starch, Buttermilk powder, Caramel colour, Soy lecithin.', 2),
  ('bacon-egg-cheese-mcgriddles-bacon-slice-1', 'bacon-egg-cheese-mcgriddles', 'Bacon Slice', 'Pork, Water, Salt, Sugar, Smoke flavouring, Sodium phosphate, Sodium erythorbate, Sodium nitrite, Smoke.', 1),
  ('bacon-egg-cheese-mcgriddles-processed-cheese-2', 'bacon-egg-cheese-mcgriddles', 'Processed Cheese', 'Cheese (milk, partly skimmed milk, modified milk ingredients, salt, bacterial culture, calcium chloride, microbial enzyme, lipase, annatto), Modified milk ingredients, Water, Sodium citrate, Salt, Citric acid, Beta-carotene, Paprika, Soy lecithin.', 2),
  ('bacon-egg-cheese-mcgriddles-egg-3', 'bacon-egg-cheese-mcgriddles', 'Egg', 'Egg (Canada A grade large), cooked on a grill, lightly seasoned, with clarified butter (unsalted butter).', 3),
  ('bacon-egg-cheese-mcgriddles-mcgriddles-cakes-4', 'bacon-egg-cheese-mcgriddles', 'McGriddles Cakes', 'Water, Enriched flour, Sugars (sugar, dextrose, brown sugar), Modified palm oil shortening, Baking powder, Soybean oil, Rice flour, Whey powder, Salt, Natural flavours, Modified tapioca starch, Buttermilk powder, Caramel colour, Soy lecithin.', 4),
  ('sausage-egg-cheese-mcgriddles-processed-cheese-1', 'sausage-egg-cheese-mcgriddles', 'Processed Cheese', 'Cheese (milk, partly skimmed milk, modified milk ingredients, salt, bacterial culture, calcium chloride, microbial enzyme, lipase, annatto), Modified milk ingredients, Water, Sodium citrate, Salt, Citric acid, Beta-carotene, Paprika, Soy lecithin.', 1),
  ('sausage-egg-cheese-mcgriddles-sausage-patty-2', 'sausage-egg-cheese-mcgriddles', 'Sausage Patty', 'Pork, Water, Salt, Sugars (dextrose, sugar, glucose solids), Spices, Spice extractives.', 2),
  ('sausage-egg-cheese-mcgriddles-egg-3', 'sausage-egg-cheese-mcgriddles', 'Egg', 'Egg (Canada A grade large), cooked on a grill, lightly seasoned, with clarified butter (unsalted butter).', 3),
  ('sausage-egg-cheese-mcgriddles-mcgriddles-cakes-4', 'sausage-egg-cheese-mcgriddles', 'McGriddles Cakes', 'Water, Enriched flour, Sugars (sugar, dextrose, brown sugar), Modified palm oil shortening, Baking powder, Soybean oil, Rice flour, Whey powder, Salt, Natural flavours, Modified tapioca starch, Buttermilk powder, Caramel colour, Soy lecithin.', 4),
  ('sausage-mcgriddles-sausage-patty-1', 'sausage-mcgriddles', 'Sausage Patty', 'Pork, Water, Salt, Sugars (dextrose, sugar, glucose solids), Spices, Spice extractives.', 1),
  ('sausage-mcgriddles-mcgriddles-cakes-2', 'sausage-mcgriddles', 'McGriddles Cakes', 'Water, Enriched flour, Sugars (sugar, dextrose, brown sugar), Modified palm oil shortening, Baking powder, Soybean oil, Rice flour, Whey powder, Salt, Natural flavours, Modified tapioca starch, Buttermilk powder, Caramel colour, Soy lecithin.', 2),
  ('breakfast-burrito-processed-cheese-1', 'breakfast-burrito', 'Processed Cheese', 'Cheese (milk, partly skimmed milk, modified milk ingredients, salt, bacterial culture, calcium chloride, microbial enzyme, lipase, annatto), Modified milk ingredients, Water, Sodium citrate, Salt, Citric acid, Beta-carotene, Paprika, Soy lecithin.', 1),
  ('breakfast-burrito-white-flour-tortilla-2', 'breakfast-burrito', 'White Flour Tortilla', 'Enriched bleached wheat flour,  Water, Vegetable shortening (interesterified soybean oil, fully hydrogenated soybean oil), Sugar, Baking powder (sodium bicarbonate, corn starch, sodium aluminum sulfate, calcium sulfate, monocalcium phosphate), Potassium chloride, Monoglycerides, Salt, Vital wheat gluten, Sodium metabisulfite.', 2),
  ('breakfast-burrito-egg-mixture-3', 'breakfast-burrito', 'Egg Mixture', 'Scrambled egg (whole egg, skim milk, modified corn starch, soybean oil, salt, xanthan gum, spices, citric acid, natural flavours [plant source]), Sausage crumbles (pork, water, salt, dextrose, spices, rosemary extract, sugar), Vegetables (tomatoes, green chilies, onions, calcium chloride).', 3),
  ('english-muffin-with-butter-english-muffin-1', 'english-muffin-with-butter', 'English Muffin', 'Enriched wheat flour, Water, Yeast, Corn meal and corn flour, Vegetable oil (canola and/or soy oil), Salt, Sugars (sugar, barley malt), May contain any or all of the following in varying proportions: Monoglycerides, Diacetylated tartaric acid esters of mono- and diglycerides, Monocalcium phosphate, Ascorbic acid, Enzymes, Cultured wheat flour, Citric acid, Calcium citrate, Corn starch, Wheat gluten, Fumaric acid, Malted barley flour.', 1),
  ('english-muffin-with-butter-butter-2', 'english-muffin-with-butter', 'Butter', 'Pasteurized cream (milk), Salt, May contain annatto.', 2),
  ('hash-browns-hashbrowns-1', 'hash-browns', 'Hashbrowns', 'Potatoes, High oleic low linolenic canola oil and/or canola oil, Hydrogenated soybean oil, Natural flavour (vegetable source), Salt, Dehydrated potato, Vegetable mono and diglycerides, Corn flour, Sugars (dextrose), Sodium acid pyrophosphate (maintain colour), Extractives of black pepper, Citric acid (preservative), Dimethylpolysiloxane (antifoaming agent). Cooked in vegetable oil (high oleic low linoleic canola oil and/or canola oil, corn oil, soybean oil, hydrogenated soybean oil, citric acid, dimethylpolysiloxane)', 1),
  ('hotcakes-with-syrup-and-butter-hotcakes-1', 'hotcakes-with-syrup-and-butter', 'Hotcakes', 'Water, Enriched wheat flour, Sugars (sugar, dextrose), Whey, Corn flour, Soybean oil, Liquid whole eggs, Salt, Baking soda, Xanthan gum, Sodium aluminum phosphate, Monocalcium phosphate, Propylene glycol monostearate, Monoglycerides, Sodium stearoyl-lactate, Natural flavour, Beta-carotene (colour).', 1),
  ('hotcakes-with-syrup-and-butter-hotcake-syrup-2', 'hotcakes-with-syrup-and-butter', 'Hotcake Syrup', 'Sugars (sugar/glucose-fructose, maple syrup), Water, Natural flavour, Caramel.', 2),
  ('hotcakes-with-syrup-and-butter-butter-portion-whipped-3', 'hotcakes-with-syrup-and-butter', 'Butter Portion - Whipped', 'Cream, salt, may contain colour', 3),
  ('hotcakes-hotcakes-1', 'hotcakes', 'Hotcakes', 'Water, Enriched wheat flour, Sugars (sugar, dextrose), Whey, Corn flour, Soybean oil, Liquid whole eggs, Salt, Baking soda, Xanthan gum, Sodium aluminum phosphate, Monocalcium phosphate, Propylene glycol monostearate, Monoglycerides, Sodium stearoyl-lactate, Natural flavour, Beta-carotene (colour).', 1),
  ('hockey-hero-burger-grill-seasoning-1', 'hockey-hero-burger', 'Grill Seasoning', 'Salt, Spice (pepper), Sunflower oil (used as a processing aid).', 1),
  ('hockey-hero-burger-onions-dehydrated-2', 'hockey-hero-burger', 'Onions (dehydrated)', '100% onions.', 2),
  ('hockey-hero-burger-mayonnaise-style-sauce-3', 'hockey-hero-burger', 'Mayonnaise-Style Sauce', 'Soybean oil, Water, Liquid egg yolk, Vinegar, Sugar, Salt, Mustard seeds, Mustard bran, Xanthan gum, Potassium sorbate, Calcium disodium EDTA.', 3),
  ('hockey-hero-burger-bacon-slice-4', 'hockey-hero-burger', 'Bacon Slice', 'Pork, Water, Salt, Sugar, Smoke flavouring, Sodium phosphate, Sodium erythorbate, Sodium nitrite, Smoke.', 4),
  ('hockey-hero-burger-processed-cheese-5', 'hockey-hero-burger', 'Processed Cheese', 'Cheese (milk, partly skimmed milk, modified milk ingredients, salt, bacterial culture, calcium chloride, microbial enzyme, lipase, annatto), Modified milk ingredients, Water, Sodium citrate, Salt, Citric acid, Beta-carotene, Paprika, Soy lecithin.', 5),
  ('hockey-hero-burger-lettuce-6', 'hockey-hero-burger', 'Lettuce', 'Shredded iceberg lettuce.', 6),
  ('hockey-hero-burger-homestyle-mcrib-roll-7', 'hockey-hero-burger', 'Homestyle McRib Roll', 'Enriched flour, Water, Sugar, Yeast, Soybean oil, Corn meal, Salt, Wheat gluten, Mono- and diglycerides, Vinegar, Ascorbic acid, Wheat starch, Enzymes.', 7),
  ('hockey-hero-burger-beef-patty-8', 'hockey-hero-burger', 'Beef Patty', '100% pure beef.', 8),
  ('cheeseburger-deluxe-mustard-1', 'cheeseburger-deluxe', 'Mustard', 'Water, Vinegar, Mustard seed, Salt, Turmeric, Natural flavour (plant source), Spice.', 1),
  ('cheeseburger-deluxe-grill-seasoning-2', 'cheeseburger-deluxe', 'Grill Seasoning', 'Salt, Spice (pepper), Sunflower oil (used as a processing aid).', 2),
  ('cheeseburger-deluxe-onions-dehydrated-3', 'cheeseburger-deluxe', 'Onions (dehydrated)', '100% onions.', 3),
  ('cheeseburger-deluxe-pickle-slices-4', 'cheeseburger-deluxe', 'Pickle Slices', 'Cucumbers, Water, Distilled vinegar, Salt, Calcium chloride, Potassium sorbate (preservative), Aluminum sulphate, Natural flavour (plant source), Polysorbate 80, Extractives of tumeric (colour).', 4),
  ('cheeseburger-deluxe-mayonnaise-style-sauce-5', 'cheeseburger-deluxe', 'Mayonnaise-Style Sauce', 'Soybean oil, Water, Liquid egg yolk, Vinegar, Sugar, Salt, Mustard seeds, Mustard bran, Xanthan gum, Potassium sorbate, Calcium disodium EDTA.', 5),
  ('cheeseburger-deluxe-ketchup-6', 'cheeseburger-deluxe', 'Ketchup', 'Tomato paste, Sugars (sugar/glucose-fructose), Water, Vinegar, Salt, Natural flavour.', 6),
  ('cheeseburger-deluxe-processed-cheese-7', 'cheeseburger-deluxe', 'Processed Cheese', 'Cheese (milk, partly skimmed milk, modified milk ingredients, salt, bacterial culture, calcium chloride, microbial enzyme, lipase, annatto), Modified milk ingredients, Water, Sodium citrate, Salt, Citric acid, Beta-carotene, Paprika, Soy lecithin.', 7),
  ('cheeseburger-deluxe-lettuce-8', 'cheeseburger-deluxe', 'Lettuce', 'Shredded iceberg lettuce.', 8),
  ('cheeseburger-deluxe-tomato-slice-9', 'cheeseburger-deluxe', 'Tomato Slice', 'Sliced tomato.', 9),
  ('cheeseburger-deluxe-beef-patty-10', 'cheeseburger-deluxe', 'Beef Patty', '100% pure beef.', 10),
  ('cheeseburger-deluxe-regular-bun-11', 'cheeseburger-deluxe', 'Regular Bun', 'Enriched wheat flour, Water, Sugars (sugar, corn dextrose, corn maltodextrin), Yeast, Vegetable oil (canola and/or soy), Vegetable proteins (pea, potato, faba bean), Sunflower oil, Corn starch, Salt, May contain and or all of the following in varying proportions: Wheat gluten, Dough conditioners (monoglycerides, datem, ascorbic acid, enzymes), Vinegar.', 11),
  ('double-hamburger-beef-patty-1', 'double-hamburger', 'Beef Patty', '100% pure beef.', 1),
  ('double-hamburger-regular-bun-2', 'double-hamburger', 'Regular Bun', 'Enriched wheat flour, Water, Sugars (sugar, corn dextrose, corn maltodextrin), Yeast, Vegetable oil (canola and/or soy), Vegetable proteins (pea, potato, faba bean), Sunflower oil, Corn starch, Salt, May contain and or all of the following in varying proportions: Wheat gluten, Dough conditioners (monoglycerides, datem, ascorbic acid, enzymes), Vinegar.', 2),
  ('double-hamburger-ketchup-3', 'double-hamburger', 'Ketchup', 'Tomato paste, Sugars (sugar/glucose-fructose), Water, Vinegar, Salt, Natural flavour.', 3),
  ('double-hamburger-pickle-slices-4', 'double-hamburger', 'Pickle Slices', 'Cucumbers, Water, Distilled vinegar, Salt, Calcium chloride, Potassium sorbate (preservative), Aluminum sulphate, Natural flavour (plant source), Polysorbate 80, Extractives of tumeric (colour).', 4),
  ('double-hamburger-onions-dehydrated-5', 'double-hamburger', 'Onions (dehydrated)', '100% onions.', 5),
  ('double-hamburger-grill-seasoning-6', 'double-hamburger', 'Grill Seasoning', 'Salt, Spice (pepper), Sunflower oil (used as a processing aid).', 6),
  ('double-hamburger-mustard-7', 'double-hamburger', 'Mustard', 'Water, Vinegar, Mustard seed, Salt, Turmeric, Natural flavour (plant source), Spice.', 7),
  ('big-mac-sandwich-grill-seasoning-1', 'big-mac-sandwich', 'Grill Seasoning', 'Salt, Spice (pepper), Sunflower oil (used as a processing aid).', 1),
  ('big-mac-sandwich-pickle-slices-2', 'big-mac-sandwich', 'Pickle Slices', 'Cucumbers, Water, Distilled vinegar, Salt, Calcium chloride, Potassium sorbate (preservative), Aluminum sulphate, Natural flavour (plant source), Polysorbate 80, Extractives of tumeric (colour).', 2),
  ('big-mac-sandwich-onions-dehydrated-3', 'big-mac-sandwich', 'Onions (dehydrated)', '100% onions.', 3),
  ('big-mac-sandwich-processed-cheese-4', 'big-mac-sandwich', 'Processed Cheese', 'Cheese (milk, partly skimmed milk, modified milk ingredients, salt, bacterial culture, calcium chloride, microbial enzyme, lipase, annatto), Modified milk ingredients, Water, Sodium citrate, Salt, Citric acid, Beta-carotene, Paprika, Soy lecithin.', 4),
  ('big-mac-sandwich-big-mac-sauce-5', 'big-mac-sandwich', 'Big Mac Sauce', 'Soybean oil, Water, Sugars (sugar, glucose-fructose, glucose syrup), Pickles, Vinegar, Liquid egg yolk, Salt, Onion powder, Mustard seed, Mustard flour, Garlic powder, Extractives of paprika, Propylene glycol alginate, Hydrolyzed (corn, soy, wheat) protein, Caramel (colour), Xanthan gum, Natural flavours, Calcium chloride, Turmeric, Spices.', 5),
  ('big-mac-sandwich-lettuce-6', 'big-mac-sandwich', 'Lettuce', 'Shredded iceberg lettuce.', 6),
  ('big-mac-sandwich-beef-patty-7', 'big-mac-sandwich', 'Beef Patty', '100% pure beef.', 7),
  ('big-mac-sandwich-big-mac-bun-8', 'big-mac-sandwich', 'Big Mac Bun', 'Enriched wheat flour, Water, Sugars (sugar, corn dextrose, corn maltodextrin), Yeast, Vegetable oil (canola and/or soy), Vegetable protein (pea, potato, faba bean), Sunflower oil, Corn starch, Sesame seeds, Salt, May contain any or all in varying proportions: Wheat gluten, Potato starch, Dough conditioners (DATEM, ascorbic acid, enzymes), Natural flavour, Corn starch, Vinegar.', 8),
  ('double-big-mac-200946-grill-seasoning-1', 'double-big-mac-200946', 'Grill Seasoning', 'Salt, Spice (pepper), Sunflower oil (used as a processing aid).', 1),
  ('double-big-mac-200946-pickle-slices-2', 'double-big-mac-200946', 'Pickle Slices', 'Cucumbers, Water, Distilled vinegar, Salt, Calcium chloride, Potassium sorbate (preservative), Aluminum sulphate, Natural flavour (plant source), Polysorbate 80, Extractives of tumeric (colour).', 2),
  ('double-big-mac-200946-processed-cheese-3', 'double-big-mac-200946', 'Processed Cheese', 'Cheese (milk, partly skimmed milk, modified milk ingredients, salt, bacterial culture, calcium chloride, microbial enzyme, lipase, annatto), Modified milk ingredients, Water, Sodium citrate, Salt, Citric acid, Beta-carotene, Paprika, Soy lecithin.', 3),
  ('double-big-mac-200946-onions-dehydrated-4', 'double-big-mac-200946', 'Onions (dehydrated)', '100% onions.', 4),
  ('double-big-mac-200946-big-mac-sauce-5', 'double-big-mac-200946', 'Big Mac Sauce', 'Soybean oil, Water, Sugars (sugar, glucose-fructose, glucose syrup), Pickles, Vinegar, Liquid egg yolk, Salt, Onion powder, Mustard seed, Mustard flour, Garlic powder, Extractives of paprika, Propylene glycol alginate, Hydrolyzed (corn, soy, wheat) protein, Caramel (colour), Xanthan gum, Natural flavours, Calcium chloride, Turmeric, Spices.', 5),
  ('double-big-mac-200946-lettuce-6', 'double-big-mac-200946', 'Lettuce', 'Shredded iceberg lettuce.', 6),
  ('double-big-mac-200946-big-mac-bun-7', 'double-big-mac-200946', 'Big Mac Bun', 'Enriched wheat flour, Water, Sugars (sugar, corn dextrose, corn maltodextrin), Yeast, Vegetable oil (canola and/or soy), Vegetable protein (pea, potato, faba bean), Sunflower oil, Corn starch, Sesame seeds, Salt, May contain any or all in varying proportions: Wheat gluten, Potato starch, Dough conditioners (DATEM, ascorbic acid, enzymes), Natural flavour, Corn starch, Vinegar.', 7),
  ('double-big-mac-200946-beef-patty-8', 'double-big-mac-200946', 'Beef Patty', '100% pure beef.', 8),
  ('hamburger-regular-bun-1', 'hamburger', 'Regular Bun', 'Enriched wheat flour, Water, Sugars (sugar, corn dextrose, corn maltodextrin), Yeast, Vegetable oil (canola and/or soy), Vegetable proteins (pea, potato, faba bean), Sunflower oil, Corn starch, Salt, May contain and or all of the following in varying proportions: Wheat gluten, Dough conditioners (monoglycerides, datem, ascorbic acid, enzymes), Vinegar.', 1),
  ('hamburger-beef-patty-2', 'hamburger', 'Beef Patty', '100% pure beef.', 2),
  ('hamburger-ketchup-3', 'hamburger', 'Ketchup', 'Tomato paste, Sugars (sugar/glucose-fructose), Water, Vinegar, Salt, Natural flavour.', 3),
  ('hamburger-pickle-slices-4', 'hamburger', 'Pickle Slices', 'Cucumbers, Water, Distilled vinegar, Salt, Calcium chloride, Potassium sorbate (preservative), Aluminum sulphate, Natural flavour (plant source), Polysorbate 80, Extractives of tumeric (colour).', 4),
  ('hamburger-onions-dehydrated-5', 'hamburger', 'Onions (dehydrated)', '100% onions.', 5),
  ('hamburger-mustard-6', 'hamburger', 'Mustard', 'Water, Vinegar, Mustard seed, Salt, Turmeric, Natural flavour (plant source), Spice.', 6),
  ('hamburger-grill-seasoning-7', 'hamburger', 'Grill Seasoning', 'Salt, Spice (pepper), Sunflower oil (used as a processing aid).', 7),
  ('mcdouble-mustard-1', 'mcdouble', 'Mustard', 'Water, Vinegar, Mustard seed, Salt, Turmeric, Natural flavour (plant source), Spice.', 1),
  ('mcdouble-grill-seasoning-2', 'mcdouble', 'Grill Seasoning', 'Salt, Spice (pepper), Sunflower oil (used as a processing aid).', 2),
  ('mcdouble-onions-dehydrated-3', 'mcdouble', 'Onions (dehydrated)', '100% onions.', 3),
  ('mcdouble-pickle-slices-4', 'mcdouble', 'Pickle Slices', 'Cucumbers, Water, Distilled vinegar, Salt, Calcium chloride, Potassium sorbate (preservative), Aluminum sulphate, Natural flavour (plant source), Polysorbate 80, Extractives of tumeric (colour).', 4),
  ('mcdouble-ketchup-5', 'mcdouble', 'Ketchup', 'Tomato paste, Sugars (sugar/glucose-fructose), Water, Vinegar, Salt, Natural flavour.', 5),
  ('mcdouble-processed-cheese-6', 'mcdouble', 'Processed Cheese', 'Cheese (milk, partly skimmed milk, modified milk ingredients, salt, bacterial culture, calcium chloride, microbial enzyme, lipase, annatto), Modified milk ingredients, Water, Sodium citrate, Salt, Citric acid, Beta-carotene, Paprika, Soy lecithin.', 6),
  ('mcdouble-regular-bun-7', 'mcdouble', 'Regular Bun', 'Enriched wheat flour, Water, Sugars (sugar, corn dextrose, corn maltodextrin), Yeast, Vegetable oil (canola and/or soy), Vegetable proteins (pea, potato, faba bean), Sunflower oil, Corn starch, Salt, May contain and or all of the following in varying proportions: Wheat gluten, Dough conditioners (monoglycerides, datem, ascorbic acid, enzymes), Vinegar.', 7),
  ('mcdouble-beef-patty-8', 'mcdouble', 'Beef Patty', '100% pure beef.', 8),
  ('cheeseburger-grill-seasoning-1', 'cheeseburger', 'Grill Seasoning', 'Salt, Spice (pepper), Sunflower oil (used as a processing aid).', 1),
  ('cheeseburger-mustard-2', 'cheeseburger', 'Mustard', 'Water, Vinegar, Mustard seed, Salt, Turmeric, Natural flavour (plant source), Spice.', 2),
  ('cheeseburger-onions-dehydrated-3', 'cheeseburger', 'Onions (dehydrated)', '100% onions.', 3),
  ('cheeseburger-pickle-slices-4', 'cheeseburger', 'Pickle Slices', 'Cucumbers, Water, Distilled vinegar, Salt, Calcium chloride, Potassium sorbate (preservative), Aluminum sulphate, Natural flavour (plant source), Polysorbate 80, Extractives of tumeric (colour).', 4),
  ('cheeseburger-ketchup-5', 'cheeseburger', 'Ketchup', 'Tomato paste, Sugars (sugar/glucose-fructose), Water, Vinegar, Salt, Natural flavour.', 5),
  ('cheeseburger-processed-cheese-6', 'cheeseburger', 'Processed Cheese', 'Cheese (milk, partly skimmed milk, modified milk ingredients, salt, bacterial culture, calcium chloride, microbial enzyme, lipase, annatto), Modified milk ingredients, Water, Sodium citrate, Salt, Citric acid, Beta-carotene, Paprika, Soy lecithin.', 6),
  ('cheeseburger-beef-patty-7', 'cheeseburger', 'Beef Patty', '100% pure beef.', 7),
  ('cheeseburger-regular-bun-8', 'cheeseburger', 'Regular Bun', 'Enriched wheat flour, Water, Sugars (sugar, corn dextrose, corn maltodextrin), Yeast, Vegetable oil (canola and/or soy), Vegetable proteins (pea, potato, faba bean), Sunflower oil, Corn starch, Salt, May contain and or all of the following in varying proportions: Wheat gluten, Dough conditioners (monoglycerides, datem, ascorbic acid, enzymes), Vinegar.', 8),
  ('double-cheeseburger-mustard-1', 'double-cheeseburger', 'Mustard', 'Water, Vinegar, Mustard seed, Salt, Turmeric, Natural flavour (plant source), Spice.', 1),
  ('double-cheeseburger-grill-seasoning-2', 'double-cheeseburger', 'Grill Seasoning', 'Salt, Spice (pepper), Sunflower oil (used as a processing aid).', 2),
  ('double-cheeseburger-onions-dehydrated-3', 'double-cheeseburger', 'Onions (dehydrated)', '100% onions.', 3),
  ('double-cheeseburger-pickle-slices-4', 'double-cheeseburger', 'Pickle Slices', 'Cucumbers, Water, Distilled vinegar, Salt, Calcium chloride, Potassium sorbate (preservative), Aluminum sulphate, Natural flavour (plant source), Polysorbate 80, Extractives of tumeric (colour).', 4),
  ('double-cheeseburger-ketchup-5', 'double-cheeseburger', 'Ketchup', 'Tomato paste, Sugars (sugar/glucose-fructose), Water, Vinegar, Salt, Natural flavour.', 5),
  ('double-cheeseburger-processed-cheese-6', 'double-cheeseburger', 'Processed Cheese', 'Cheese (milk, partly skimmed milk, modified milk ingredients, salt, bacterial culture, calcium chloride, microbial enzyme, lipase, annatto), Modified milk ingredients, Water, Sodium citrate, Salt, Citric acid, Beta-carotene, Paprika, Soy lecithin.', 6),
  ('double-cheeseburger-regular-bun-7', 'double-cheeseburger', 'Regular Bun', 'Enriched wheat flour, Water, Sugars (sugar, corn dextrose, corn maltodextrin), Yeast, Vegetable oil (canola and/or soy), Vegetable proteins (pea, potato, faba bean), Sunflower oil, Corn starch, Salt, May contain and or all of the following in varying proportions: Wheat gluten, Dough conditioners (monoglycerides, datem, ascorbic acid, enzymes), Vinegar.', 7),
  ('double-cheeseburger-beef-patty-8', 'double-cheeseburger', 'Beef Patty', '100% pure beef.', 8),
  ('quarter-pounder-with-cheese-grill-seasoning-1', 'quarter-pounder-with-cheese', 'Grill Seasoning', 'Salt, Spice (pepper), Sunflower oil (used as a processing aid).', 1),
  ('quarter-pounder-with-cheese-mustard-2', 'quarter-pounder-with-cheese', 'Mustard', 'Water, Vinegar, Mustard seed, Salt, Turmeric, Natural flavour (plant source), Spice.', 2),
  ('quarter-pounder-with-cheese-slivered-onions-3', 'quarter-pounder-with-cheese', 'Slivered Onions', 'Onions.', 3),
  ('quarter-pounder-with-cheese-pickle-slices-4', 'quarter-pounder-with-cheese', 'Pickle Slices', 'Cucumbers, Water, Distilled vinegar, Salt, Calcium chloride, Potassium sorbate (preservative), Aluminum sulphate, Natural flavour (plant source), Polysorbate 80, Extractives of tumeric (colour).', 4),
  ('quarter-pounder-with-cheese-ketchup-5', 'quarter-pounder-with-cheese', 'Ketchup', 'Tomato paste, Sugars (sugar/glucose-fructose), Water, Vinegar, Salt, Natural flavour.', 5),
  ('quarter-pounder-with-cheese-processed-cheese-6', 'quarter-pounder-with-cheese', 'Processed Cheese', 'Cheese (milk, partly skimmed milk, modified milk ingredients, salt, bacterial culture, calcium chloride, microbial enzyme, lipase, annatto), Modified milk ingredients, Water, Sodium citrate, Salt, Citric acid, Beta-carotene, Paprika, Soy lecithin.', 6),
  ('quarter-pounder-with-cheese-sesame-seed-bun-7', 'quarter-pounder-with-cheese', 'Sesame Seed Bun', 'Enriched wheat flour, Water, Sugars (sugar, corn dextrose, corn maltodextrin), Yeast, Vegetable oil (canola and/or soy), Sesame seeds, Vegetable proteins (pea, potato, fava bean), Sunflower oil, Corn starch, Salt, May contain any or all of the following in varying proportions:  Wheat gluten, Guar gum, Dough conditioner (monoglycerides, DATEM, ascorbic acid, enzymes), Tricalcium phosphate, Natural flavour, Corn starch, Soybean oil, Vinegar.', 7),
  ('quarter-pounder-with-cheese-quarter-pounder-beef-patty-8', 'quarter-pounder-with-cheese', 'Quarter Pounder Beef Patty', '100% pure beef.', 8),
  ('quarter-pounder-without-cheese-quarter-pounder-beef-patty-1', 'quarter-pounder-without-cheese', 'Quarter Pounder Beef Patty', '100% pure beef.', 1),
  ('quarter-pounder-without-cheese-sesame-seed-bun-2', 'quarter-pounder-without-cheese', 'Sesame Seed Bun', 'Enriched wheat flour, Water, Sugars (sugar, corn dextrose, corn maltodextrin), Yeast, Vegetable oil (canola and/or soy), Sesame seeds, Vegetable proteins (pea, potato, fava bean), Sunflower oil, Corn starch, Salt, May contain any or all of the following in varying proportions:  Wheat gluten, Guar gum, Dough conditioner (monoglycerides, DATEM, ascorbic acid, enzymes), Tricalcium phosphate, Natural flavour, Corn starch, Soybean oil, Vinegar.', 2),
  ('quarter-pounder-without-cheese-ketchup-3', 'quarter-pounder-without-cheese', 'Ketchup', 'Tomato paste, Sugars (sugar/glucose-fructose), Water, Vinegar, Salt, Natural flavour.', 3),
  ('quarter-pounder-without-cheese-slivered-onions-4', 'quarter-pounder-without-cheese', 'Slivered Onions', 'Onions.', 4),
  ('quarter-pounder-without-cheese-pickle-slices-5', 'quarter-pounder-without-cheese', 'Pickle Slices', 'Cucumbers, Water, Distilled vinegar, Salt, Calcium chloride, Potassium sorbate (preservative), Aluminum sulphate, Natural flavour (plant source), Polysorbate 80, Extractives of tumeric (colour).', 5),
  ('quarter-pounder-without-cheese-mustard-6', 'quarter-pounder-without-cheese', 'Mustard', 'Water, Vinegar, Mustard seed, Salt, Turmeric, Natural flavour (plant source), Spice.', 6),
  ('quarter-pounder-without-cheese-grill-seasoning-7', 'quarter-pounder-without-cheese', 'Grill Seasoning', 'Salt, Spice (pepper), Sunflower oil (used as a processing aid).', 7),
  ('double-quarter-pounder-with-cheese-mustard-1', 'double-quarter-pounder-with-cheese', 'Mustard', 'Water, Vinegar, Mustard seed, Salt, Turmeric, Natural flavour (plant source), Spice.', 1),
  ('double-quarter-pounder-with-cheese-grill-seasoning-2', 'double-quarter-pounder-with-cheese', 'Grill Seasoning', 'Salt, Spice (pepper), Sunflower oil (used as a processing aid).', 2),
  ('double-quarter-pounder-with-cheese-pickle-slices-3', 'double-quarter-pounder-with-cheese', 'Pickle Slices', 'Cucumbers, Water, Distilled vinegar, Salt, Calcium chloride, Potassium sorbate (preservative), Aluminum sulphate, Natural flavour (plant source), Polysorbate 80, Extractives of tumeric (colour).', 3),
  ('double-quarter-pounder-with-cheese-slivered-onions-4', 'double-quarter-pounder-with-cheese', 'Slivered Onions', 'Onions.', 4),
  ('double-quarter-pounder-with-cheese-ketchup-5', 'double-quarter-pounder-with-cheese', 'Ketchup', 'Tomato paste, Sugars (sugar/glucose-fructose), Water, Vinegar, Salt, Natural flavour.', 5),
  ('double-quarter-pounder-with-cheese-processed-cheese-6', 'double-quarter-pounder-with-cheese', 'Processed Cheese', 'Cheese (milk, partly skimmed milk, modified milk ingredients, salt, bacterial culture, calcium chloride, microbial enzyme, lipase, annatto), Modified milk ingredients, Water, Sodium citrate, Salt, Citric acid, Beta-carotene, Paprika, Soy lecithin.', 6),
  ('double-quarter-pounder-with-cheese-sesame-seed-bun-7', 'double-quarter-pounder-with-cheese', 'Sesame Seed Bun', 'Enriched wheat flour, Water, Sugars (sugar, corn dextrose, corn maltodextrin), Yeast, Vegetable oil (canola and/or soy), Sesame seeds, Vegetable proteins (pea, potato, fava bean), Sunflower oil, Corn starch, Salt, May contain any or all of the following in varying proportions:  Wheat gluten, Guar gum, Dough conditioner (monoglycerides, DATEM, ascorbic acid, enzymes), Tricalcium phosphate, Natural flavour, Corn starch, Soybean oil, Vinegar.', 7),
  ('double-quarter-pounder-with-cheese-quarter-pounder-beef-patty-8', 'double-quarter-pounder-with-cheese', 'Quarter Pounder Beef Patty', '100% pure beef.', 8),
  ('double-quarter-pounder-without-cheese-mustard-1', 'double-quarter-pounder-without-cheese', 'Mustard', 'Water, Vinegar, Mustard seed, Salt, Turmeric, Natural flavour (plant source), Spice.', 1),
  ('double-quarter-pounder-without-cheese-grill-seasoning-2', 'double-quarter-pounder-without-cheese', 'Grill Seasoning', 'Salt, Spice (pepper), Sunflower oil (used as a processing aid).', 2),
  ('double-quarter-pounder-without-cheese-pickle-slices-3', 'double-quarter-pounder-without-cheese', 'Pickle Slices', 'Cucumbers, Water, Distilled vinegar, Salt, Calcium chloride, Potassium sorbate (preservative), Aluminum sulphate, Natural flavour (plant source), Polysorbate 80, Extractives of tumeric (colour).', 3),
  ('double-quarter-pounder-without-cheese-slivered-onions-4', 'double-quarter-pounder-without-cheese', 'Slivered Onions', 'Onions.', 4),
  ('double-quarter-pounder-without-cheese-ketchup-5', 'double-quarter-pounder-without-cheese', 'Ketchup', 'Tomato paste, Sugars (sugar/glucose-fructose), Water, Vinegar, Salt, Natural flavour.', 5),
  ('double-quarter-pounder-without-cheese-sesame-seed-bun-6', 'double-quarter-pounder-without-cheese', 'Sesame Seed Bun', 'Enriched wheat flour, Water, Sugars (sugar, corn dextrose, corn maltodextrin), Yeast, Vegetable oil (canola and/or soy), Sesame seeds, Vegetable proteins (pea, potato, fava bean), Sunflower oil, Corn starch, Salt, May contain any or all of the following in varying proportions:  Wheat gluten, Guar gum, Dough conditioner (monoglycerides, DATEM, ascorbic acid, enzymes), Tricalcium phosphate, Natural flavour, Corn starch, Soybean oil, Vinegar.', 6),
  ('double-quarter-pounder-without-cheese-quarter-pounder-beef-patty-7', 'double-quarter-pounder-without-cheese', 'Quarter Pounder Beef Patty', '100% pure beef.', 7),
  ('quarter-pounder-blt-mustard-1', 'quarter-pounder-blt', 'Mustard', 'Water, Vinegar, Mustard seed, Salt, Turmeric, Natural flavour (plant source), Spice.', 1),
  ('quarter-pounder-blt-grill-seasoning-2', 'quarter-pounder-blt', 'Grill Seasoning', 'Salt, Spice (pepper), Sunflower oil (used as a processing aid).', 2),
  ('quarter-pounder-blt-pickle-slices-3', 'quarter-pounder-blt', 'Pickle Slices', 'Cucumbers, Water, Distilled vinegar, Salt, Calcium chloride, Potassium sorbate (preservative), Aluminum sulphate, Natural flavour (plant source), Polysorbate 80, Extractives of tumeric (colour).', 3),
  ('quarter-pounder-blt-slivered-onions-4', 'quarter-pounder-blt', 'Slivered Onions', 'Onions.', 4),
  ('quarter-pounder-blt-mayonnaise-style-sauce-5', 'quarter-pounder-blt', 'Mayonnaise-Style Sauce', 'Soybean oil, Water, Liquid egg yolk, Vinegar, Sugar, Salt, Mustard seeds, Mustard bran, Xanthan gum, Potassium sorbate, Calcium disodium EDTA.', 5),
  ('quarter-pounder-blt-leaf-lettuce-6', 'quarter-pounder-blt', 'Leaf Lettuce', 'Leaf lettuce.', 6),
  ('quarter-pounder-blt-bacon-slice-7', 'quarter-pounder-blt', 'Bacon Slice', 'Pork, Water, Salt, Sugar, Smoke flavouring, Sodium phosphate, Sodium erythorbate, Sodium nitrite, Smoke.', 7),
  ('quarter-pounder-blt-processed-cheese-8', 'quarter-pounder-blt', 'Processed Cheese', 'Cheese (milk, partly skimmed milk, modified milk ingredients, salt, bacterial culture, calcium chloride, microbial enzyme, lipase, annatto), Modified milk ingredients, Water, Sodium citrate, Salt, Citric acid, Beta-carotene, Paprika, Soy lecithin.', 8),
  ('quarter-pounder-blt-ketchup-9', 'quarter-pounder-blt', 'Ketchup', 'Tomato paste, Sugars (sugar/glucose-fructose), Water, Vinegar, Salt, Natural flavour.', 9),
  ('quarter-pounder-blt-tomato-slice-10', 'quarter-pounder-blt', 'Tomato Slice', 'Sliced tomato.', 10),
  ('quarter-pounder-blt-sesame-seed-bun-11', 'quarter-pounder-blt', 'Sesame Seed Bun', 'Enriched wheat flour, Water, Sugars (sugar, corn dextrose, corn maltodextrin), Yeast, Vegetable oil (canola and/or soy), Sesame seeds, Vegetable proteins (pea, potato, fava bean), Sunflower oil, Corn starch, Salt, May contain any or all of the following in varying proportions:  Wheat gluten, Guar gum, Dough conditioner (monoglycerides, DATEM, ascorbic acid, enzymes), Tricalcium phosphate, Natural flavour, Corn starch, Soybean oil, Vinegar.', 11),
  ('quarter-pounder-blt-quarter-pounder-beef-patty-12', 'quarter-pounder-blt', 'Quarter Pounder Beef Patty', '100% pure beef.', 12),
  ('double-quarter-pounder-blt-mustard-1', 'double-quarter-pounder-blt', 'Mustard', 'Water, Vinegar, Mustard seed, Salt, Turmeric, Natural flavour (plant source), Spice.', 1),
  ('double-quarter-pounder-blt-grill-seasoning-2', 'double-quarter-pounder-blt', 'Grill Seasoning', 'Salt, Spice (pepper), Sunflower oil (used as a processing aid).', 2),
  ('double-quarter-pounder-blt-pickle-slices-3', 'double-quarter-pounder-blt', 'Pickle Slices', 'Cucumbers, Water, Distilled vinegar, Salt, Calcium chloride, Potassium sorbate (preservative), Aluminum sulphate, Natural flavour (plant source), Polysorbate 80, Extractives of tumeric (colour).', 3),
  ('double-quarter-pounder-blt-slivered-onions-4', 'double-quarter-pounder-blt', 'Slivered Onions', 'Onions.', 4),
  ('double-quarter-pounder-blt-mayonnaise-style-sauce-5', 'double-quarter-pounder-blt', 'Mayonnaise-Style Sauce', 'Soybean oil, Water, Liquid egg yolk, Vinegar, Sugar, Salt, Mustard seeds, Mustard bran, Xanthan gum, Potassium sorbate, Calcium disodium EDTA.', 5),
  ('double-quarter-pounder-blt-leaf-lettuce-6', 'double-quarter-pounder-blt', 'Leaf Lettuce', 'Leaf lettuce.', 6),
  ('double-quarter-pounder-blt-bacon-slice-7', 'double-quarter-pounder-blt', 'Bacon Slice', 'Pork, Water, Salt, Sugar, Smoke flavouring, Sodium phosphate, Sodium erythorbate, Sodium nitrite, Smoke.', 7),
  ('double-quarter-pounder-blt-processed-cheese-8', 'double-quarter-pounder-blt', 'Processed Cheese', 'Cheese (milk, partly skimmed milk, modified milk ingredients, salt, bacterial culture, calcium chloride, microbial enzyme, lipase, annatto), Modified milk ingredients, Water, Sodium citrate, Salt, Citric acid, Beta-carotene, Paprika, Soy lecithin.', 8),
  ('double-quarter-pounder-blt-ketchup-9', 'double-quarter-pounder-blt', 'Ketchup', 'Tomato paste, Sugars (sugar/glucose-fructose), Water, Vinegar, Salt, Natural flavour.', 9),
  ('double-quarter-pounder-blt-tomato-slice-10', 'double-quarter-pounder-blt', 'Tomato Slice', 'Sliced tomato.', 10),
  ('double-quarter-pounder-blt-sesame-seed-bun-11', 'double-quarter-pounder-blt', 'Sesame Seed Bun', 'Enriched wheat flour, Water, Sugars (sugar, corn dextrose, corn maltodextrin), Yeast, Vegetable oil (canola and/or soy), Sesame seeds, Vegetable proteins (pea, potato, fava bean), Sunflower oil, Corn starch, Salt, May contain any or all of the following in varying proportions:  Wheat gluten, Guar gum, Dough conditioner (monoglycerides, DATEM, ascorbic acid, enzymes), Tricalcium phosphate, Natural flavour, Corn starch, Soybean oil, Vinegar.', 11),
  ('double-quarter-pounder-blt-quarter-pounder-beef-patty-12', 'double-quarter-pounder-blt', 'Quarter Pounder Beef Patty', '100% pure beef.', 12),
  ('chicken-big-mac-pickle-slices-1', 'chicken-big-mac', 'Pickle Slices', 'Cucumbers, Water, Distilled vinegar, Salt, Calcium chloride, Potassium sorbate (preservative), Aluminum sulphate, Natural flavour (plant source), Polysorbate 80, Extractives of tumeric (colour).', 1),
  ('chicken-big-mac-processed-cheese-2', 'chicken-big-mac', 'Processed Cheese', 'Cheese (milk, partly skimmed milk, modified milk ingredients, salt, bacterial culture, calcium chloride, microbial enzyme, lipase, annatto), Modified milk ingredients, Water, Sodium citrate, Salt, Citric acid, Beta-carotene, Paprika, Soy lecithin.', 2),
  ('chicken-big-mac-big-mac-sauce-3', 'chicken-big-mac', 'Big Mac Sauce', 'Soybean oil, Water, Sugars (sugar, glucose-fructose, glucose syrup), Pickles, Vinegar, Liquid egg yolk, Salt, Onion powder, Mustard seed, Mustard flour, Garlic powder, Extractives of paprika, Propylene glycol alginate, Hydrolyzed (corn, soy, wheat) protein, Caramel (colour), Xanthan gum, Natural flavours, Calcium chloride, Turmeric, Spices.', 3),
  ('chicken-big-mac-lettuce-4', 'chicken-big-mac', 'Lettuce', 'Shredded iceberg lettuce.', 4),
  ('chicken-big-mac-big-mac-bun-5', 'chicken-big-mac', 'Big Mac Bun', 'Enriched wheat flour, Water, Sugars (sugar, corn dextrose, corn maltodextrin), Yeast, Vegetable oil (canola and/or soy), Vegetable protein (pea, potato, faba bean), Sunflower oil, Corn starch, Sesame seeds, Salt, May contain any or all in varying proportions: Wheat gluten, Potato starch, Dough conditioners (DATEM, ascorbic acid, enzymes), Natural flavour, Corn starch, Vinegar.', 5),
  ('chicken-big-mac-chicken-big-mac-patty-6', 'chicken-big-mac', 'Chicken Big Mac Patty', 'Boneless skinless chicken breast, Water, Liquid vegetable oil shortening (canola oil, corn oil, hydrogenated soybean oil), Wheat flour, Yellow corn flour, Modified corn starch, Rice starch, Salt, Seasoning (wheat starch, yeast extract, salt, natural flavour), Spices, Baking powder, Sodium aluminum phosphate, Canola oil, Baking soda,  Sugars (dextrose), Wheat starch, Corn starch.', 6),
  ('creamy-chipotle-chicken-mcwrap-crispy-tri-colour-tortilla-strips-1', 'creamy-chipotle-chicken-mcwrap-crispy', 'Tri-Colour Tortilla Strips', 'Corn masa flour, Vegetable oil (sunflower, safflower and/or canola), Salt, Beet juice, Anthocyanins, Annatto extract.', 1),
  ('creamy-chipotle-chicken-mcwrap-crispy-cucumber-2', 'creamy-chipotle-chicken-mcwrap-crispy', 'Cucumber', 'Cucumber.', 2),
  ('creamy-chipotle-chicken-mcwrap-crispy-tomato-slice-3', 'creamy-chipotle-chicken-mcwrap-crispy', 'Tomato Slice', 'Sliced tomato.', 3),
  ('creamy-chipotle-chicken-mcwrap-crispy-creamy-chipotle-sauce-4', 'creamy-chipotle-chicken-mcwrap-crispy', 'Creamy Chipotle Sauce', 'Soybean oil and/or canola oil, Water, Vinegar, Tomato paste, Liquid egg yolk, Sugar, Salt, Chipotle chili pepper, Dehydrated garlic, Modified corn starch, Dehydrated onion, Mustard bran, Natural flavour, Jalapeno pepper, Lactic acid, Xanthan gum, Sodium benzoate, Potassium sorbate, Natural smoke flavour, Cumin, Calcium disodium EDTA.', 4),
  ('creamy-chipotle-chicken-mcwrap-crispy-lettuce-5', 'creamy-chipotle-chicken-mcwrap-crispy', 'Lettuce', 'Shredded iceberg lettuce.', 5),
  ('creamy-chipotle-chicken-mcwrap-crispy-white-flour-tortilla-6', 'creamy-chipotle-chicken-mcwrap-crispy', 'White Flour Tortilla', 'Enriched bleached wheat flour, Water, Vegetable shortening (interesterified soybean oil, fully hydrogenated soybean oil), Sugar, Baking powder (sodium bicarbonate, corn starch, sodium aluminum sulfate, calcium sulfate, monocalcium phosphate), Potasium chloride, Monoglycerides, Salt, Vital wheat Gluten, Sodium metabisulfite.', 6),
  ('creamy-chipotle-chicken-mcwrap-crispy-crispy-chicken-patty-7', 'creamy-chipotle-chicken-mcwrap-crispy', 'Crispy Chicken Patty', 'Boneless chicken breast, Liquid vegetable oil shortening (canola oil, corn oil, hydrogenated soybean oil), Wheat flour, Water, Sugars (sugar, corn maltodextrin), Toasted wheat crumb, Rice starch, Salt, Corn flour, Spice, Modified corn starch, Baking powder, Natural flavour, Yeast extract, Vegetable oil, Baking soda, Wheat gluten, Sodium aluminum phosphate, Medium chain triglycerides. Cooked in vegetable oil (high oleic low linoleic canola oil and/or canola oil, corn oil, soybean oil, hydrogenated soybean oil, citric acid, dimethylpolysiloxane).', 7),
  ('creamy-chipotle-chicken-mcwrap-grilled-tri-colour-tortilla-strips-1', 'creamy-chipotle-chicken-mcwrap-grilled', 'Tri-Colour Tortilla Strips', 'Corn masa flour, Vegetable oil (sunflower, safflower and/or canola), Salt, Beet juice, Anthocyanins, Annatto extract.', 1),
  ('creamy-chipotle-chicken-mcwrap-grilled-cucumber-2', 'creamy-chipotle-chicken-mcwrap-grilled', 'Cucumber', 'Cucumber.', 2),
  ('creamy-chipotle-chicken-mcwrap-grilled-tomato-slice-3', 'creamy-chipotle-chicken-mcwrap-grilled', 'Tomato Slice', 'Sliced tomato.', 3),
  ('creamy-chipotle-chicken-mcwrap-grilled-creamy-chipotle-sauce-4', 'creamy-chipotle-chicken-mcwrap-grilled', 'Creamy Chipotle Sauce', 'Soybean oil and/or canola oil, Water, Vinegar, Tomato paste, Liquid egg yolk, Sugar, Salt, Chipotle chili pepper, Dehydrated garlic, Modified corn starch, Dehydrated onion, Mustard bran, Natural flavour, Jalapeno pepper, Lactic acid, Xanthan gum, Sodium benzoate, Potassium sorbate, Natural smoke flavour, Cumin, Calcium disodium EDTA.', 4),
  ('creamy-chipotle-chicken-mcwrap-grilled-lettuce-5', 'creamy-chipotle-chicken-mcwrap-grilled', 'Lettuce', 'Shredded iceberg lettuce.', 5),
  ('creamy-chipotle-chicken-mcwrap-grilled-white-flour-tortilla-6', 'creamy-chipotle-chicken-mcwrap-grilled', 'White Flour Tortilla', 'Enriched bleached wheat flour, Water, Vegetable shortening (interesterified soybean oil, fully hydrogenated soybean oil), Sugar, Baking powder (sodium bicarbonate, corn starch, sodium aluminum sulfate, calcium sulfate, monocalcium phosphate), Potasium chloride, Monoglycerides, Salt, Vital wheat Gluten, Sodium metabisulfite.', 6),
  ('creamy-chipotle-chicken-mcwrap-grilled-grilled-chicken-portion-7', 'creamy-chipotle-chicken-mcwrap-grilled', 'Grilled Chicken Portion', 'Chicken breast, Water, Rice starch, Salt, Sugar, Onion powder, Natural flavour, Chicken broth powder, Garlic powder, Baking soda, Spices and spice extracts, Rice hull powder, Chicken fat, Vegetable oil, Mushroom juice concentrate, Onion juice concentrate, Garlic juice concentrate, Herbs. Cooked on a grill, lightly seasoned, with clarified butter (unsalted butter).', 7),
  ('sweet-chili-junior-chicken-sweet-chili-sauce-1', 'sweet-chili-junior-chicken', 'Sweet Chili Sauce', 'Sugar, Water, Vinegar, Red pepper puree, Modified corn starch, Salt, Dehydrated garlic, Chili pepper, Xanthan gum, Black pepper, Potassium sorbate, Sodium benzoate, Natural flavours.', 1),
  ('sweet-chili-junior-chicken-mayonnaise-style-sauce-2', 'sweet-chili-junior-chicken', 'Mayonnaise-Style Sauce', 'Soybean oil, Water, Liquid egg yolk, Vinegar, Sugar, Salt, Mustard seeds, Mustard bran, Xanthan gum, Potassium sorbate, Calcium disodium EDTA.', 2),
  ('sweet-chili-junior-chicken-lettuce-3', 'sweet-chili-junior-chicken', 'Lettuce', 'Shredded iceberg lettuce.', 3),
  ('sweet-chili-junior-chicken-regular-bun-4', 'sweet-chili-junior-chicken', 'Regular Bun', 'Enriched wheat flour, Water, Sugars (sugar, corn dextrose, corn maltodextrin), Yeast, Vegetable oil (canola and/or soy), Vegetable proteins (pea, potato, faba bean), Sunflower oil, Corn starch, Salt, May contain and or all of the following in varying proportions: Wheat gluten, Dough conditioners (monoglycerides, datem, ascorbic acid, enzymes), Vinegar.', 4),
  ('sweet-chili-junior-chicken-junior-chicken-patty-5', 'sweet-chili-junior-chicken', 'Junior Chicken Patty', 'Chicken, Wheat flour, Liquid vegetable oil shortening (canola oil, corn oil, hydrogenated soybean oil), Toasted wheat crumb, Water, Chicken skin, Modified corn starch, Salt, Spice, Potassium chloride, Wheat gluten, Vegetable oil, Natural flavour, Baking soda, Garlic powder, Baking powder. Cooked in vegetable oil (high oleic low linoleic canola oil and/or canola oil, corn oil, soybean oil, hydrogenated soybean oil, citric acid, dimethylpolysiloxane).', 5),
  ('mccrispy-mayonnaise-style-sauce-1', 'mccrispy', 'Mayonnaise-Style Sauce', 'Soybean oil, Water, Liquid egg yolk, Vinegar, Sugar, Salt, Mustard seeds, Mustard bran, Xanthan gum, Potassium sorbate, Calcium disodium EDTA.', 1),
  ('mccrispy-lettuce-2', 'mccrispy', 'Lettuce', 'Shredded iceberg lettuce.', 2),
  ('mccrispy-potato-bun-3', 'mccrispy', 'Potato Bun', 'Sugars (sugar, honey, dextrose), Enriched wheat flour, Water, Yeast, Potato flour, Wheat gluten, Vegetable oil (soybean, canola, sunflower), Salt, Vegetable proteins (pea, potato, faba bean), Starch (corn, potato, rice, and/or waxy maize), Maltodextrin, Natural flavors, Corn flour, Spices (turmeric, paprika), Vinegar, Enzymes, Ascorbic acid.', 3),
  ('mccrispy-crispy-chicken-patty-4', 'mccrispy', 'Crispy Chicken Patty', 'Boneless chicken breast, Liquid vegetable oil shortening (canola oil, corn oil, hydrogenated soybean oil), Wheat flour, Water, Sugars (sugar, corn maltodextrin), Toasted wheat crumb, Rice starch, Salt, Corn flour, Spice, Modified corn starch, Baking powder, Natural flavour, Yeast extract, Vegetable oil, Baking soda, Wheat gluten, Sodium aluminum phosphate, Medium chain triglycerides. Cooked in vegetable oil (high oleic low linoleic canola oil and/or canola oil, corn oil, soybean oil, hydrogenated soybean oil, citric acid, dimethylpolysiloxane).', 4),
  ('spicy-mccrispy-creamy-habanero-sauce-1', 'spicy-mccrispy', 'Creamy Habanero Sauce', 'Soybean and/or canola oil, Water, Prepared mustard (water, mustard seed, vinegar, salt, mustard bran), Liquid egg yolk, Vinegar, Sugar, Salt, Dehydrated garlic, Modified corn starch, Dehydrated onion, Citric acid, Xanthan gum, Propylene glycol alginate, Ground Mustard, Paprika, Black pepper, Lactic acid, Red habanero chili, Chives, Potassium sorbate, Sodium benzoate,  Paprika extract, Cilantro, Calcium disodium EDTA.', 1),
  ('spicy-mccrispy-lettuce-2', 'spicy-mccrispy', 'Lettuce', 'Shredded iceberg lettuce.', 2),
  ('spicy-mccrispy-potato-bun-3', 'spicy-mccrispy', 'Potato Bun', 'Sugars (sugar, honey, dextrose), Enriched wheat flour, Water, Yeast, Potato flour, Wheat gluten, Vegetable oil (soybean, canola, sunflower), Salt, Vegetable proteins (pea, potato, faba bean), Starch (corn, potato, rice, and/or waxy maize), Maltodextrin, Natural flavors, Corn flour, Spices (turmeric, paprika), Vinegar, Enzymes, Ascorbic acid.', 3),
  ('spicy-mccrispy-crispy-chicken-patty-4', 'spicy-mccrispy', 'Crispy Chicken Patty', 'Boneless chicken breast, Liquid vegetable oil shortening (canola oil, corn oil, hydrogenated soybean oil), Wheat flour, Water, Sugars (sugar, corn maltodextrin), Toasted wheat crumb, Rice starch, Salt, Corn flour, Spice, Modified corn starch, Baking powder, Natural flavour, Yeast extract, Vegetable oil, Baking soda, Wheat gluten, Sodium aluminum phosphate, Medium chain triglycerides. Cooked in vegetable oil (high oleic low linoleic canola oil and/or canola oil, corn oil, soybean oil, hydrogenated soybean oil, citric acid, dimethylpolysiloxane).', 4),
  ('spicy-mccrispy-bacon-deluxe-bacon-slice-1', 'spicy-mccrispy-bacon-deluxe', 'Bacon Slice', 'Pork, Water, Salt, Sugar, Smoke flavouring, Sodium phosphate, Sodium erythorbate, Sodium nitrite, Smoke.', 1),
  ('spicy-mccrispy-bacon-deluxe-tomato-slice-2', 'spicy-mccrispy-bacon-deluxe', 'Tomato Slice', 'Sliced tomato.', 2),
  ('spicy-mccrispy-bacon-deluxe-creamy-habanero-sauce-3', 'spicy-mccrispy-bacon-deluxe', 'Creamy Habanero Sauce', 'Soybean and/or canola oil, Water, Prepared mustard (water, mustard seed, vinegar, salt, mustard bran), Liquid egg yolk, Vinegar, Sugar, Salt, Dehydrated garlic, Modified corn starch, Dehydrated onion, Citric acid, Xanthan gum, Propylene glycol alginate, Ground Mustard, Paprika, Black pepper, Lactic acid, Red habanero chili, Chives, Potassium sorbate, Sodium benzoate,  Paprika extract, Cilantro, Calcium disodium EDTA.', 3),
  ('spicy-mccrispy-bacon-deluxe-lettuce-4', 'spicy-mccrispy-bacon-deluxe', 'Lettuce', 'Shredded iceberg lettuce.', 4),
  ('spicy-mccrispy-bacon-deluxe-potato-bun-5', 'spicy-mccrispy-bacon-deluxe', 'Potato Bun', 'Sugars (sugar, honey, dextrose), Enriched wheat flour, Water, Yeast, Potato flour, Wheat gluten, Vegetable oil (soybean, canola, sunflower), Salt, Vegetable proteins (pea, potato, faba bean), Starch (corn, potato, rice, and/or waxy maize), Maltodextrin, Natural flavors, Corn flour, Spices (turmeric, paprika), Vinegar, Enzymes, Ascorbic acid.', 5),
  ('spicy-mccrispy-bacon-deluxe-crispy-chicken-patty-6', 'spicy-mccrispy-bacon-deluxe', 'Crispy Chicken Patty', 'Boneless chicken breast, Liquid vegetable oil shortening (canola oil, corn oil, hydrogenated soybean oil), Wheat flour, Water, Sugars (sugar, corn maltodextrin), Toasted wheat crumb, Rice starch, Salt, Corn flour, Spice, Modified corn starch, Baking powder, Natural flavour, Yeast extract, Vegetable oil, Baking soda, Wheat gluten, Sodium aluminum phosphate, Medium chain triglycerides. Cooked in vegetable oil (high oleic low linoleic canola oil and/or canola oil, corn oil, soybean oil, hydrogenated soybean oil, citric acid, dimethylpolysiloxane).', 6),
  ('mccrispy-bacon-deluxe-bacon-slice-1', 'mccrispy-bacon-deluxe', 'Bacon Slice', 'Pork, Water, Salt, Sugar, Smoke flavouring, Sodium phosphate, Sodium erythorbate, Sodium nitrite, Smoke.', 1),
  ('mccrispy-bacon-deluxe-mayonnaise-style-sauce-2', 'mccrispy-bacon-deluxe', 'Mayonnaise-Style Sauce', 'Soybean oil, Water, Liquid egg yolk, Vinegar, Sugar, Salt, Mustard seeds, Mustard bran, Xanthan gum, Potassium sorbate, Calcium disodium EDTA.', 2),
  ('mccrispy-bacon-deluxe-tomato-slice-3', 'mccrispy-bacon-deluxe', 'Tomato Slice', 'Sliced tomato.', 3),
  ('mccrispy-bacon-deluxe-lettuce-4', 'mccrispy-bacon-deluxe', 'Lettuce', 'Shredded iceberg lettuce.', 4),
  ('mccrispy-bacon-deluxe-potato-bun-5', 'mccrispy-bacon-deluxe', 'Potato Bun', 'Sugars (sugar, honey, dextrose), Enriched wheat flour, Water, Yeast, Potato flour, Wheat gluten, Vegetable oil (soybean, canola, sunflower), Salt, Vegetable proteins (pea, potato, faba bean), Starch (corn, potato, rice, and/or waxy maize), Maltodextrin, Natural flavors, Corn flour, Spices (turmeric, paprika), Vinegar, Enzymes, Ascorbic acid.', 5),
  ('mccrispy-bacon-deluxe-crispy-chicken-patty-6', 'mccrispy-bacon-deluxe', 'Crispy Chicken Patty', 'Boneless chicken breast, Liquid vegetable oil shortening (canola oil, corn oil, hydrogenated soybean oil), Wheat flour, Water, Sugars (sugar, corn maltodextrin), Toasted wheat crumb, Rice starch, Salt, Corn flour, Spice, Modified corn starch, Baking powder, Natural flavour, Yeast extract, Vegetable oil, Baking soda, Wheat gluten, Sodium aluminum phosphate, Medium chain triglycerides. Cooked in vegetable oil (high oleic low linoleic canola oil and/or canola oil, corn oil, soybean oil, hydrogenated soybean oil, citric acid, dimethylpolysiloxane).', 6),
  ('mccrispy-with-grilled-chicken-mayonnaise-style-sauce-1', 'mccrispy-with-grilled-chicken', 'Mayonnaise-Style Sauce', 'Soybean oil, Water, Liquid egg yolk, Vinegar, Sugar, Salt, Mustard seeds, Mustard bran, Xanthan gum, Potassium sorbate, Calcium disodium EDTA.', 1),
  ('mccrispy-with-grilled-chicken-lettuce-2', 'mccrispy-with-grilled-chicken', 'Lettuce', 'Shredded iceberg lettuce.', 2),
  ('mccrispy-with-grilled-chicken-potato-bun-3', 'mccrispy-with-grilled-chicken', 'Potato Bun', 'Sugars (sugar, honey, dextrose), Enriched wheat flour, Water, Yeast, Potato flour, Wheat gluten, Vegetable oil (soybean, canola, sunflower), Salt, Vegetable proteins (pea, potato, faba bean), Starch (corn, potato, rice, and/or waxy maize), Maltodextrin, Natural flavors, Corn flour, Spices (turmeric, paprika), Vinegar, Enzymes, Ascorbic acid.', 3),
  ('mccrispy-with-grilled-chicken-grilled-chicken-portion-4', 'mccrispy-with-grilled-chicken', 'Grilled Chicken Portion', 'Chicken breast, Water, Rice starch, Salt, Sugar, Onion powder, Natural flavour, Chicken broth powder, Garlic powder, Baking soda, Spices and spice extracts, Rice hull powder, Chicken fat, Vegetable oil, Mushroom juice concentrate, Onion juice concentrate, Garlic juice concentrate, Herbs. Cooked on a grill, lightly seasoned, with clarified butter (unsalted butter).', 4),
  ('bacon-deluxe-mccrispy-sandwich-with-grilled-chicken-bacon-slice-1', 'bacon-deluxe-mccrispy-sandwich-with-grilled-chicken', 'Bacon Slice', 'Pork, Water, Salt, Sugar, Smoke flavouring, Sodium phosphate, Sodium erythorbate, Sodium nitrite, Smoke.', 1),
  ('bacon-deluxe-mccrispy-sandwich-with-grilled-chicken-mayonnaise-style-sauce-2', 'bacon-deluxe-mccrispy-sandwich-with-grilled-chicken', 'Mayonnaise-Style Sauce', 'Soybean oil, Water, Liquid egg yolk, Vinegar, Sugar, Salt, Mustard seeds, Mustard bran, Xanthan gum, Potassium sorbate, Calcium disodium EDTA.', 2),
  ('bacon-deluxe-mccrispy-sandwich-with-grilled-chicken-tomato-slice-3', 'bacon-deluxe-mccrispy-sandwich-with-grilled-chicken', 'Tomato Slice', 'Sliced tomato.', 3),
  ('bacon-deluxe-mccrispy-sandwich-with-grilled-chicken-lettuce-4', 'bacon-deluxe-mccrispy-sandwich-with-grilled-chicken', 'Lettuce', 'Shredded iceberg lettuce.', 4),
  ('bacon-deluxe-mccrispy-sandwich-with-grilled-chicken-potato-bun-5', 'bacon-deluxe-mccrispy-sandwich-with-grilled-chicken', 'Potato Bun', 'Sugars (sugar, honey, dextrose), Enriched wheat flour, Water, Yeast, Potato flour, Wheat gluten, Vegetable oil (soybean, canola, sunflower), Salt, Vegetable proteins (pea, potato, faba bean), Starch (corn, potato, rice, and/or waxy maize), Maltodextrin, Natural flavors, Corn flour, Spices (turmeric, paprika), Vinegar, Enzymes, Ascorbic acid.', 5),
  ('bacon-deluxe-mccrispy-sandwich-with-grilled-chicken-grilled-chicken-portion-6', 'bacon-deluxe-mccrispy-sandwich-with-grilled-chicken', 'Grilled Chicken Portion', 'Chicken breast, Water, Rice starch, Salt, Sugar, Onion powder, Natural flavour, Chicken broth powder, Garlic powder, Baking soda, Spices and spice extracts, Rice hull powder, Chicken fat, Vegetable oil, Mushroom juice concentrate, Onion juice concentrate, Garlic juice concentrate, Herbs. Cooked on a grill, lightly seasoned, with clarified butter (unsalted butter).', 6),
  ('spicy-grilled-chicken-sandwich-creamy-habanero-sauce-1', 'spicy-grilled-chicken-sandwich', 'Creamy Habanero Sauce', 'Soybean and/or canola oil, Water, Prepared mustard (water, mustard seed, vinegar, salt, mustard bran), Liquid egg yolk, Vinegar, Sugar, Salt, Dehydrated garlic, Modified corn starch, Dehydrated onion, Citric acid, Xanthan gum, Propylene glycol alginate, Ground Mustard, Paprika, Black pepper, Lactic acid, Red habanero chili, Chives, Potassium sorbate, Sodium benzoate,  Paprika extract, Cilantro, Calcium disodium EDTA.', 1),
  ('spicy-grilled-chicken-sandwich-lettuce-2', 'spicy-grilled-chicken-sandwich', 'Lettuce', 'Shredded iceberg lettuce.', 2),
  ('spicy-grilled-chicken-sandwich-potato-bun-3', 'spicy-grilled-chicken-sandwich', 'Potato Bun', 'Sugars (sugar, honey, dextrose), Enriched wheat flour, Water, Yeast, Potato flour, Wheat gluten, Vegetable oil (soybean, canola, sunflower), Salt, Vegetable proteins (pea, potato, faba bean), Starch (corn, potato, rice, and/or waxy maize), Maltodextrin, Natural flavors, Corn flour, Spices (turmeric, paprika), Vinegar, Enzymes, Ascorbic acid.', 3),
  ('spicy-grilled-chicken-sandwich-grilled-chicken-portion-4', 'spicy-grilled-chicken-sandwich', 'Grilled Chicken Portion', 'Chicken breast, Water, Rice starch, Salt, Sugar, Onion powder, Natural flavour, Chicken broth powder, Garlic powder, Baking soda, Spices and spice extracts, Rice hull powder, Chicken fat, Vegetable oil, Mushroom juice concentrate, Onion juice concentrate, Garlic juice concentrate, Herbs. Cooked on a grill, lightly seasoned, with clarified butter (unsalted butter).', 4),
  ('spicy-bacon-deluxe-grilled-chicken-sandwich-bacon-slice-1', 'spicy-bacon-deluxe-grilled-chicken-sandwich', 'Bacon Slice', 'Pork, Water, Salt, Sugar, Smoke flavouring, Sodium phosphate, Sodium erythorbate, Sodium nitrite, Smoke.', 1),
  ('spicy-bacon-deluxe-grilled-chicken-sandwich-tomato-slice-2', 'spicy-bacon-deluxe-grilled-chicken-sandwich', 'Tomato Slice', 'Sliced tomato.', 2),
  ('spicy-bacon-deluxe-grilled-chicken-sandwich-creamy-habanero-sauce-3', 'spicy-bacon-deluxe-grilled-chicken-sandwich', 'Creamy Habanero Sauce', 'Soybean and/or canola oil, Water, Prepared mustard (water, mustard seed, vinegar, salt, mustard bran), Liquid egg yolk, Vinegar, Sugar, Salt, Dehydrated garlic, Modified corn starch, Dehydrated onion, Citric acid, Xanthan gum, Propylene glycol alginate, Ground Mustard, Paprika, Black pepper, Lactic acid, Red habanero chili, Chives, Potassium sorbate, Sodium benzoate,  Paprika extract, Cilantro, Calcium disodium EDTA.', 3),
  ('spicy-bacon-deluxe-grilled-chicken-sandwich-lettuce-4', 'spicy-bacon-deluxe-grilled-chicken-sandwich', 'Lettuce', 'Shredded iceberg lettuce.', 4),
  ('spicy-bacon-deluxe-grilled-chicken-sandwich-potato-bun-5', 'spicy-bacon-deluxe-grilled-chicken-sandwich', 'Potato Bun', 'Sugars (sugar, honey, dextrose), Enriched wheat flour, Water, Yeast, Potato flour, Wheat gluten, Vegetable oil (soybean, canola, sunflower), Salt, Vegetable proteins (pea, potato, faba bean), Starch (corn, potato, rice, and/or waxy maize), Maltodextrin, Natural flavors, Corn flour, Spices (turmeric, paprika), Vinegar, Enzymes, Ascorbic acid.', 5),
  ('spicy-bacon-deluxe-grilled-chicken-sandwich-grilled-chicken-portion-6', 'spicy-bacon-deluxe-grilled-chicken-sandwich', 'Grilled Chicken Portion', 'Chicken breast, Water, Rice starch, Salt, Sugar, Onion powder, Natural flavour, Chicken broth powder, Garlic powder, Baking soda, Spices and spice extracts, Rice hull powder, Chicken fat, Vegetable oil, Mushroom juice concentrate, Onion juice concentrate, Garlic juice concentrate, Herbs. Cooked on a grill, lightly seasoned, with clarified butter (unsalted butter).', 6),
  ('habanero-mcchicken-sandwich-mcchicken-portion-1', 'habanero-mcchicken-sandwich', 'McChicken Portion', 'Chicken, Wheat flour, Water, Chicken skin, Toasted wheat crumbs with spice extractives, Corn starch, Modified corn starch, Salt, Yellow corn flour, Canola oil, Spices, Baking soda, Sodium aluminum phosphate, Potassium chloride, Flavour (hydrolyzed corn, soy and wheat gluten protein, flavour, disodium inosinate, disodium guanylate), Wheat starch. Cooked in vegetable oil (high oleic low linoleic canola oil and/or canola oil, corn oil, soybean oil, hydrogenated soybean oil, citric acid, dimethylpolysiloxane)', 1),
  ('habanero-mcchicken-sandwich-sesame-seed-bun-2', 'habanero-mcchicken-sandwich', 'Sesame Seed Bun', 'Enriched wheat flour, Water, Sugars (sugar, corn dextrose, corn maltodextrin), Yeast, Vegetable oil (canola and/or soy), Sesame seeds, Vegetable proteins (pea, potato, fava bean), Sunflower oil, Corn starch, Salt, May contain any or all of the following in varying proportions:  Wheat gluten, Guar gum, Dough conditioner (monoglycerides, DATEM, ascorbic acid, enzymes), Tricalcium phosphate, Natural flavour, Corn starch, Soybean oil, Vinegar.', 2),
  ('habanero-mcchicken-sandwich-lettuce-3', 'habanero-mcchicken-sandwich', 'Lettuce', 'Shredded iceberg lettuce.', 3),
  ('habanero-mcchicken-sandwich-creamy-habanero-sauce-4', 'habanero-mcchicken-sandwich', 'Creamy Habanero Sauce', 'Soybean and/or canola oil, Water, Prepared mustard (water, mustard seed, vinegar, salt, mustard bran), Liquid egg yolk, Vinegar, Sugar, Salt, Dehydrated garlic, Modified corn starch, Dehydrated onion, Citric acid, Xanthan gum, Propylene glycol alginate, Ground Mustard, Paprika, Black pepper, Lactic acid, Red habanero chili, Chives, Potassium sorbate, Sodium benzoate,  Paprika extract, Cilantro, Calcium disodium EDTA.', 4),
  ('mcchicken-mcchicken-portion-1', 'mcchicken', 'McChicken Portion', 'Chicken, Wheat flour, Water, Chicken skin, Toasted wheat crumbs with spice extractives, Corn starch, Modified corn starch, Salt, Yellow corn flour, Canola oil, Spices, Baking soda, Sodium aluminum phosphate, Potassium chloride, Flavour (hydrolyzed corn, soy and wheat gluten protein, flavour, disodium inosinate, disodium guanylate), Wheat starch. Cooked in vegetable oil (high oleic low linoleic canola oil and/or canola oil, corn oil, soybean oil, hydrogenated soybean oil, citric acid, dimethylpolysiloxane)', 1),
  ('mcchicken-sesame-seed-bun-2', 'mcchicken', 'Sesame Seed Bun', 'Enriched wheat flour, Water, Sugars (sugar, corn dextrose, corn maltodextrin), Yeast, Vegetable oil (canola and/or soy), Sesame seeds, Vegetable proteins (pea, potato, fava bean), Sunflower oil, Corn starch, Salt, May contain any or all of the following in varying proportions:  Wheat gluten, Guar gum, Dough conditioner (monoglycerides, DATEM, ascorbic acid, enzymes), Tricalcium phosphate, Natural flavour, Corn starch, Soybean oil, Vinegar.', 2),
  ('mcchicken-lettuce-3', 'mcchicken', 'Lettuce', 'Shredded iceberg lettuce.', 3),
  ('mcchicken-mayonnaise-style-sauce-4', 'mcchicken', 'Mayonnaise-Style Sauce', 'Soybean oil, Water, Liquid egg yolk, Vinegar, Sugar, Salt, Mustard seeds, Mustard bran, Xanthan gum, Potassium sorbate, Calcium disodium EDTA.', 4),
  ('junior-chicken-lettuce-1', 'junior-chicken', 'Lettuce', 'Shredded iceberg lettuce.', 1),
  ('junior-chicken-mayonnaise-style-sauce-2', 'junior-chicken', 'Mayonnaise-Style Sauce', 'Soybean oil, water, prepared mustard (water, mustard seed, vinegar, salt, mustard bran), liquid egg yolk, vinegar, sugar, salt, xanthan gum, potassium sorbate , calcium disodium EDTA', 2),
  ('junior-chicken-regular-bun-3', 'junior-chicken', 'Regular Bun', 'Enriched wheat flour, Water, Sugars (sugar, corn dextrose, corn maltodextrin), Yeast, Vegetable oil (canola and/or soy), Vegetable proteins (pea, potato, faba bean), Sunflower oil, Corn starch, Salt, May contain and or all of the following in varying proportions: Wheat gluten, Dough conditioners (monoglycerides, datem, ascorbic acid, enzymes), Vinegar.', 3),
  ('junior-chicken-junior-chicken-patty-4', 'junior-chicken', 'Junior Chicken Patty', 'Chicken, Wheat flour, Liquid vegetable oil shortening (canola oil, corn oil, hydrogenated soybean oil), Toasted wheat crumb, Water, Chicken skin, Modified corn starch, Salt, Spice, Potassium chloride, Wheat gluten, Vegetable oil, Natural flavour, Baking soda, Garlic powder, Baking powder. Cooked in vegetable oil (high oleic low linoleic canola oil and/or canola oil, corn oil, soybean oil, hydrogenated soybean oil, citric acid, dimethylpolysiloxane).', 4),
  ('4-chicken-mcnuggets-chicken-mcnuggets-1', '4-chicken-mcnuggets', 'Chicken McNuggets', 'Boneless skinless chicken breast, Water, Liquid vegetable oil shortening (canola oil, corn oil, hydrogenated soybean oil), Wheat flour, Yellow corn flour, Modified corn starch, Rice starch, Salt, Seasoning (wheat starch, yeast extract, salt, natural flavour), Spices, Baking powder, Sodium aluminum phosphate, Canola oil, Baking soda, Sugars (dextrose), Wheat starch, Corn starch. Cooked in vegetable oil (high oleic low linoleic canola oil and/or canola oil, corn oil, soybean oil, hydrogenated soybean oil, citric acid, dimethylpolysiloxane).', 2),
  ('6-chicken-mcnuggets-chicken-mcnuggets-1', '6-chicken-mcnuggets', 'Chicken McNuggets', 'Boneless skinless chicken breast, Water, Liquid vegetable oil shortening (canola oil, corn oil, hydrogenated soybean oil), Wheat flour, Yellow corn flour, Modified corn starch, Rice starch, Salt, Seasoning (wheat starch, yeast extract, salt, natural flavour), Spices, Baking powder, Sodium aluminum phosphate, Canola oil, Baking soda, Sugars (dextrose), Wheat starch, Corn starch. Cooked in vegetable oil (high oleic low linoleic canola oil and/or canola oil, corn oil, soybean oil, hydrogenated soybean oil, citric acid, dimethylpolysiloxane).', 2),
  ('10-chicken-mcnuggets-chicken-mcnuggets-1', '10-chicken-mcnuggets', 'Chicken McNuggets', 'Boneless skinless chicken breast, Water, Liquid vegetable oil shortening (canola oil, corn oil, hydrogenated soybean oil), Wheat flour, Yellow corn flour, Modified corn starch, Rice starch, Salt, Seasoning (wheat starch, yeast extract, salt, natural flavour), Spices, Baking powder, Sodium aluminum phosphate, Canola oil, Baking soda, Sugars (dextrose), Wheat starch, Corn starch. Cooked in vegetable oil (high oleic low linoleic canola oil and/or canola oil, corn oil, soybean oil, hydrogenated soybean oil, citric acid, dimethylpolysiloxane).', 1),
  ('20-chicken-mcnuggets-chicken-mcnuggets-1', '20-chicken-mcnuggets', 'Chicken McNuggets', 'Boneless skinless chicken breast, Water, Liquid vegetable oil shortening (canola oil, corn oil, hydrogenated soybean oil), Wheat flour, Yellow corn flour, Modified corn starch, Rice starch, Salt, Seasoning (wheat starch, yeast extract, salt, natural flavour), Spices, Baking powder, Sodium aluminum phosphate, Canola oil, Baking soda, Sugars (dextrose), Wheat starch, Corn starch. Cooked in vegetable oil (high oleic low linoleic canola oil and/or canola oil, corn oil, soybean oil, hydrogenated soybean oil, citric acid, dimethylpolysiloxane).', 1),
  ('spicy-buffalo-chicken-poutine-salt-1', 'spicy-buffalo-chicken-poutine', 'Salt', 'Salt, Silicoaluminate, Sugar (dextrose), Potassium iodide.', 1),
  ('spicy-buffalo-chicken-poutine-green-onions-2', 'spicy-buffalo-chicken-poutine', 'Green Onions', 'Green Onions', 2),
  ('spicy-buffalo-chicken-poutine-spicy-buffalo-sauce-3', 'spicy-buffalo-chicken-poutine', 'Spicy Buffalo Sauce', 'Cayenne pepper sauce (cayenne peppers, vinegar, water, salt, garlic powder), Water, Soybean oil, Modified corn starch, Xanthan gum, Propylene glycol alginate, Natural flavour, Dehydrated garlic, Calcium disodium EDTA.', 3),
  ('spicy-buffalo-chicken-poutine-crispy-chicken-portion-4', 'spicy-buffalo-chicken-poutine', 'Crispy Chicken Portion', 'Boneless chicken breast, Liquid vegetable oil shortening (canola oil, corn oil, hydrogenated soybean oil), Wheat flour, Toasted wheat crumbs, Water, Salt, Rice starch, Spices, Garlic powder, Wheat starch, Onion powder, Canola oil, Toasted onion powder, Baking powder, Sugar, Yeast, Chicken fat, Natural flavour, Spice extractives.  Cooked in vegetable oil (high oleic low linoleic canola oil and/or canola oil, corn oil, soybean oil, hydrogenated soybean oil, citric acid, dimethylpolysiloxane)', 4),
  ('spicy-buffalo-chicken-poutine-cheese-curds-5', 'spicy-buffalo-chicken-poutine', 'Cheese Curds', 'Pasteurized milk, Modified milk ingredients, Salt, Bacterial culture, Calcium chloride, Microbial enzyme.', 5),
  ('spicy-buffalo-chicken-poutine-poutine-gravy-6', 'spicy-buffalo-chicken-poutine', 'Poutine Gravy', 'Sugars (corn maltodextrin, glucose solids, corn syrup solids, sugar), Modified corn starch, Hydrolyzed corn protein, Salt, Modified tapioca starch, Tomato powder, Onion powder, Vegetable oil (sunflower and/or canola oil), Caramel colour, Yeast extract, Chicken broth powder, Xanthan gum, Chicken fat, Silicon dioxide, Garlic powder, Spice extractives, Beet powder, Locust bean & guar gum, Extractives of paprika.', 6),
  ('spicy-buffalo-chicken-poutine-french-fries-7', 'spicy-buffalo-chicken-poutine', 'French Fries', 'Potatoes, High oleic low linolenic canola oil and/or canola oil, Hydrogenated soybean oil, Natural flavour (vegetable source), Sugars (dextrose), Sodium acid pyrophopshate (maintain colour), Citric acid (preservative), Dimethylpolysiloxane (antifoaming agent). Cooked in vegetable oil (high oleic low linoleic canola oil and/or canola oil, corn oil, soybean oil, hydrogenated soybean oil, citric acid, dimethylpolysiloxane)', 7),
  ('happy-meal-snack-wrap-crispy-mayonnaise-style-sauce-1', 'happy-meal-snack-wrap-crispy', 'Mayonnaise-Style Sauce', 'Soybean oil, Water, Liquid egg yolk, Vinegar, Sugar, Salt, Mustard seeds, Mustard bran, Xanthan gum, Potassium sorbate, Calcium disodium EDTA.', 1),
  ('happy-meal-snack-wrap-crispy-lettuce-2', 'happy-meal-snack-wrap-crispy', 'Lettuce', 'Shredded iceberg lettuce.', 2),
  ('happy-meal-snack-wrap-crispy-white-flour-tortilla-3', 'happy-meal-snack-wrap-crispy', 'White Flour Tortilla', 'Enriched bleached wheat flour,  Water, Vegetable shortening (interesterified soybean oil, fully hydrogenated soybean oil), Sugar, Baking powder (sodium bicarbonate, corn starch, sodium aluminum sulfate, calcium sulfate, monocalcium phosphate), Potassium chloride, Monoglycerides, Salt, Vital wheat gluten, Sodium metabisulfite.', 3),
  ('happy-meal-snack-wrap-crispy-crispy-chicken-patty-4', 'happy-meal-snack-wrap-crispy', 'Crispy Chicken Patty', 'Boneless chicken breast, Liquid vegetable oil shortening (canola oil, corn oil, hydrogenated soybean oil), Wheat flour, Water, Sugars (sugar, corn maltodextrin), Toasted wheat crumb, Rice starch, Salt, Corn flour, Spice, Modified corn starch, Baking powder, Natural flavour, Yeast extract, Vegetable oil, Baking soda, Wheat gluten, Sodium aluminum phosphate, Medium chain triglycerides. Cooked in vegetable oil (high oleic low linoleic canola oil and/or canola oil, corn oil, soybean oil, hydrogenated soybean oil, citric acid, dimethylpolysiloxane).', 4),
  ('spicy-buffalo-snack-wrap-grilled-spicy-buffalo-sauce-1', 'spicy-buffalo-snack-wrap-grilled', 'Spicy Buffalo Sauce', 'Cayenne pepper sauce (cayenne peppers, vinegar, water, salt, garlic powder), Water, Soybean oil, Modified corn starch, Xanthan gum, Propylene glycol alginate, Natural flavour, Dehydrated garlic, Calcium disodium EDTA.', 1),
  ('spicy-buffalo-snack-wrap-grilled-shredded-cheddar-cheese-2', 'spicy-buffalo-snack-wrap-grilled', 'Shredded Cheddar Cheese', 'Pasteurized milk, Modified milk ingredients, Salt, Bacterial culture, Calcium chloride, Microbial enzyme, Annatto, Cellulose, Natamycin.', 2),
  ('spicy-buffalo-snack-wrap-grilled-lettuce-3', 'spicy-buffalo-snack-wrap-grilled', 'Lettuce', 'Shredded iceberg lettuce.', 3),
  ('spicy-buffalo-snack-wrap-grilled-white-flour-tortilla-4', 'spicy-buffalo-snack-wrap-grilled', 'White Flour Tortilla', 'Enriched bleached wheat flour,  Water, Vegetable shortening (interesterified soybean oil, fully hydrogenated soybean oil), Sugar, Baking powder (sodium bicarbonate, corn starch, sodium aluminum sulfate, calcium sulfate, monocalcium phosphate), Potassium chloride, Monoglycerides, Salt, Vital wheat gluten, Sodium metabisulfite.', 4),
  ('spicy-buffalo-snack-wrap-grilled-grilled-chicken-portion-5', 'spicy-buffalo-snack-wrap-grilled', 'Grilled Chicken Portion', 'Chicken breast, Water, Rice starch, Salt, Sugar, Onion powder, Natural flavour, Chicken broth powder, Garlic powder, Baking soda, Spices and spice extracts, Rice hull powder, Chicken fat, Vegetable oil, Mushroom juice concentrate, Onion juice concentrate, Garlic juice concentrate, Herbs. Cooked on a grill, lightly seasoned, with clarified butter (unsalted butter).', 5),
  ('spicy-buffalo-snack-wrap-crispy-spicy-buffalo-sauce-1', 'spicy-buffalo-snack-wrap-crispy', 'Spicy Buffalo Sauce', 'Cayenne pepper sauce (cayenne peppers, vinegar, water, salt, garlic powder), Water, Soybean oil, Modified corn starch, Xanthan gum, Propylene glycol alginate, Natural flavour, Dehydrated garlic, Calcium disodium EDTA.', 1),
  ('spicy-buffalo-snack-wrap-crispy-shredded-cheddar-cheese-2', 'spicy-buffalo-snack-wrap-crispy', 'Shredded Cheddar Cheese', 'Pasteurized milk, Modified milk ingredients, Salt, Bacterial culture, Calcium chloride, Microbial enzyme, Annatto, Cellulose, Natamycin.', 2),
  ('spicy-buffalo-snack-wrap-crispy-lettuce-3', 'spicy-buffalo-snack-wrap-crispy', 'Lettuce', 'Shredded iceberg lettuce.', 3),
  ('spicy-buffalo-snack-wrap-crispy-white-flour-tortilla-4', 'spicy-buffalo-snack-wrap-crispy', 'White Flour Tortilla', 'Enriched bleached wheat flour,  Water, Vegetable shortening (interesterified soybean oil, fully hydrogenated soybean oil), Sugar, Baking powder (sodium bicarbonate, corn starch, sodium aluminum sulfate, calcium sulfate, monocalcium phosphate), Potassium chloride, Monoglycerides, Salt, Vital wheat gluten, Sodium metabisulfite.', 4),
  ('spicy-buffalo-snack-wrap-crispy-crispy-chicken-patty-5', 'spicy-buffalo-snack-wrap-crispy', 'Crispy Chicken Patty', 'Boneless chicken breast, Liquid vegetable oil shortening (canola oil, corn oil, hydrogenated soybean oil), Wheat flour, Water, Sugars (sugar, corn maltodextrin), Toasted wheat crumb, Rice starch, Salt, Corn flour, Spice, Modified corn starch, Baking powder, Natural flavour, Yeast extract, Vegetable oil, Baking soda, Wheat gluten, Sodium aluminum phosphate, Medium chain triglycerides. Cooked in vegetable oil (high oleic low linoleic canola oil and/or canola oil, corn oil, soybean oil, hydrogenated soybean oil, citric acid, dimethylpolysiloxane).', 5),
  ('new-sweet-chili-mcwrap-grilled-cucumber-1', 'new-sweet-chili-mcwrap-grilled', 'Cucumber', 'Cucumber.', 1),
  ('new-sweet-chili-mcwrap-grilled-mayonnaise-style-sauce-2', 'new-sweet-chili-mcwrap-grilled', 'Mayonnaise-Style Sauce', 'Soybean oil, Water, Liquid egg yolk, Vinegar, Sugar, Salt, Mustard seeds, Mustard bran, Xanthan gum, Potassium sorbate, Calcium disodium EDTA.', 2),
  ('new-sweet-chili-mcwrap-grilled-sweet-chili-sauce-3', 'new-sweet-chili-mcwrap-grilled', 'Sweet Chili Sauce', 'Sugar, Water, Vinegar, Red pepper puree, Modified corn starch, Salt, Dehydrated garlic, Chili pepper, Xanthan gum, Black pepper, Potassium sorbate, Sodium benzoate, Natural flavours.', 3),
  ('new-sweet-chili-mcwrap-grilled-lettuce-4', 'new-sweet-chili-mcwrap-grilled', 'Lettuce', 'Shredded iceberg lettuce.', 4),
  ('new-sweet-chili-mcwrap-grilled-white-flour-tortilla-5', 'new-sweet-chili-mcwrap-grilled', 'White Flour Tortilla', 'Enriched bleached wheat flour, Water, Vegetable shortening (interesterified soybean oil, fully hydrogenated soybean oil), Sugar, Baking powder (sodium bicarbonate, corn starch, sodium aluminum sulfate, calcium sulfate, monocalcium phosphate), Potasium chloride, Monoglycerides, Salt, Vital wheat Gluten, Sodium metabisulfite.', 5),
  ('new-sweet-chili-mcwrap-grilled-grilled-chicken-portion-6', 'new-sweet-chili-mcwrap-grilled', 'Grilled Chicken Portion', 'Chicken breast, Water, Rice starch, Salt, Sugar, Onion powder, Natural flavour, Chicken broth powder, Garlic powder, Baking soda, Spices and spice extracts, Rice hull powder, Chicken fat, Vegetable oil, Mushroom juice concentrate, Onion juice concentrate, Garlic juice concentrate, Herbs. Cooked on a grill, lightly seasoned, with clarified butter (unsalted butter).', 6),
  ('new-sweet-chili-mcwrap-crispy-cucumber-1', 'new-sweet-chili-mcwrap-crispy', 'Cucumber', 'Cucumber.', 1),
  ('new-sweet-chili-mcwrap-crispy-mayonnaise-style-sauce-2', 'new-sweet-chili-mcwrap-crispy', 'Mayonnaise-Style Sauce', 'Soybean oil, Water, Liquid egg yolk, Vinegar, Sugar, Salt, Mustard seeds, Mustard bran, Xanthan gum, Potassium sorbate, Calcium disodium EDTA.', 2),
  ('new-sweet-chili-mcwrap-crispy-sweet-chili-sauce-3', 'new-sweet-chili-mcwrap-crispy', 'Sweet Chili Sauce', 'Sugar, Water, Vinegar, Red pepper puree, Modified corn starch, Salt, Dehydrated garlic, Chili pepper, Xanthan gum, Black pepper, Potassium sorbate, Sodium benzoate, Natural flavours.', 3),
  ('new-sweet-chili-mcwrap-crispy-lettuce-4', 'new-sweet-chili-mcwrap-crispy', 'Lettuce', 'Shredded iceberg lettuce.', 4),
  ('new-sweet-chili-mcwrap-crispy-white-flour-tortilla-5', 'new-sweet-chili-mcwrap-crispy', 'White Flour Tortilla', 'Enriched bleached wheat flour, Water, Vegetable shortening (interesterified soybean oil, fully hydrogenated soybean oil), Sugar, Baking powder (sodium bicarbonate, corn starch, sodium aluminum sulfate, calcium sulfate, monocalcium phosphate), Potasium chloride, Monoglycerides, Salt, Vital wheat Gluten, Sodium metabisulfite.', 5),
  ('new-sweet-chili-mcwrap-crispy-crispy-chicken-patty-6', 'new-sweet-chili-mcwrap-crispy', 'Crispy Chicken Patty', 'Boneless chicken breast, Liquid vegetable oil shortening (canola oil, corn oil, hydrogenated soybean oil), Wheat flour, Water, Sugars (sugar, corn maltodextrin), Toasted wheat crumb, Rice starch, Salt, Corn flour, Spice, Modified corn starch, Baking powder, Natural flavour, Yeast extract, Vegetable oil, Baking soda, Wheat gluten, Sodium aluminum phosphate, Medium chain triglycerides. Cooked in vegetable oil (high oleic low linoleic canola oil and/or canola oil, corn oil, soybean oil, hydrogenated soybean oil, citric acid, dimethylpolysiloxane).', 6),
  ('new-chicken-and-bacon-mcwrap-crispy-bacon-slice-1', 'new-chicken-and-bacon-mcwrap-crispy', 'Bacon Slice', 'Pork, Water, Salt, Sugar, Smoke flavouring, Sodium phosphate, Sodium erythorbate, Sodium nitrite, Smoke.', 1),
  ('new-chicken-and-bacon-mcwrap-crispy-cucumber-2', 'new-chicken-and-bacon-mcwrap-crispy', 'Cucumber', 'Cucumber.', 2),
  ('new-chicken-and-bacon-mcwrap-crispy-mayonnaise-style-sauce-3', 'new-chicken-and-bacon-mcwrap-crispy', 'Mayonnaise-Style Sauce', 'Soybean oil, Water, Liquid egg yolk, Vinegar, Sugar, Salt, Mustard seeds, Mustard bran, Xanthan gum, Potassium sorbate, Calcium disodium EDTA.', 3),
  ('new-chicken-and-bacon-mcwrap-crispy-tomato-slice-4', 'new-chicken-and-bacon-mcwrap-crispy', 'Tomato Slice', 'Sliced tomato.', 4),
  ('new-chicken-and-bacon-mcwrap-crispy-lettuce-5', 'new-chicken-and-bacon-mcwrap-crispy', 'Lettuce', 'Shredded iceberg lettuce.', 5),
  ('new-chicken-and-bacon-mcwrap-crispy-white-flour-tortilla-6', 'new-chicken-and-bacon-mcwrap-crispy', 'White Flour Tortilla', 'Enriched bleached wheat flour, Water, Vegetable shortening (interesterified soybean oil, fully hydrogenated soybean oil), Sugar, Baking powder (sodium bicarbonate, corn starch, sodium aluminum sulfate, calcium sulfate, monocalcium phosphate), Potasium chloride, Monoglycerides, Salt, Vital wheat Gluten, Sodium metabisulfite.', 6),
  ('new-chicken-and-bacon-mcwrap-crispy-crispy-chicken-patty-7', 'new-chicken-and-bacon-mcwrap-crispy', 'Crispy Chicken Patty', 'Boneless chicken breast, Liquid vegetable oil shortening (canola oil, corn oil, hydrogenated soybean oil), Wheat flour, Water, Sugars (sugar, corn maltodextrin), Toasted wheat crumb, Rice starch, Salt, Corn flour, Spice, Modified corn starch, Baking powder, Natural flavour, Yeast extract, Vegetable oil, Baking soda, Wheat gluten, Sodium aluminum phosphate, Medium chain triglycerides. Cooked in vegetable oil (high oleic low linoleic canola oil and/or canola oil, corn oil, soybean oil, hydrogenated soybean oil, citric acid, dimethylpolysiloxane).', 7),
  ('new-chicken-and-bacon-mcwrap-grilled-bacon-slice-1', 'new-chicken-and-bacon-mcwrap-grilled', 'Bacon Slice', 'Pork, Water, Salt, Sugar, Smoke flavouring, Sodium phosphate, Sodium erythorbate, Sodium nitrite, Smoke.', 1),
  ('new-chicken-and-bacon-mcwrap-grilled-cucumber-2', 'new-chicken-and-bacon-mcwrap-grilled', 'Cucumber', 'Cucumber.', 2),
  ('new-chicken-and-bacon-mcwrap-grilled-mayonnaise-style-sauce-3', 'new-chicken-and-bacon-mcwrap-grilled', 'Mayonnaise-Style Sauce', 'Soybean oil, Water, Liquid egg yolk, Vinegar, Sugar, Salt, Mustard seeds, Mustard bran, Xanthan gum, Potassium sorbate, Calcium disodium EDTA.', 3),
  ('new-chicken-and-bacon-mcwrap-grilled-tomato-slice-4', 'new-chicken-and-bacon-mcwrap-grilled', 'Tomato Slice', 'Sliced tomato.', 4),
  ('new-chicken-and-bacon-mcwrap-grilled-lettuce-5', 'new-chicken-and-bacon-mcwrap-grilled', 'Lettuce', 'Shredded iceberg lettuce.', 5),
  ('new-chicken-and-bacon-mcwrap-grilled-white-flour-tortilla-6', 'new-chicken-and-bacon-mcwrap-grilled', 'White Flour Tortilla', 'Enriched bleached wheat flour, Water, Vegetable shortening (interesterified soybean oil, fully hydrogenated soybean oil), Sugar, Baking powder (sodium bicarbonate, corn starch, sodium aluminum sulfate, calcium sulfate, monocalcium phosphate), Potasium chloride, Monoglycerides, Salt, Vital wheat Gluten, Sodium metabisulfite.', 6),
  ('new-chicken-and-bacon-mcwrap-grilled-grilled-chicken-portion-7', 'new-chicken-and-bacon-mcwrap-grilled', 'Grilled Chicken Portion', 'Chicken breast, Water, Rice starch, Salt, Sugar, Onion powder, Natural flavour, Chicken broth powder, Garlic powder, Baking soda, Spices and spice extracts, Rice hull powder, Chicken fat, Vegetable oil, Mushroom juice concentrate, Onion juice concentrate, Garlic juice concentrate, Herbs. Cooked on a grill, lightly seasoned, with clarified butter (unsalted butter).', 7),
  ('ranch-chicken-snack-wrap-grilled-for-relaunch-premium-ranch-sauce-1', 'ranch-chicken-snack-wrap-grilled-for-relaunch', 'Premium Ranch Sauce', 'Water, Soybean and/or canola oil, Buttermilk (partly skimmed milk, salt, sodium citrate, bacterial culture), Vinegar, Skim milk powder, Sugar, Modified corn starch, Liquid egg yolk, Salt, Chives, Dehydrated garlic, Natural flavour, Dehydrated onion, Parsley, Lactic acid, Potassium chloride, Sodium gluconate, Xanthan gum, Potassium sorbate, Sodium benzoate, Propylene glycol alginate, Concentrated lemon juice, Calcium disodium EDTA.', 1),
  ('ranch-chicken-snack-wrap-grilled-for-relaunch-shredded-cheddar-cheese-2', 'ranch-chicken-snack-wrap-grilled-for-relaunch', 'Shredded Cheddar Cheese', 'Pasteurized milk, Modified milk ingredients, Salt, Bacterial culture, Calcium chloride, Microbial enzyme, Annatto, Cellulose, Natamycin.', 2),
  ('ranch-chicken-snack-wrap-grilled-for-relaunch-lettuce-3', 'ranch-chicken-snack-wrap-grilled-for-relaunch', 'Lettuce', 'Shredded iceberg lettuce.', 3),
  ('ranch-chicken-snack-wrap-grilled-for-relaunch-white-flour-tortilla-4', 'ranch-chicken-snack-wrap-grilled-for-relaunch', 'White Flour Tortilla', 'Enriched bleached wheat flour,  Water, Vegetable shortening (interesterified soybean oil, fully hydrogenated soybean oil), Sugar, Baking powder (sodium bicarbonate, corn starch, sodium aluminum sulfate, calcium sulfate, monocalcium phosphate), Potassium chloride, Monoglycerides, Salt, Vital wheat gluten, Sodium metabisulfite.', 4),
  ('ranch-chicken-snack-wrap-grilled-for-relaunch-grilled-chicken-portion-5', 'ranch-chicken-snack-wrap-grilled-for-relaunch', 'Grilled Chicken Portion', 'Chicken breast, Water, Rice starch, Salt, Sugar, Onion powder, Natural flavour, Chicken broth powder, Garlic powder, Baking soda, Spices and spice extracts, Rice hull powder, Chicken fat, Vegetable oil, Mushroom juice concentrate, Onion juice concentrate, Garlic juice concentrate, Herbs. Cooked on a grill, lightly seasoned, with clarified butter (unsalted butter).', 5),
  ('ranch-chicken-snack-wrap-crispy-for-relaunch-premium-ranch-sauce-1', 'ranch-chicken-snack-wrap-crispy-for-relaunch', 'Premium Ranch Sauce', 'Water, Soybean and/or canola oil, Buttermilk (partly skimmed milk, salt, sodium citrate, bacterial culture), Vinegar, Skim milk powder, Sugar, Modified corn starch, Liquid egg yolk, Salt, Chives, Dehydrated garlic, Natural flavour, Dehydrated onion, Parsley, Lactic acid, Potassium chloride, Sodium gluconate, Xanthan gum, Potassium sorbate, Sodium benzoate, Propylene glycol alginate, Concentrated lemon juice, Calcium disodium EDTA.', 1),
  ('ranch-chicken-snack-wrap-crispy-for-relaunch-shredded-cheddar-cheese-2', 'ranch-chicken-snack-wrap-crispy-for-relaunch', 'Shredded Cheddar Cheese', 'Pasteurized milk, Modified milk ingredients, Salt, Bacterial culture, Calcium chloride, Microbial enzyme, Annatto, Cellulose, Natamycin.', 2),
  ('ranch-chicken-snack-wrap-crispy-for-relaunch-lettuce-3', 'ranch-chicken-snack-wrap-crispy-for-relaunch', 'Lettuce', 'Shredded iceberg lettuce.', 3),
  ('ranch-chicken-snack-wrap-crispy-for-relaunch-white-flour-tortilla-4', 'ranch-chicken-snack-wrap-crispy-for-relaunch', 'White Flour Tortilla', 'Enriched bleached wheat flour,  Water, Vegetable shortening (interesterified soybean oil, fully hydrogenated soybean oil), Sugar, Baking powder (sodium bicarbonate, corn starch, sodium aluminum sulfate, calcium sulfate, monocalcium phosphate), Potassium chloride, Monoglycerides, Salt, Vital wheat gluten, Sodium metabisulfite.', 4),
  ('ranch-chicken-snack-wrap-crispy-for-relaunch-crispy-chicken-patty-5', 'ranch-chicken-snack-wrap-crispy-for-relaunch', 'Crispy Chicken Patty', 'Boneless chicken breast, Liquid vegetable oil shortening (canola oil, corn oil, hydrogenated soybean oil), Wheat flour, Water, Sugars (sugar, corn maltodextrin), Toasted wheat crumb, Rice starch, Salt, Corn flour, Spice, Modified corn starch, Baking powder, Natural flavour, Yeast extract, Vegetable oil, Baking soda, Wheat gluten, Sodium aluminum phosphate, Medium chain triglycerides. Cooked in vegetable oil (high oleic low linoleic canola oil and/or canola oil, corn oil, soybean oil, hydrogenated soybean oil, citric acid, dimethylpolysiloxane).', 5),
  ('mcveggie-mayonnaise-style-sauce-1', 'mcveggie', 'Mayonnaise-Style Sauce', 'Soybean oil, Water, Liquid egg yolk, Vinegar, Sugar, Salt, Mustard seeds, Mustard bran, Xanthan gum, Potassium sorbate, Calcium disodium EDTA.', 1),
  ('mcveggie-lettuce-2', 'mcveggie', 'Lettuce', 'Shredded iceberg lettuce.', 2),
  ('mcveggie-sesame-seed-bun-3', 'mcveggie', 'Sesame Seed Bun', 'Enriched wheat flour, Water, Sugars (sugar, corn dextrose, corn maltodextrin), Yeast, Vegetable oil (canola and/or soy), Sesame seeds, Vegetable proteins (pea, potato, fava bean), Sunflower oil, Corn starch, Salt, May contain any or all of the following in varying proportions:  Wheat gluten, Guar gum, Dough conditioner (monoglycerides, DATEM, ascorbic acid, enzymes), Tricalcium phosphate, Natural flavour, Corn starch, Soybean oil, Vinegar.', 3),
  ('mcveggie-crunchy-breaded-veggie-patty-4', 'mcveggie', 'Crunchy Breaded Veggie Patty', 'Carrots, Enriched flour, Onions, Canola oil, Oat bran, Green beans, Zucchini, Water, Green peas, Edamame soybeans, Broccoli, Corn, Soy flour, Spinach, Red pepper, Arrowroot flour, Cornstarch, Sea salt, Garlic, Cornmeal, Corn flour, Sugars (sugar, dextrose), Salt, Oats, Baking powder, Yeast, Sunflower oil, Rice flour, Spices, Parsley. Cooked in vegetable oil (high oleic low linoleic canola oil and/or canola oil, corn oil, soybean oil, hydrogenated soybean oil, citric acid, dimethylpolysiloxane).', 4),
  ('spicy-mcveggie-creamy-habanero-sauce-1', 'spicy-mcveggie', 'Creamy Habanero Sauce', 'Soybean and/or canola oil, Water, Prepared mustard (water, mustard seed, vinegar, salt, mustard bran), Liquid egg yolk, Vinegar, Sugar, Salt, Dehydrated garlic, Modified corn starch, Dehydrated onion, Citric acid, Xanthan gum, Propylene glycol alginate, Ground Mustard, Paprika, Black pepper, Lactic acid, Red habanero chili, Chives, Potassium sorbate, Sodium benzoate,  Paprika extract, Cilantro, Calcium disodium EDTA.', 1),
  ('spicy-mcveggie-lettuce-2', 'spicy-mcveggie', 'Lettuce', 'Shredded iceberg lettuce.', 2),
  ('spicy-mcveggie-sesame-seed-bun-3', 'spicy-mcveggie', 'Sesame Seed Bun', 'Enriched wheat flour, Water, Sugars (sugar, corn dextrose, corn maltodextrin), Yeast, Vegetable oil (canola and/or soy), Sesame seeds, Vegetable proteins (pea, potato, fava bean), Sunflower oil, Corn starch, Salt, May contain any or all of the following in varying proportions:  Wheat gluten, Guar gum, Dough conditioner (monoglycerides, DATEM, ascorbic acid, enzymes), Tricalcium phosphate, Natural flavour, Corn starch, Soybean oil, Vinegar.', 3),
  ('spicy-mcveggie-crunchy-breaded-veggie-patty-4', 'spicy-mcveggie', 'Crunchy Breaded Veggie Patty', 'Carrots, Enriched flour, Onions, Canola oil, Oat bran, Green beans, Zucchini, Water, Green peas, Edamame soybeans, Broccoli, Corn, Soy flour, Spinach, Red pepper, Arrowroot flour, Cornstarch, Sea salt, Garlic, Cornmeal, Corn flour, Sugars (sugar, dextrose), Salt, Oats, Baking powder, Yeast, Sunflower oil, Rice flour, Spices, Parsley. Cooked in vegetable oil (high oleic low linoleic canola oil and/or canola oil, corn oil, soybean oil, hydrogenated soybean oil, citric acid, dimethylpolysiloxane).', 4),
  ('filet-o-fish-processed-cheese-1', 'filet-o-fish', 'Processed Cheese', 'Cheese (milk, partly skimmed milk, modified milk ingredients, salt, bacterial culture, calcium chloride, microbial enzyme, lipase, annatto), Modified milk ingredients, Water, Sodium citrate, Salt, Citric acid, Beta-carotene, Paprika, Soy lecithin.', 1),
  ('filet-o-fish-tartar-sauce-2', 'filet-o-fish', 'Tartar Sauce', 'Soybean oil, Pickles (cucumber, water, salt, vinegar, calcium chloride), Water, Liquid egg yolk, Onion, Vinegar, Salt, Sugar, Mustard, Capers, Xanthan gum, Potassium sorbate, Parsley, Natural flavour, Polysorbate 80.', 2),
  ('filet-o-fish-regular-bun-3', 'filet-o-fish', 'Regular Bun', 'Enriched wheat flour, Water, Sugars (sugar, corn dextrose, corn maltodextrin), Yeast, Vegetable oil (canola and/or soy), Vegetable proteins (pea, potato, faba bean), Sunflower oil, Corn starch, Salt, May contain and or all of the following in varying proportions: Wheat gluten, Dough conditioners (monoglycerides, datem, ascorbic acid, enzymes), Vinegar.', 3),
  ('filet-o-fish-filet-o-fish-portion-4', 'filet-o-fish', 'Filet-O-Fish Portion', 'Alaska pollock, Water, Enriched bleached wheat flour, Modified corn starch, Yellow corn flour, Salt, Sugars (dextrose, sugar), Dried yeast, Paprika, Turmeric, Cellulose gum, Spices. Cooked in vegetable oil (high oleic low linoleic canola oil and/or canola oil, corn oil, soybean oil, hydrogenated soybean oil, citric acid, dimethylpolysiloxane).', 4),
  ('double-filet-o-fish-processed-cheese-1', 'double-filet-o-fish', 'Processed Cheese', 'Cheese (milk, partly skimmed milk, modified milk ingredients, salt, bacterial culture, calcium chloride, microbial enzyme, lipase, annatto), Modified milk ingredients, Water, Sodium citrate, Salt, Citric acid, Beta-carotene, Paprika, Soy lecithin.', 1),
  ('double-filet-o-fish-tartar-sauce-2', 'double-filet-o-fish', 'Tartar Sauce', 'Soybean oil, Pickles (cucumber, water, salt, vinegar, calcium chloride), Water, Liquid egg yolk, Onion, Vinegar, Salt, Sugar, Mustard, Capers, Xanthan gum, Potassium sorbate, Parsley, Natural flavour, Polysorbate 80.', 2),
  ('double-filet-o-fish-regular-bun-3', 'double-filet-o-fish', 'Regular Bun', 'Enriched wheat flour, Water, Sugars (sugar, corn dextrose, corn maltodextrin), Yeast, Vegetable oil (canola and/or soy), Vegetable proteins (pea, potato, faba bean), Sunflower oil, Corn starch, Salt, May contain and or all of the following in varying proportions: Wheat gluten, Dough conditioners (monoglycerides, datem, ascorbic acid, enzymes), Vinegar.', 3),
  ('double-filet-o-fish-filet-o-fish-portion-4', 'double-filet-o-fish', 'Filet-O-Fish Portion', 'Alaska pollock, Water, Enriched bleached wheat flour, Modified corn starch, Yellow corn flour, Salt, Sugars (dextrose, sugar), Dried yeast, Paprika, Turmeric, Cellulose gum, Spices. Cooked in vegetable oil (high oleic low linoleic canola oil and/or canola oil, corn oil, soybean oil, hydrogenated soybean oil, citric acid, dimethylpolysiloxane).', 4),
  ('happy-meal-snack-wrap-grilled-mayonnaise-style-sauce-1', 'happy-meal-snack-wrap-grilled', 'Mayonnaise-Style Sauce', 'Soybean oil, Water, Liquid egg yolk, Vinegar, Sugar, Salt, Mustard seeds, Mustard bran, Xanthan gum, Potassium sorbate, Calcium disodium EDTA.', 1),
  ('happy-meal-snack-wrap-grilled-lettuce-2', 'happy-meal-snack-wrap-grilled', 'Lettuce', 'Shredded iceberg lettuce.', 2),
  ('happy-meal-snack-wrap-grilled-white-flour-tortilla-3', 'happy-meal-snack-wrap-grilled', 'White Flour Tortilla', 'Enriched bleached wheat flour,  Water, Vegetable shortening (interesterified soybean oil, fully hydrogenated soybean oil), Sugar, Baking powder (sodium bicarbonate, corn starch, sodium aluminum sulfate, calcium sulfate, monocalcium phosphate), Potassium chloride, Monoglycerides, Salt, Vital wheat gluten, Sodium metabisulfite.', 3),
  ('happy-meal-snack-wrap-grilled-grilled-chicken-portion-4', 'happy-meal-snack-wrap-grilled', 'Grilled Chicken Portion', 'Chicken breast, Water, Rice starch, Salt, Sugar, Onion powder, Natural flavour, Chicken broth powder, Garlic powder, Baking soda, Spices and spice extracts, Rice hull powder, Chicken fat, Vegetable oil, Mushroom juice concentrate, Onion juice concentrate, Garlic juice concentrate, Herbs. Cooked on a grill, lightly seasoned, with clarified butter (unsalted butter).', 4),
  ('Baked-Blueberry-Cream-Cheese-Pie-blueberry-cream-cheese-pie-1', 'Baked-Blueberry-Cream-Cheese-Pie', 'Blueberry Cream Cheese Pie', 'Pastry: Enriched wheat flour, Vegetable shortening (palm oil and modified palm oil, soy lecithin, natural butter flavour, beta carotene), Water, Sugar, Yeast, L-cysteine hydrochloride, Ascorbic acid.    Filling: Cream cheese filling [water, cream cheese (skim milk, cream, salt, guar gum, xanthan gum, locust bean gum, bacterial cultures), sugar, modified corn starch, natural flavours, lactic acid, xanthan gum, salt, potassium sorbate, sodium citrate, locust bean gum], Blueberry filling [blueberries, sugars (glucose-fructose, sugar, dextrose), water, modified corn starch, natural flavour, sorbitol, concentrated lemon juice, citric acid, salt].    Topping: Sugar, Caramel.', 1),
  ('chewy-chocolate-chunk-cookie-chocolate-chunk-cookie-1', 'chewy-chocolate-chunk-cookie', 'Chocolate Chunk Cookie', 'Sugars (sugar, brown sugar), Enriched wheat flour (contains barley), Palm and soybean oil spread (modified palm oil, water, soybean oil, salt, whey [milk], natural flavour [contains milk], mono- and diglycerides, soy lecithin, vitamin A palmitate, beta carotene [colour]), Semi-sweet chocolate chips (sugar, unsweetened chocolate, cocoa butter, butter oil [milk], soy lecithin, vanilla extract), Semi-sweet chocolate chunks (sugar, unsweetened chocolate, cocoa butter, soy lecithin, vanilla extract, milk ingredients), Liquid whole eggs, Natural flavour, Caramel colour, Sodium bicarbonate, Salt, Baking powder.', 1),
  ('rainbow-sprinkle-cookie-rainbow-sprinkle-cookie-1', 'rainbow-sprinkle-cookie', 'Rainbow Sprinkle Cookie', 'Enriched wheat flour (contains barley), Sugars (sugar, brown sugar), Palm and soybean oil spread (modified palm oil, water, soybean oil, salt, whey powder (milk), natural flavour (contains milk), mono- and diglycerides, soy lecithin, vitamin A palmitate added, beta-carotene [colour]), White confectionery chips (sugar, modified palm kernel and/or palm oil, skim milk powder, soy lecithin, natural flavour), Liquid whole eggs, Rainbow sprinkles (sugar, corn starch, modified palm and palm kernel oil, annatto extract [colour], carnauba wax, citric acid, dextrin, fruit and vegetable juice [sweet potato, radish, cherry, apple, carrot, blueberry], paprika extract [colour], sodium bicarbonate, soy lecithin, spirulina extract [colour], turmeric oleoresin [colour]), Natural flavour, Sodium bicarbonate, Salt, Baking powder.', 1),
  ('toasted-smores-cookie-toasted-s-mores-cookie-1', 'toasted-smores-cookie', 'Toasted S''mores Cookie', 'Enriched wheat flour (contains barley), Sugars (brown sugar, sugar), Palm and soybean oil spread (modified palm oil, water, soybean oil, salt, whey [milk], natural flavour [contains milk], mono- and diglycerides, soy lecithin, vitamin A palmitate, beta carotene [colour]), Mini marshmallows (tapioca syrup, sugar, tapioca starch, water, carrageenan, soy protein, natural flavour), Liquid whole eggs, Semi-sweet chocolate chips (sugar, unsweetened chocolate, cocoa butter, butter oil [milk], soy lecithin, vanilla extract), Graham-style pieces (graham-style cracker [enriched wheat flour, whole wheat flour, sugar, palm oil, honey, molasses, salt, baking soda, natural flavour, soy lecithin], palm oil), Natural flavour, Salt, Sodium bicarbonate, Baking powder.', 1),
  ('chocolate-chip-muffin-chocolate-chip-muffin-1', 'chocolate-chip-muffin', 'Chocolate Chip Muffin', 'Unbleached enriched wheat flour, Sugar, Water, Vegetable oil, Liquid egg white, Milk chocolate chips (sugar, milk ingredients, chocolate liquor, cocoa butter, soy lecithin, natural flavour), Buttermilk (skim milk, salt, bacterial cultures), Modified corn starch, Baking powder, Baking soda, Cellulose gum, Propylene glycol esters of fatty acids, Monoglycerides, Carrageenan, Guar gum, Soy lecithin, Sodium stearoyl-lactate, Potassium chloride, Natural flavour.', 1),
  ('apple-slices-apple-slices-1', 'apple-slices', 'Apple Slices', 'Apples, Calcium ascorbate.', 1),
  ('french-fries-medium-french-fries-1', 'french-fries-medium', 'French Fries', 'Potatoes, High oleic low linolenic canola oil and/or canola oil, Hydrogenated soybean oil, Natural flavour (vegetable source), Sugars (dextrose), Sodium acid pyrophopshate (maintain colour), Citric acid (preservative), Dimethylpolysiloxane (antifoaming agent). Cooked in vegetable oil (high oleic low linoleic canola oil and/or canola oil, corn oil, soybean oil, hydrogenated soybean oil, citric acid, dimethylpolysiloxane)', 1),
  ('french-fries-medium-salt-2', 'french-fries-medium', 'Salt', 'Salt, Silicoaluminate, Sugar (dextrose), Potassium iodide.', 2),
  ('mini-fry-french-fries-1', 'mini-fry', 'French Fries', 'Potatoes, High oleic low linolenic canola oil and/or canola oil, Hydrogenated soybean oil, Natural flavour (vegetable source), Sugars (dextrose), Sodium acid pyrophopshate (maintain colour), Citric acid (preservative), Dimethylpolysiloxane (antifoaming agent). Cooked in vegetable oil (high oleic low linoleic canola oil and/or canola oil, corn oil, soybean oil, hydrogenated soybean oil, citric acid, dimethylpolysiloxane)', 1),
  ('mini-fry-salt-2', 'mini-fry', 'Salt', 'Salt, Silicoaluminate, Sugar (dextrose), Potassium iodide.', 2),
  ('poutine-salt-1', 'poutine', 'Salt', 'Salt, Silicoaluminate, Sugar (dextrose), Potassium iodide.', 1),
  ('poutine-cheese-curds-2', 'poutine', 'Cheese Curds', 'Pasteurized milk, Modified milk ingredients, Salt, Bacterial culture, Calcium chloride, Microbial enzyme.', 2),
  ('poutine-poutine-gravy-3', 'poutine', 'Poutine Gravy', 'Sugars (corn maltodextrin, glucose solids, corn syrup solids, sugar), Modified corn starch, Hydrolyzed corn protein, Salt, Modified tapioca starch, Tomato powder, Onion powder, Vegetable oil (sunflower and/or canola oil), Caramel colour, Yeast extract, Chicken broth powder, Xanthan gum, Chicken fat, Silicon dioxide, Garlic powder, Spice extractives, Beet powder, Locust bean & guar gum, Extractives of paprika.', 3),
  ('poutine-french-fries-4', 'poutine', 'French Fries', 'Potatoes, High oleic low linolenic canola oil and/or canola oil, Hydrogenated soybean oil, Natural flavour (vegetable source), Sugars (dextrose), Sodium acid pyrophopshate (maintain colour), Citric acid (preservative), Dimethylpolysiloxane (antifoaming agent). Cooked in vegetable oil (high oleic low linoleic canola oil and/or canola oil, corn oil, soybean oil, hydrogenated soybean oil, citric acid, dimethylpolysiloxane)', 4),
  ('fruit-fibre-muffin-fruit-and-fibre-muffin-1', 'fruit-fibre-muffin', 'Fruit & Fibre Muffin', 'Unbleached enriched wheat flour, Sugars (sugar, molasses, honey blend), Vegetable oil, Banana puree (bananas, ascorbic acid), Liquid egg white, Modified milk ingredients, Water, Wheat bran, Blueberries, Cranberries, Dehydrated apples, Baking soda, Whole grain rolled oats, Rolled whole wheat, Baking powder, Dried coconut, Propylene glycol esters of fatty acids, Monoglycerides, Salt, Coconut oil, Carrageenan, Guar gum, Soy lecithin, Cellulose gum, Sodium stearoyl-lactate, Potassium chloride, Natural flavour.', 1),
  ('blueberry-muffin-blueberry-muffin-1', 'blueberry-muffin', 'Blueberry Muffin', 'Sugar, Unbleached enriched wheat flour, Water, Blueberries, Vegetable oil, Liquid egg white, Whole grain oat flour, Whole grain wheat flour, Modified milk ingredients, Sodium aluminum phosphate, Baking soda, Salt, Propylene glycol esters of fatty acids, Modified corn starch, Monoglycerides, Cellulose gum, Carrageenan, Guar gum, Sodium stearoyl-lactate, Soy lecithin, Potassium chloride, Natural flavour.', 1),
  ('carrot-muffin-carrot-muffin-1', 'carrot-muffin', 'Carrot Muffin', 'Unbleached enriched wheat flour, Sugars (sugar, brown sugar), Carrots, Vegetable oil, Liquid egg white, Water, Whole grain rolled oats, Baking powder, Cinnamon, Baking soda, Salt, Modified corn starch, Whole grain wheat flour, Propylene glycol esters of fatty acids, Monoglycerides, Carrageenan, Guar gum, Soy lecithin, Modified milk ingredients, Sodium stearoyl-lactate, Potassium chloride.', 1),
  ('cranberry-orange-muffin-201057-cranberry-orange-muffin-1', 'cranberry-orange-muffin-201057', 'Cranberry Orange Muffin', 'Unbleached enriched wheat flour, Sugars (sugar, demerara cane sugar), Water, Cranberries, Liquid egg white, Vegetable oil, Yogurt (modified milk ingredients, modified corn starch, active bacterial culture), Buttermilk (skim milk, salt, bacterial cultures), Oranges, Orange juice concentrate, Baking powder, Baking soda, Salt, Propylene glycol esters of fatty acids, Monoglycerides, Cellulose gum, Carrageenan, Sodium stearoyl-lactate, Guar gum, Soy lecithin, Potassium chloride, Turmeric, Annatto, Natural flavour.', 1),
  ('baked-apple-pie-baked-apple-pie-1', 'baked-apple-pie', 'Baked Apple Pie', 'Pastry: Enriched wheat flour, Vegetable oil shortening (palm oil and modified palm oil, soy lecithin, natural butter flavour, beta carotene), Water, Sugar, Yeast, Salt, L-cysteine hydrochloride, ascorbic acid.  Filling : Apples (apples, water, ascorbic acid, salt, citric acid), Sugars (glucose-fructose, sugar, dextrose, brown sugar), Water, Modified corn starch, Sorbitol, Salt, Natural flavour, Spices.   Topping: Sugar, Spices.', 1),
  ('cadbury-creme-egg-mcflurry-regular-creme-egg-syrup-1', 'cadbury-creme-egg-mcflurry-regular', 'Creme Egg Syrup', 'Sugars (glucose syrup, sugar), Water, Modified corn starch, Egg whites, Natural flavour (plant source), Extractives of paprika, Sulphites, Mono- and diglycerides (antifoaming agent).    Contains: Egg, Sulphites.', 1),
  ('cadbury-creme-egg-mcflurry-regular-cadbury-chocolate-2', 'cadbury-creme-egg-mcflurry-regular', 'Cadbury Chocolate', 'Sugar, Cocoa butter, Whole milk powder, Unsweetened chocolate, Skim milk powder, Butteroil (milk), Soy lecithin, Natural vanilla extract.  Made with the same equipment as, and may come into contact with, ingredients that contain MILK, SOY, WHEAT, EGG, SULPHITES and TREE NUTS (ALMONDS).', 2),
  ('cadbury-creme-egg-mcflurry-regular-vanilla-ice-milk-3', 'cadbury-creme-egg-mcflurry-regular', 'Vanilla Ice Milk', 'Milk ingredients, Sugars (sugar, glucose, dextrose), Modified milk ingredients, Mono- and diglycerides, Guar gum, Carrageenan, Cellulose gum, Natural flavour, Sodium hydroxide, Sodium carbonate.', 3),
  ('triple-thick-shamrock-shake-syrup-medium-triple-thick-shamrock-shake-syrup-1', 'triple-thick-shamrock-shake-syrup-medium', 'Triple Thick Shamrock Shake Syrup', 'Sugars (glucose syrup, glucose-fructose), Water, Glycerin, Beta carotene, Natural flavour (plant source), Sodium benzoate, Citric acid, Brilliant blue FCF, Mono- and diglycerides (antifoaming agent). May contain milk and small amount of other shake flavours served at the restaurant.', 1),
  ('triple-thick-shamrock-shake-syrup-medium-vanilla-ice-milk-2', 'triple-thick-shamrock-shake-syrup-medium', 'Vanilla Ice Milk', 'Milk ingredients, Sugars (sugar, glucose, dextrose), Modified milk ingredients, Mono- and diglycerides, Guar gum, Carrageenan, Cellulose gum, Natural flavour, Sodium hydroxide, Sodium carbonate.', 2),
  ('salted-caramel-mcFlurry-regular-salted-caramel-crunch-topping-1', 'salted-caramel-mcFlurry-regular', 'Salted Caramel Crunch Topping', 'Sugars (sugar, brown sugar), Salt, Natural flavours. Made with the same equipment as, and may come into contact with, ingredients that contain MILK, SOY, WHEAT, EGG, SULPHITES and TREE NUTS (ALMONDS).', 1),
  ('salted-caramel-mcFlurry-regular-hot-caramel-topping-2', 'salted-caramel-mcFlurry-regular', 'Hot Caramel Topping', 'Sugars (glucose syrup, sugar, glucose-fructose), Sweetened condensed milk, Water, Unsalted butter, Disodium phosphate, Salt, Pectin, Natural flavours (plant and dairy source).', 2),
  ('salted-caramel-mcFlurry-regular-vanilla-ice-milk-3', 'salted-caramel-mcFlurry-regular', 'Vanilla Ice Milk', 'Milk ingredients, Sugars (sugar, glucose, dextrose), Modified milk ingredients, Mono- and diglycerides, Guar gum, Carrageenan, Cellulose gum, Natural flavour, Sodium hydroxide, Sodium carbonate.', 3),
  ('sundae-strawberry-strawberry-sauce-1', 'sundae-strawberry', 'Strawberry Sauce', 'Strawberries, Sugars (sucrose, apple juice concentrate, strawberry juice concentrate, high fructose corn syrup, elderberry juice concentrate), Water, Natural flavour (plant source), Citric acid, Anthocyanins, Locust bean gum, Pectin, Potassium sorbate, Sodium benzoate, Beta carotene, Mono- and diglycerides (antifoaming agent), Calcium chloride.', 1),
  ('sundae-strawberry-vanilla-ice-milk-2', 'sundae-strawberry', 'Vanilla Ice Milk', 'Milk ingredients, Sugars (sugar, glucose, dextrose), Modified milk ingredients, Mono- and diglycerides, Guar gum, Carrageenan, Cellulose gum, Natural flavour, Sodium hydroxide, Sodium carbonate.', 2),
  ('cone-vanilla-large-cone-1', 'cone-vanilla', 'Large Cone', 'Enriched wheat flour, tapioca starch, sugar, vegetable shortening (soybean oil and/or canola oil, palm oil, soy lecithin), leavening (baking soda, ammonium bicarbonate), salt, natural flavour (plant source), natural colour (annatto), corn syrup', 1),
  ('cone-vanilla-vanilla-ice-milk-2', 'cone-vanilla', 'Vanilla Ice Milk', 'Milk ingredients, Sugars (sugar, glucose, dextrose), Modified milk ingredients, Mono- and diglycerides, Guar gum, Carrageenan, Cellulose gum, Natural flavour, Sodium hydroxide, Sodium carbonate.', 2),
  ('sundae-hot-fudge-hot-fudge-sundae-topping-1', 'sundae-hot-fudge', 'Hot Fudge Sundae Topping', 'Sugars (sugar, glucose syrup), Water, Hydrogenated coconut oil, Milk ingredients, Cocoa, Salt, Disodium phosphate, Potassium sorbate, Natural flavour (plant source), Polyglycerol esters of fatty acids, Soy lecithin.', 1),
  ('sundae-hot-fudge-vanilla-ice-milk-2', 'sundae-hot-fudge', 'Vanilla Ice Milk', 'Milk ingredients, Sugars (sugar, glucose, dextrose), Modified milk ingredients, Mono- and diglycerides, Guar gum, Carrageenan, Cellulose gum, Natural flavour, Sodium hydroxide, Sodium carbonate.', 2),
  ('sundae-hot-caramel-hot-caramel-topping-1', 'sundae-hot-caramel', 'Hot Caramel Topping', 'Sugars (glucose syrup, sugar, glucose-fructose), Sweetened condensed milk, Water, Unsalted butter, Disodium phosphate, Salt, Pectin, Natural flavours (plant and dairy source).', 1),
  ('sundae-hot-caramel-vanilla-ice-milk-2', 'sundae-hot-caramel', 'Vanilla Ice Milk', 'Milk ingredients, Sugars (sugar, glucose, dextrose), Modified milk ingredients, Mono- and diglycerides, Guar gum, Carrageenan, Cellulose gum, Natural flavour, Sodium hydroxide, Sodium carbonate.', 2),
  ('mcflurry-oreo-regular-size-portion-oreo-mix-in-1', 'mcflurry-oreo-regular-size-portion', 'Oreo Mix-in', 'Sugars (sugar, golden sugar and/or glucose-fructose), Wheat flour, Modified palm oil, Vegetable oil, Cocoa, Corn and/or Wheat Starch, Salt, Soy lecithin, Baking soda, Ammonium bicarbonate, Monocalcium phosphate, Unsweetened chocolate, Natural flavours, Artificial flavour. Made with the same equipment as, and may come into contact with, ingredients that contain MILK, SOY, WHEAT, EGG, SULPHITES and TREE NUTS (ALMONDS).', 1),
  ('mcflurry-oreo-regular-size-portion-vanilla-ice-milk-2', 'mcflurry-oreo-regular-size-portion', 'Vanilla Ice Milk', 'Milk ingredients, Sugars (sugar, glucose, dextrose), Modified milk ingredients, Mono- and diglycerides, Guar gum, Carrageenan, Cellulose gum, Natural flavour, Sodium hydroxide, Sodium carbonate.', 2),
  ('mcflurry-dessert-crushed-skor-candy-bars-regular-size-portion-crushed-skor-candy-bars-1', 'mcflurry-dessert-crushed-skor-candy-bars-regular-size-portion', 'Crushed SKOR Candy Bars', 'Milk chocolate [sugars (sugar, lactose), cocoa butter, unsweetened chocolate, milk ingredients, salt, lecithin (soy), natural flavour], Sugars ( sugar, sweetened condensed milk), Milk ingredients, Almonds, Salt, Sunflower oil. Made with the same equipment as, and may come into contact with, ingredients that contain MILK, SOY, WHEAT, EGG, SULPHITES and TREE NUTS (ALMONDS).', 1),
  ('mcflurry-dessert-crushed-skor-candy-bars-regular-size-portion-vanilla-ice-milk-2', 'mcflurry-dessert-crushed-skor-candy-bars-regular-size-portion', 'Vanilla Ice Milk', 'Milk ingredients, Sugars (sugar, glucose, dextrose), Modified milk ingredients, Mono- and diglycerides, Guar gum, Carrageenan, Cellulose gum, Natural flavour, Sodium hydroxide, Sodium carbonate.', 2),
  ('smarties-mcflurry-regular-size-portion-crushed-smarties-1', 'smarties-mcflurry-regular-size-portion', 'Crushed Smarties', 'Milk chocolate (sugar, modified milk ingredients, cocoa butter, unsweetened chocolate, soy lecithin, polyglycerol polyricinoleate, natural flavour), Sugars (sugar, maltodextrin), Wheat flour, Modified corn starch, Carnauba wax, Gum arabic, Beet red, Spirulina, Turmeric, Carotene, Anthocyanin, Sodium copper chlorophyllin.  Made with the same equipment as, and may come into contact with, ingredients that contain MILK, SOY, WHEAT, EGG, SULPHITES and TREE NUTS (ALMONDS).', 1),
  ('smarties-mcflurry-regular-size-portion-vanilla-ice-milk-2', 'smarties-mcflurry-regular-size-portion', 'Vanilla Ice Milk', 'Milk ingredients, Sugars (sugar, glucose, dextrose), Modified milk ingredients, Mono- and diglycerides, Guar gum, Carrageenan, Cellulose gum, Natural flavour, Sodium hydroxide, Sodium carbonate.', 2),
  ('triple-thick-milkshake-chocolate-medium-triple-thick-milkshake-chocolate-syrup-1', 'triple-thick-milkshake-chocolate-medium', 'Triple Thick Milkshake Chocolate Syrup', 'Sugars (sugar, glucose syrup), Water, Glycerol, Cocoa (processed with alkali), Concentrate of apple, carrot and hibiscus, Natural flavour (plant source), Salt, Potassium sorbate. May contain milk and small amount of other shake flavours served at the restaurant.', 1),
  ('triple-thick-milkshake-chocolate-medium-vanilla-ice-milk-2', 'triple-thick-milkshake-chocolate-medium', 'Vanilla Ice Milk', 'Milk ingredients, Sugars (sugar, glucose, dextrose), Modified milk ingredients, Mono- and diglycerides, Guar gum, Carrageenan, Cellulose gum, Natural flavour, Sodium hydroxide, Sodium carbonate.', 2),
  ('triple-thick-milkshake-vanilla-medium-triple-thick-milkshake-vanilla-syrup-1', 'triple-thick-milkshake-vanilla-medium', 'Triple Thick Milkshake Vanilla Syrup', 'Sugar (glucose syrup), Water, Glycerin, Natural flavour (plant source), Caramel colour, Beta carotene, Potassium sorbate, Polydimethylsiloxane (antifoam processing aid). May contain milk and small amount of other shake flavours served at the restaurant.', 1),
  ('triple-thick-milkshake-vanilla-medium-vanilla-ice-milk-2', 'triple-thick-milkshake-vanilla-medium', 'Vanilla Ice Milk', 'Milk ingredients, Sugars (sugar, glucose, dextrose), Modified milk ingredients, Mono- and diglycerides, Guar gum, Carrageenan, Cellulose gum, Natural flavour, Sodium hydroxide, Sodium carbonate.', 2),
  ('triple-thick-milkshake-strawberry-medium-triple-thick-milkshake-strawberry-syrup-1', 'triple-thick-milkshake-strawberry-medium', 'Triple Thick Milkshake Strawberry Syrup', 'Sugars (sugar, glucose syrup), Water, Strawberries, Glycerin, Natural flavour (plant source), Anthocyanins, Pectin, Citric acid, Beta carotene, Xanthan gum, Potassium sorbate, Sodium benzoate, Calcium chloride, Mono- and diglycerides. May contain milk and small amount of other shake flavours served at the restaurant.', 1),
  ('triple-thick-milkshake-strawberry-medium-vanilla-ice-milk-2', 'triple-thick-milkshake-strawberry-medium', 'Vanilla Ice Milk', 'Milk ingredients, Sugars (sugar, glucose, dextrose), Modified milk ingredients, Mono- and diglycerides, Guar gum, Carrageenan, Cellulose gum, Natural flavour, Sodium hydroxide, Sodium carbonate.', 2),
  ('strawberry-flavoured-yogurt-tube-strawberry-yogurt-tube-1', 'strawberry-flavoured-yogurt-tube', 'Strawberry Yogurt Tube', 'Skim milk, Sugar, Water, Cream, Corn starch, Milk protein concentrate, Natural flavour, Agar, Black carrot juice and carotene (for colour), Red beet juice concentrate (for colour), Lemon juice concentrate, Active bacterial cultures, Vitamin D3. Made with vitamin D fortified skim milk.', 1),
  ('strawberry-banana-smoothie-with-yogurt-medium-smoothie-yogurt-mix-1', 'strawberry-banana-smoothie-with-yogurt-medium', 'Smoothie Yogurt Mix', 'Milk ingredients, Modified corn starch, Pectin, Carrageenan, Bacterial culture.', 1),
  ('strawberry-banana-smoothie-with-yogurt-medium-ice-2', 'strawberry-banana-smoothie-with-yogurt-medium', 'Ice', 'Water', 2),
  ('strawberry-banana-smoothie-with-yogurt-medium-strawberry-banana-fruit-smoothie-base-3', 'strawberry-banana-smoothie-with-yogurt-medium', 'Strawberry Banana Fruit Smoothie Base', 'Strawberry puree, Sugars (clarified demineralized pineapple juice concentrate, apple juice concentrate), Water, Banana puree,  Cellulose gum, Natural (botanical source) flavours, Xanthan gum, Pectin, Fruit and vegetable juice for colour, Citric acid, Ascorbic acid, Tumeric oleoresin for colour, Ester of mono & diglycerides. Dispensed from equipment that also dispenses milk ingredients.  Made with the same equipment as, and may come into contact with MILK.', 3),
  ('blueberry-pomegranate-smoothie-with-yogurt-medium-smoothie-yogurt-mix-1', 'blueberry-pomegranate-smoothie-with-yogurt-medium', 'Smoothie Yogurt Mix', 'Milk ingredients, Modified corn starch, Pectin, Carrageenan, Bacterial culture.', 1),
  ('blueberry-pomegranate-smoothie-with-yogurt-medium-ice-2', 'blueberry-pomegranate-smoothie-with-yogurt-medium', 'Ice', 'Water', 2),
  ('blueberry-pomegranate-smoothie-with-yogurt-medium-blueberry-pomegranate-smoothie-fruit-base-3', 'blueberry-pomegranate-smoothie-with-yogurt-medium', 'Blueberry Pomegranate Smoothie Fruit Base', 'Sugars (clarified demineralized pineapple juice concentrate, apple juice concentrate, peach juice concentrate, pear juice concentrate), Blueberrry puree, Water, Strawberry puree, Pomegranate juice concentrate, Raspberry puree, Xanthan gum, Citric acid, Lemon juice concentrate, Natural (botanical source) flavours, Pectin, Fruit and vegetable juice for colour. Made with the same equipment as, and may come into contact with MILK.', 3),
  ('mango-pineapple-smoothie-with-yogurt-medium-smoothie-yogurt-mix-1', 'mango-pineapple-smoothie-with-yogurt-medium', 'Smoothie Yogurt Mix', 'Milk ingredients, Modified corn starch, Pectin, Carrageenan, Bacterial culture.', 1),
  ('mango-pineapple-smoothie-with-yogurt-medium-ice-2', 'mango-pineapple-smoothie-with-yogurt-medium', 'Ice', 'Water', 2),
  ('mango-pineapple-smoothie-with-yogurt-medium-mango-pineapple-fruit-base-3', 'mango-pineapple-smoothie-with-yogurt-medium', 'Mango Pineapple Fruit Base', 'Water, Sugars (clarified demineralized pineapple juice concentrate, orange juice concentrate, apple juice concentrate), Mango puree concentrate, Pineapple puree, Cellulose powder, Natural (botanical source) flavours, Xanthan gum, Pectin, Fruit and vegetable juice for colour, Acetylated monoglycerides, Tumeric oleoresin (for colour), Citric acid.  Made with the same equipment as, and may come into contact with, MILK.', 3),
  ('watermelon-lime-fruit-splash-medium-watermelon-lime-flavoured-syrup-1', 'watermelon-lime-fruit-splash-medium', 'Watermelon Lime Flavoured Syrup', 'Sugars (sugar, carrot juice concentrate [carrot, water, citric acid], apple juice concentrate [apple, water, citric acid], sweet potato concentrate [sweet potato, water, citric acid]),  Water, Lime juice concentrate, Natural flavours, Citric acid, Potassium sorbate, Sodium benzoate, Xanthan gum, Soybean oil, Silicon dioxide, Carnauba wax, Tocopherols.', 1),
  ('watermelon-lime-fruit-splash-medium-lemonade-concentrate-2', 'watermelon-lime-fruit-splash-medium', 'Lemonade Concentrate', 'Water, Sugar, Lemon juice concentrate, Lemon pulp, Orange juice concentrate, Natural flavour, Citric acid, Salt.', 2),
  ('watermelon-lime-fruit-splash-medium-ice-3', 'watermelon-lime-fruit-splash-medium', 'Ice', 'Water', 3),
  ('watermelon-lime-fruit-splash-medium-water-4', 'watermelon-lime-fruit-splash-medium', 'Water', 'Water', 4),
  ('lemon-fruit-splash-medium-lemonade-concentrate-1', 'lemon-fruit-splash-medium', 'Lemonade Concentrate', 'Water, Sugar, Lemon juice concentrate, Lemon pulp, Orange juice concentrate, Natural flavour, Citric acid, Salt.', 1),
  ('lemon-fruit-splash-medium-ice-2', 'lemon-fruit-splash-medium', 'Ice', 'Water', 2),
  ('lemon-fruit-splash-medium-water-3', 'lemon-fruit-splash-medium', 'Water', 'Water', 3),
  ('fuze-iced-tea-medium-ice-1', 'fuze-iced-tea-medium', 'Ice', 'Water', 1),
  ('fuze-iced-tea-medium-fuze-iced-tea-2', 'fuze-iced-tea-medium', 'Fuze Iced Tea', 'Filtered water, Sugar/glucose-fructose, Citric acid, Concentrated tea from tea leaves, Potassium citrate, Sodium benzoate, Natural lemon flavour.', 2),
  ('fruitopia-strawberry-passion-awareness-medium-fruitopia-strawberry-passion-awareness-1', 'fruitopia-strawberry-passion-awareness-medium', 'Fruitopia Strawberry Passion Awareness', 'Sugar/glucose-fructose, Filtered water, Fruit juices from concentrate (apple, pear, strawberry and passionfruit), Citric acid, Natural flavour, Ascorbic acid (vitamin c), Sodium benzoate, Potassium citrate, Stevia extract, Potassium sorbate, Allura red, Sunset yellow FCF, Coconut oil, Potassium benzoate.', 1),
  ('fruitopia-strawberry-passion-awareness-medium-ice-2', 'fruitopia-strawberry-passion-awareness-medium', 'Ice', 'Water', 2),
  ('fruitopia-orange-groove-medium-fruitopia-orange-groove-1', 'fruitopia-orange-groove-medium', 'Fruitopia Orange Groove', 'Sugar/glucose-fructose, Filter water, Fruit juices from concentrate (orange and tangerine), Citric acid, Ascorbic acid (vitamin c), Natural flavour, Sodium benzoate, Potassium citrate, Stevia extract, Modified cornstarch, Potassium sorbate, Sunset yellow FCF, Tartrazine.', 1),
  ('fruitopia-orange-groove-medium-ice-2', 'fruitopia-orange-groove-medium', 'Ice', 'Water', 2),
  ('coca-cola-zero-medium-coca-cola-zero-1', 'coca-cola-zero-medium', 'Coca-Cola Zero', 'Water, Caramel colour, Phosphoric acid, Potassium citrate, Natural flavour, Aspartame (contains phenylalanine), Acesulfame-potassium, Potassium benzoate, Caffeine, Sucralose, Dimethylpolysiloxane.', 1),
  ('coca-cola-zero-medium-ice-2', 'coca-cola-zero-medium', 'Ice', 'Water', 2),
  ('coca-cola-medium-ice-1', 'coca-cola-medium', 'Ice', 'Water', 1),
  ('coca-cola-medium-coca-cola-2', 'coca-cola-medium', 'Coca-Cola', 'Sugar/glucose-fructose, Water, Caramel colour, Phosphoric acid, Natural flavour, Caffeine.', 2),
  ('diet-coke-medium-diet-coke-1', 'diet-coke-medium', 'Diet Coke', 'Water, Caramel colour, Phosphoric and citric acid, Aspartame (contains phenylalanine), Flavour, Sodium benzoate, Acesulfame-potassium, Caffeine, Dimethylpolysiloxane.', 1),
  ('diet-coke-medium-ice-2', 'diet-coke-medium', 'Ice', 'Water', 2),
  ('orange-juice-medium-orange-juice-1', 'orange-juice-medium', 'Orange Juice', 'Water, Orange juice from concentrate.', 1),
  ('apple-juice-medium-apple-juice-1', 'apple-juice-medium', 'Apple Juice', 'Concentrated apple juice, Ascorbic acid (vitamin C).', 1),
  ('1-partly-skimmed-milk-250-ml-1-partly-skimmed-milk-1', '1-partly-skimmed-milk-250-ml', '1% Partly Skimmed Milk', 'Partly skimmed milk, Vitamin A palmitate, Vitamin D3.', 1),
  ('1-partly-skimmed-chocolate-milk-1-partly-skimmed-chocolate-milk-1', '1-partly-skimmed-chocolate-milk', '1% Partly Skimmed Chocolate Milk', 'Partly skimmed milk, Sugar, Cocoa, Salt, Carrageenan, Natural flavour, Viitamin A palmitate, Vitamin D3.', 1),
  ('barqs-root-beer-medium-barq-s-root-beer-1', 'barqs-root-beer-medium', 'Barq''s Root Beer', 'Sugar/glucose-fructose, Water, Caramel colour, Sodium benzoate, Citric acid, Caffeine, Natural and artificial flavours.', 1),
  ('barqs-root-beer-medium-ice-2', 'barqs-root-beer-medium', 'Ice', 'Water', 2),
  ('sprite-medium-sprite-1', 'sprite-medium', 'Sprite', 'Sugar/glucose-fructose, Water, Citric acid, Sodium citrate, Sodium benzoate, Natural flavour.', 1),
  ('sprite-medium-ice-2', 'sprite-medium', 'Ice', 'Water', 2),
  ('dasani-water-dasani-water-1', 'dasani-water', 'Dasani Water', 'Water, Magnesium sulphate, Potassium chloride, Salt, Ozone.', 1),
  ('salted-caramel-latte-medium-espresso-coffee-1', 'salted-caramel-latte-medium', 'Espresso Coffee', 'Water, Ground espresso beans.', 1),
  ('salted-caramel-latte-medium-salted-caramel-flavoured-syrup-2', 'salted-caramel-latte-medium', 'Salted Caramel Flavoured Syrup', 'Sugars (sugar, brown sugar, molasses), Water, Glycerin, Salt, Natural flavours, Potassium sorbate (preservative).', 2),
  ('salted-caramel-latte-medium-2-milk-3', 'salted-caramel-latte-medium', '2% milk', 'Partly skimmed milk, Vitamin A palmitate, Vitamin D3.', 3),
  ('salted-caramel-iced-coffee-medium-brewed-coffee-1', 'salted-caramel-iced-coffee-medium', 'Brewed Coffee', 'Water, 100% roasted Arabica coffee.', 1),
  ('salted-caramel-iced-coffee-medium-salted-caramel-flavoured-syrup-2', 'salted-caramel-iced-coffee-medium', 'Salted Caramel Flavoured Syrup', 'Sugars (sugar, brown sugar, molasses), Water, Glycerin, Salt, Natural flavours, Potassium sorbate (preservative).', 2),
  ('salted-caramel-iced-coffee-medium-18-cream-3', 'salted-caramel-iced-coffee-medium', '18% Cream', 'Milk, Cream, Sodium citrate, Sodium phosphate, Carrageenan.', 3),
  ('salted-caramel-iced-coffee-medium-water-4', 'salted-caramel-iced-coffee-medium', 'Water', 'Water', 4),
  ('salted-caramel-iced-coffee-medium-ice-5', 'salted-caramel-iced-coffee-medium', 'Ice', 'Water', 5),
  ('oat-iced-coffee-medium-brewed-coffee-1', 'oat-iced-coffee-medium', 'Brewed Coffee', 'Water, 100% roasted Arabica coffee.', 1),
  ('oat-iced-coffee-medium-liquid-sugar-2', 'oat-iced-coffee-medium', 'Liquid Sugar', 'Sugar, Water, Potassium sorbate, Citric acid.', 2),
  ('oat-iced-coffee-medium-oat-beverage-3', 'oat-iced-coffee-medium', 'Oat Beverage', 'Water, Oats (gluten-free), Canola oil, Dipotassium phosphate, Calcium carbonate, Salt, Tricalcium phosphate, Gellan gum, Amylase, Protease.', 3),
  ('oat-iced-coffee-medium-water-4', 'oat-iced-coffee-medium', 'Water', 'Water', 4),
  ('oat-iced-coffee-medium-ice-5', 'oat-iced-coffee-medium', 'Ice', 'Water', 5),
  ('berry-mcpops-berry-mcpops-donut-1', 'berry-mcpops', 'Berry McPops Donut', 'Enriched flour, Fruit filling (sugar, raspberry puree, sour cherry puree, water, black currant puree, strawberry puree, red currant puree, modified corn starch, sorbic acid, potassium sorbate, natural flavour, gellan gum), Sugars (dextrose, sugar), Palm oil, Liquid whole egg, Anhydrous butter oil, Canola oil, Yeast, Pea starch, Salt, Palm fat, Beet red (for colour) , Mono- and diglycerides of fatty acids, Gluten flour, Natural flavour, Ascorbic acid, Apple juice concentrate (for colour), Blackcurrant juice concentrate (for colour), Radish juice concentrate (for colour), alpha-Amylase (maltogenic), Xylanase, alpha-Amylase, Transglutaminase, Cellulase.', 1),
  ('white-chocolate-mcpops-white-chocolate-mcpops-1', 'white-chocolate-mcpops', 'White Chocolate McPops', 'Enriched flour, White chocolate filling (sugar, sunflower oil, whole milk powder, white chocolate [whole milk powder, sugar, cocoa butter], whey powder, skim milk powder, soy lecithin, natural flavour), Sugars (dextrose, sugar), Palm oil, Liquid whole egg, Anhydrous butter oil, Canola oil, Yeast, Modified potato starch, Salt, Palm fat, Mono- and diglycerides of fatty acids, Magnesium stearate, Silicon dioxide, Gluten flour, Natural flavour, Ascorbic acid, alpha-Amylase (maltogenic), Xylanase, alpha-Amylase, Transglutaminase, Cellulase.', 1),
  ('hazelnut-cocoa-mcpops-hazelnut-and-cocoa-mcpops-1', 'hazelnut-cocoa-mcpops', 'Hazelnut & Cocoa McPops', 'Enriched flour, Hazelnut filling (sugar, sunflower oil, skim milk powder, whey powder, palm oil, lactose, hazelnut paste, soy lecithin, natural flavour), Palm oil, Sugars (glucose, sugar, dextrose, glucose syrup), Liquid whole egg, Anhydrous butter oil, Canola oil, Yeast, Wheat starch, Salt, Coconut oil, Low fat cocoa powder, Mono- and diglycerides of fatty acids, Wheat gluten, Natural flavour, Ascorbic acid, Milk protein, alpha-Amylase (maltogenic), Xylanase, alpha-Amylase, Transglutaminase, Cellulase.', 1),
  ('coffee-medium-brewed-coffee-1', 'coffee-medium', 'Brewed Coffee', 'Water, 100% roasted Arabica coffee.', 1),
  ('premium-tea-medium-premium-tea-1', 'premium-tea-medium', 'Premium Tea', 'Peppermint Tea: Peppermint; Green Tea: Green tea, Lemongrass, Lemon balm, Lemon verbena; Earl Grey Tea: Black tea, Natural flavour; Orange Pekoe Tea: Black tea.', 1),
  ('cappuccino-with-2-milk-medium-espresso-coffee-1', 'cappuccino-with-2-milk-medium', 'Espresso Coffee', 'Water, Ground espresso beans.', 1),
  ('cappuccino-with-2-milk-medium-2-milk-2', 'cappuccino-with-2-milk-medium', '2% milk', 'Partly skimmed milk, Vitamin A palmitate, Vitamin D3.', 2),
  ('latte-with-2-milk-medium-espresso-coffee-1', 'latte-with-2-milk-medium', 'Espresso Coffee', 'Water, Ground espresso beans.', 1),
  ('latte-with-2-milk-medium-2-milk-2', 'latte-with-2-milk-medium', '2% milk', 'Partly skimmed milk, Vitamin A palmitate, Vitamin D3.', 2),
  ('french-vanilla-latte-with-2-milk-medium-french-vanilla-flavoured-syrup-1', 'french-vanilla-latte-with-2-milk-medium', 'French Vanilla Flavoured Syrup', 'Sugars (sugar, sweetened condensed skim milk, glucose syrup), Water, Hydrogenated coconut oil, Natural flavours (plant and honey sources), Glycerin, Salt, Potassium sorbate (preservative), Soy lecithin.', 1),
  ('french-vanilla-latte-with-2-milk-medium-espresso-coffee-2', 'french-vanilla-latte-with-2-milk-medium', 'Espresso Coffee', 'Water, Ground espresso beans.', 2),
  ('french-vanilla-latte-with-2-milk-medium-2-milk-3', 'french-vanilla-latte-with-2-milk-medium', '2% milk', 'Partly skimmed milk, Vitamin A palmitate, Vitamin D3.', 3),
  ('latte-with-sugar-free-syrup-with-2-milk-medium-sugar-free-syrup-1', 'latte-with-sugar-free-syrup-with-2-milk-medium', 'Sugar Free Syrup', 'Water, Natural and artificial flavours, Cellullose gum, Sucralose, Salt, Malic acid, Acesulfame potassium, Potassium sorbate (preservative), Caramel colour (with sulfites).', 1),
  ('latte-with-sugar-free-syrup-with-2-milk-medium-espresso-coffee-2', 'latte-with-sugar-free-syrup-with-2-milk-medium', 'Espresso Coffee', 'Water, Ground espresso beans.', 2),
  ('latte-with-sugar-free-syrup-with-2-milk-medium-2-milk-3', 'latte-with-sugar-free-syrup-with-2-milk-medium', '2% milk', 'Partly skimmed milk, Vitamin A palmitate, Vitamin D3.', 3),
  ('caramel-latte-with-2-milk-medium-caramel-flavoured-syrup-1', 'caramel-latte-with-2-milk-medium', 'Caramel Flavoured Syrup', 'Sugars (sugar, sweetened condensed skim milk, brown sugar), Water, Butter (cream, salt), Natural flavours (plant source), Salt, Soy lecithin (emulsifier), Potassium sorbate (preservative).', 1),
  ('caramel-latte-with-2-milk-medium-espresso-coffee-2', 'caramel-latte-with-2-milk-medium', 'Espresso Coffee', 'Water, Ground espresso beans.', 2),
  ('caramel-latte-with-2-milk-medium-2-milk-3', 'caramel-latte-with-2-milk-medium', '2% milk', 'Partly skimmed milk, Vitamin A palmitate, Vitamin D3.', 3),
  ('mocha-with-2-milk-medium-espresso-coffee-1', 'mocha-with-2-milk-medium', 'Espresso Coffee', 'Water, Ground espresso beans.', 1),
  ('mocha-with-2-milk-medium-whipped-cream-2', 'mocha-with-2-milk-medium', 'Whipped Cream', 'Cream, Water, Sugar, Skim milk powder, Maltodextrin, Cellulose gel, Mono- and diglycerides, Natural flavour, Carrageenan, Cellulose gum, Nitrous oxide (pressure dispensing agent).', 2),
  ('mocha-with-2-milk-medium-chocolate-syrup-3', 'mocha-with-2-milk-medium', 'Chocolate Syrup', 'Sugar, Water, Cocoa, Bittersweet chocolate, Natural flavour, Salt, Xanthan gum, Potassium sorbate, Propylene glycol.', 3),
  ('mocha-with-2-milk-medium-2-milk-4', 'mocha-with-2-milk-medium', '2% milk', 'Partly skimmed milk, Vitamin A palmitate, Vitamin D3.', 4),
  ('espresso-espresso-coffee-1', 'espresso', 'Espresso Coffee', 'Water, Ground espresso beans.', 1),
  ('double-espresso-espresso-coffee-1', 'double-espresso', 'Espresso Coffee', 'Water, Ground espresso beans.', 1),
  ('americano-medium-espresso-coffee-1', 'americano-medium', 'Espresso Coffee', 'Water, Ground espresso beans.', 1),
  ('americano-medium-water-2', 'americano-medium', 'Water', 'Water', 2),
  ('hot-chocolate-with-2-milk-medium-2-milk-1', 'hot-chocolate-with-2-milk-medium', '2% milk', 'Partly skimmed milk, Vitamin A palmitate, Vitamin D3.', 1),
  ('hot-chocolate-with-2-milk-medium-chocolate-syrup-2', 'hot-chocolate-with-2-milk-medium', 'Chocolate Syrup', 'Sugar, Water, Cocoa, Bittersweet chocolate, Natural flavour, Salt, Xanthan gum, Potassium sorbate, Propylene glycol.', 2),
  ('hot-chocolate-with-2-milk-medium-whipped-cream-3', 'hot-chocolate-with-2-milk-medium', 'Whipped Cream', 'Cream, Water, Sugar, Skim milk powder, Maltodextrin, Cellulose gel, Mono- and diglycerides, Natural flavour, Carrageenan, Cellulose gum, Nitrous oxide (pressure dispensing agent).', 3),
  ('higgins-burke-hot-chocolate-water-1', 'higgins-burke-hot-chocolate', 'Water', 'Water', 1),
  ('higgins-burke-hot-chocolate-18-cream-2', 'higgins-burke-hot-chocolate', '18% Cream', 'Milk, Cream, Sodium citrate, Sodium phosphate, Carrageenan.', 2),
  ('higgins-burke-hot-chocolate-hot-chocolate-packet-3', 'higgins-burke-hot-chocolate', 'Hot Chocolate (Packet)', 'Sugar, Non-fat dry milk, Non-dairy creamer [corn syrup solids, coconut oil, sodium citrate (milk derivative), dipotassium phosphate, mono and diglycerides, silicon dioxide, artificial flavour, turmeric, annatto extract], Cocoa (processed with alkali), Natural and artificial flavour (plant source), Salt, Tricalcium phosphate, Carboxymethylcellulose gum, Instant coffee.', 3),
  ('iced-coffee-medium-brewed-coffee-1', 'iced-coffee-medium', 'Brewed Coffee', 'Water, 100% roasted Arabica coffee.', 1),
  ('iced-coffee-medium-18-cream-2', 'iced-coffee-medium', '18% Cream', 'Milk, Cream, Sodium citrate, Sodium phosphate, Carrageenan.', 2),
  ('iced-coffee-medium-liquid-sugar-3', 'iced-coffee-medium', 'Liquid Sugar', 'Sugar, Water, Potassium sorbate, Citric acid.', 3),
  ('vanilla-iced-coffee-medium-brewed-coffee-1', 'vanilla-iced-coffee-medium', 'Brewed Coffee', 'Water, 100% roasted Arabica coffee.', 1),
  ('vanilla-iced-coffee-medium-18-cream-2', 'vanilla-iced-coffee-medium', '18% Cream', 'Milk, Cream, Sodium citrate, Sodium phosphate, Carrageenan.', 2),
  ('vanilla-iced-coffee-medium-french-vanilla-flavoured-syrup-3', 'vanilla-iced-coffee-medium', 'French Vanilla Flavoured Syrup', 'Sugars (sugar, sweetened condensed skim milk, glucose syrup), Water, Hydrogenated coconut oil, Natural flavours (plant and honey sources), Glycerin, Salt, Potassium sorbate (preservative), Soy lecithin.', 3),
  ('caramel-iced-coffee-medium-caramel-flavoured-syrup-1', 'caramel-iced-coffee-medium', 'Caramel Flavoured Syrup', 'Sugars (sugar, sweetened condensed skim milk, brown sugar), Water, Butter (cream, salt), Natural flavours (plant source), Salt, Soy lecithin (emulsifier), Potassium sorbate (preservative).', 1),
  ('caramel-iced-coffee-medium-18-cream-2', 'caramel-iced-coffee-medium', '18% Cream', 'Milk, Cream, Sodium citrate, Sodium phosphate, Carrageenan.', 2),
  ('caramel-iced-coffee-medium-brewed-coffee-3', 'caramel-iced-coffee-medium', 'Brewed Coffee', 'Water, 100% roasted Arabica coffee.', 3),
  ('coffee-iced-frapp-medium-ice-1', 'coffee-iced-frapp-medium', 'Ice', 'Water', 1),
  ('coffee-iced-frapp-medium-coffee-frappe-2', 'coffee-iced-frapp-medium', 'Coffee Frappe', 'Skim milk, Sugar, Cream, Skim milk powder, Natural flavour, Dipotassium phosphate, Mono- and diglycerides, Guar gum, Tripotassium citrate, Disodium phosphate, Carrageenan, Locust bean gum.', 2),
  ('iced-coffee-with-sugar-free-syrup-medium-sugar-free-syrup-1', 'iced-coffee-with-sugar-free-syrup-medium', 'Sugar Free Syrup', 'Water, Natural and artificial flavours, Cellullose gum, Sucralose, Salt, Malic acid, Acesulfame potassium, Potassium sorbate (preservative), Caramel colour (with sulfites).', 1),
  ('iced-coffee-with-sugar-free-syrup-medium-18-cream-2', 'iced-coffee-with-sugar-free-syrup-medium', '18% Cream', 'Milk, Cream, Sodium citrate, Sodium phosphate, Carrageenan.', 2),
  ('iced-coffee-with-sugar-free-syrup-medium-brewed-coffee-3', 'iced-coffee-with-sugar-free-syrup-medium', 'Brewed Coffee', 'Water, 100% roasted Arabica coffee.', 3),
  ('vanilla-chai-iced-frapp-small-vanilla-chai-frapp-base-1', 'vanilla-chai-iced-frapp-small', 'Vanilla Chai Frappe Base', 'Sugar, Skim milk, Cream, Skim milk powder, Natural flavour, Mono- and diglycerides, Guar gum, Tripotassium citrate, Disodium phosphate, Carrageenan, Locust bean gum, Dipotassium phosphate.', 1),
  ('vanilla-chai-iced-frapp-small-ice-2', 'vanilla-chai-iced-frapp-small', 'Ice', 'Water', 2),
  ('chocolate-brownie-muffin-chocolate-brownie-muffin-mix-1', 'chocolate-brownie-muffin', 'Chocolate Brownie Muffin Mix', 'Unbleached enriched wheat flour, Sugar, Water, Liquid egg white, Vegetable oil, Buttermilk, Chocolate chips (sugar, chocolate liquor, cocoa butter, soy lecithin, natural flavour), Cocoa, Brownie pieces (sugar, wheat flour, rice syrup, cocoa, palm oil, natural flavour, salt), Baking powder, Baking soda, Modified corn starch, Propylene glycol esters of fatty acids, Monoglycerides, Cellulose gum, Carrageenan, Guar gum, Soy lecithin, Sodium stearoyl-lactate, Potassium chloride, Natural flavour.', 1),
  ('french-fries-small-mcpicks-french-fries-1', 'french-fries-small-mcpicks', 'French Fries', 'Potatoes, High oleic low linolenic canola oil and/or canola oil, Hydrogenated soybean oil, Natural flavour (vegetable source), Sugars (dextrose), Sodium acid pyrophopshate (maintain colour), Citric acid (preservative), Dimethylpolysiloxane (antifoaming agent). Cooked in vegetable oil (high oleic low linoleic canola oil and/or canola oil, corn oil, soybean oil, hydrogenated soybean oil, citric acid, dimethylpolysiloxane)', 1),
  ('french-fries-small-mcpicks-salt-2', 'french-fries-small-mcpicks', 'Salt', 'Salt, Silicoaluminate, Sugar (dextrose), Potassium iodide.', 2),
  ('banana-chocolate-chunk-muffin-banana-chocolate-chunk-muffin-1', 'banana-chocolate-chunk-muffin', 'Banana Chocolate Chunk Muffin', 'Sugar, Unbleached enriched wheat flour, Banana puree (bananas, ascorbic acid), Water, Liquid egg white, Vegetable oil, Chocolate chunks (chocolate liquor, sugar, dextrose, soy lecithin, natural flavour), Whole grain oat flour, Whole grain wheat flour, Modified milk ingredients, Baking powder, Baking soda, Modified corn starch, Carrageenan, Guar gum, Soy lecithin, Salt, Propylene glycol esters of fatty acids, Monoglycerides, Potassium chloride, Sodium stearoyl-lactate, Natural flavour.', 1),
  ('baked-apple-pie-200553-baked-apple-pie-1', 'baked-apple-pie-200553', 'Baked Apple Pie', 'Pastry: Enriched wheat flour, Vegetable oil shortening (palm oil and modified palm oil, soy lecithin, natural butter flavour, beta carotene), Water, Sugar, Yeast, Salt, L-cysteine hydrochloride, ascorbic acid.  Filling : Apples (apples, water, ascorbic acid, salt, citric acid), Sugars (glucose-fructose, sugar, dextrose, brown sugar), Water, Modified corn starch, Sorbitol, Salt, Natural flavour, Spices.   Topping: Sugar, Spices.', 1)
;

insert into item_component_allergens (item_component_id, allergen_id, relation_type) values
  ('franks-redhot-creamy-garlic-chicken-mcmuffin-butter-1', 'milk', 'contains'),
  ('franks-redhot-creamy-garlic-chicken-mcmuffin-processed-cheese-2', 'milk', 'contains'),
  ('franks-redhot-creamy-garlic-chicken-mcmuffin-processed-cheese-2', 'soy', 'contains'),
  ('franks-redhot-creamy-garlic-chicken-mcmuffin-frank-s-redhot-creamy-garlic-sauce-3', 'egg', 'contains'),
  ('franks-redhot-creamy-garlic-chicken-mcmuffin-frank-s-redhot-creamy-garlic-sauce-3', 'milk', 'contains'),
  ('franks-redhot-creamy-garlic-chicken-mcmuffin-junior-chicken-patty-4', 'wheat', 'contains'),
  ('franks-redhot-creamy-garlic-chicken-mcmuffin-english-muffin-5', 'barley', 'contains'),
  ('franks-redhot-creamy-garlic-chicken-mcmuffin-english-muffin-5', 'wheat', 'contains'),
  ('franks-redhot-creamy-garlic-egg-mcmuffin-butter-1', 'milk', 'contains'),
  ('franks-redhot-creamy-garlic-egg-mcmuffin-processed-cheese-2', 'milk', 'contains'),
  ('franks-redhot-creamy-garlic-egg-mcmuffin-processed-cheese-2', 'soy', 'contains'),
  ('franks-redhot-creamy-garlic-egg-mcmuffin-frank-s-redhot-creamy-garlic-sauce-3', 'egg', 'contains'),
  ('franks-redhot-creamy-garlic-egg-mcmuffin-frank-s-redhot-creamy-garlic-sauce-3', 'milk', 'contains'),
  ('franks-redhot-creamy-garlic-egg-mcmuffin-egg-5', 'egg', 'contains'),
  ('franks-redhot-creamy-garlic-egg-mcmuffin-egg-5', 'milk', 'contains'),
  ('franks-redhot-creamy-garlic-egg-mcmuffin-english-muffin-6', 'barley', 'contains'),
  ('franks-redhot-creamy-garlic-egg-mcmuffin-english-muffin-6', 'wheat', 'contains'),
  ('franks-redhot-creamy-garlic-sausage-n-egg-mcmuffin-butter-1', 'milk', 'contains'),
  ('franks-redhot-creamy-garlic-sausage-n-egg-mcmuffin-processed-cheese-2', 'milk', 'contains'),
  ('franks-redhot-creamy-garlic-sausage-n-egg-mcmuffin-processed-cheese-2', 'soy', 'contains'),
  ('franks-redhot-creamy-garlic-sausage-n-egg-mcmuffin-frank-s-redhot-creamy-garlic-sauce-3', 'egg', 'contains'),
  ('franks-redhot-creamy-garlic-sausage-n-egg-mcmuffin-frank-s-redhot-creamy-garlic-sauce-3', 'milk', 'contains'),
  ('franks-redhot-creamy-garlic-sausage-n-egg-mcmuffin-egg-5', 'egg', 'contains'),
  ('franks-redhot-creamy-garlic-sausage-n-egg-mcmuffin-egg-5', 'milk', 'contains'),
  ('franks-redhot-creamy-garlic-sausage-n-egg-mcmuffin-english-muffin-6', 'barley', 'contains'),
  ('franks-redhot-creamy-garlic-sausage-n-egg-mcmuffin-english-muffin-6', 'wheat', 'contains'),
  ('franks-redhot-creamy-garlic-bacon-n-egg-mcmuffin-butter-1', 'milk', 'contains'),
  ('franks-redhot-creamy-garlic-bacon-n-egg-mcmuffin-processed-cheese-3', 'milk', 'contains'),
  ('franks-redhot-creamy-garlic-bacon-n-egg-mcmuffin-processed-cheese-3', 'soy', 'contains'),
  ('franks-redhot-creamy-garlic-bacon-n-egg-mcmuffin-frank-s-redhot-creamy-garlic-sauce-4', 'egg', 'contains'),
  ('franks-redhot-creamy-garlic-bacon-n-egg-mcmuffin-frank-s-redhot-creamy-garlic-sauce-4', 'milk', 'contains'),
  ('franks-redhot-creamy-garlic-bacon-n-egg-mcmuffin-egg-5', 'egg', 'contains'),
  ('franks-redhot-creamy-garlic-bacon-n-egg-mcmuffin-egg-5', 'milk', 'contains'),
  ('franks-redhot-creamy-garlic-bacon-n-egg-mcmuffin-english-muffin-6', 'barley', 'contains'),
  ('franks-redhot-creamy-garlic-bacon-n-egg-mcmuffin-english-muffin-6', 'wheat', 'contains'),
  ('mighty-mcgriddle-processed-cheese-1', 'milk', 'contains'),
  ('mighty-mcgriddle-processed-cheese-1', 'soy', 'contains'),
  ('mighty-mcgriddle-egg-4', 'egg', 'contains'),
  ('mighty-mcgriddle-egg-4', 'milk', 'contains'),
  ('mighty-mcgriddle-mcgriddles-cakes-5', 'barley', 'contains'),
  ('mighty-mcgriddle-mcgriddles-cakes-5', 'milk', 'contains'),
  ('mighty-mcgriddle-mcgriddles-cakes-5', 'soy', 'contains'),
  ('mighty-mcgriddle-mcgriddles-cakes-5', 'wheat', 'contains'),
  ('mighty-mcmuffin-butter-1', 'milk', 'contains'),
  ('mighty-mcmuffin-processed-cheese-2', 'milk', 'contains'),
  ('mighty-mcmuffin-processed-cheese-2', 'soy', 'contains'),
  ('mighty-mcmuffin-egg-5', 'egg', 'contains'),
  ('mighty-mcmuffin-egg-5', 'milk', 'contains'),
  ('mighty-mcmuffin-english-muffin-6', 'barley', 'contains'),
  ('mighty-mcmuffin-english-muffin-6', 'wheat', 'contains'),
  ('spicy-egg-hash-brown-breakfast-wrap-processed-cheese-1', 'milk', 'contains'),
  ('spicy-egg-hash-brown-breakfast-wrap-processed-cheese-1', 'soy', 'contains'),
  ('spicy-egg-hash-brown-breakfast-wrap-creamy-habanero-sauce-3', 'egg', 'contains'),
  ('spicy-egg-hash-brown-breakfast-wrap-creamy-habanero-sauce-3', 'mustard', 'contains'),
  ('spicy-egg-hash-brown-breakfast-wrap-egg-5', 'egg', 'contains'),
  ('spicy-egg-hash-brown-breakfast-wrap-egg-5', 'milk', 'contains'),
  ('spicy-egg-hash-brown-breakfast-wrap-white-flour-tortilla-7', 'wheat', 'contains'),
  ('chicken-hash-brown-breakfast-wrap-processed-cheese-1', 'milk', 'contains'),
  ('chicken-hash-brown-breakfast-wrap-processed-cheese-1', 'soy', 'contains'),
  ('chicken-hash-brown-breakfast-wrap-mayonnaise-style-sauce-2', 'egg', 'contains'),
  ('chicken-hash-brown-breakfast-wrap-mayonnaise-style-sauce-2', 'mustard', 'contains'),
  ('chicken-hash-brown-breakfast-wrap-junior-chicken-patty-4', 'wheat', 'contains'),
  ('chicken-hash-brown-breakfast-wrap-white-flour-tortilla-6', 'wheat', 'contains'),
  ('sausage-bacon-egg-breakfast-wrap-mayonnaise-style-sauce-2', 'egg', 'contains'),
  ('sausage-bacon-egg-breakfast-wrap-mayonnaise-style-sauce-2', 'mustard', 'contains'),
  ('sausage-bacon-egg-breakfast-wrap-processed-cheese-3', 'milk', 'contains'),
  ('sausage-bacon-egg-breakfast-wrap-processed-cheese-3', 'soy', 'contains'),
  ('sausage-bacon-egg-breakfast-wrap-egg-5', 'egg', 'contains'),
  ('sausage-bacon-egg-breakfast-wrap-egg-5', 'milk', 'contains'),
  ('sausage-bacon-egg-breakfast-wrap-white-flour-tortilla-7', 'wheat', 'contains'),
  ('egg-n-cheese-mcmuffin-butter-1', 'milk', 'contains'),
  ('egg-n-cheese-mcmuffin-processed-cheese-2', 'milk', 'contains'),
  ('egg-n-cheese-mcmuffin-processed-cheese-2', 'soy', 'contains'),
  ('egg-n-cheese-mcmuffin-egg-3', 'egg', 'contains'),
  ('egg-n-cheese-mcmuffin-egg-3', 'milk', 'contains'),
  ('egg-n-cheese-mcmuffin-english-muffin-4', 'barley', 'contains'),
  ('egg-n-cheese-mcmuffin-english-muffin-4', 'wheat', 'contains'),
  ('egg-n-cheese-mcgriddles-processed-cheese-1', 'milk', 'contains'),
  ('egg-n-cheese-mcgriddles-processed-cheese-1', 'soy', 'contains'),
  ('egg-n-cheese-mcgriddles-egg-2', 'egg', 'contains'),
  ('egg-n-cheese-mcgriddles-egg-2', 'milk', 'contains'),
  ('egg-n-cheese-mcgriddles-mcgriddles-cakes-3', 'barley', 'contains'),
  ('egg-n-cheese-mcgriddles-mcgriddles-cakes-3', 'milk', 'contains'),
  ('egg-n-cheese-mcgriddles-mcgriddles-cakes-3', 'soy', 'contains'),
  ('egg-n-cheese-mcgriddles-mcgriddles-cakes-3', 'wheat', 'contains'),
  ('egg-blt-mcmuffin-butter-1', 'milk', 'contains'),
  ('egg-blt-mcmuffin-mayonnaise-style-sauce-3', 'egg', 'contains'),
  ('egg-blt-mcmuffin-mayonnaise-style-sauce-3', 'mustard', 'contains'),
  ('egg-blt-mcmuffin-processed-cheese-5', 'milk', 'contains'),
  ('egg-blt-mcmuffin-processed-cheese-5', 'soy', 'contains'),
  ('egg-blt-mcmuffin-egg-7', 'egg', 'contains'),
  ('egg-blt-mcmuffin-egg-7', 'milk', 'contains'),
  ('egg-blt-mcmuffin-english-muffin-8', 'barley', 'contains'),
  ('egg-blt-mcmuffin-english-muffin-8', 'wheat', 'contains'),
  ('egg-blt-mcmuffin-with-shredded-lettuce-butter-1', 'milk', 'contains'),
  ('egg-blt-mcmuffin-with-shredded-lettuce-mayonnaise-style-sauce-2', 'egg', 'contains'),
  ('egg-blt-mcmuffin-with-shredded-lettuce-mayonnaise-style-sauce-2', 'mustard', 'contains'),
  ('egg-blt-mcmuffin-with-shredded-lettuce-processed-cheese-4', 'milk', 'contains'),
  ('egg-blt-mcmuffin-with-shredded-lettuce-processed-cheese-4', 'soy', 'contains'),
  ('egg-blt-mcmuffin-with-shredded-lettuce-egg-7', 'egg', 'contains'),
  ('egg-blt-mcmuffin-with-shredded-lettuce-egg-7', 'milk', 'contains'),
  ('egg-blt-mcmuffin-with-shredded-lettuce-english-muffin-8', 'barley', 'contains'),
  ('egg-blt-mcmuffin-with-shredded-lettuce-english-muffin-8', 'wheat', 'contains'),
  ('chicken-mcmuffin-butter-1', 'milk', 'contains'),
  ('chicken-mcmuffin-mayonnaise-style-sauce-2', 'egg', 'contains'),
  ('chicken-mcmuffin-mayonnaise-style-sauce-2', 'mustard', 'contains'),
  ('chicken-mcmuffin-processed-cheese-3', 'milk', 'contains'),
  ('chicken-mcmuffin-processed-cheese-3', 'soy', 'contains'),
  ('chicken-mcmuffin-junior-chicken-patty-4', 'wheat', 'contains'),
  ('chicken-mcmuffin-english-muffin-5', 'barley', 'contains'),
  ('chicken-mcmuffin-english-muffin-5', 'wheat', 'contains'),
  ('egg-mcmuffin-butter-1', 'milk', 'contains'),
  ('egg-mcmuffin-processed-cheese-2', 'milk', 'contains'),
  ('egg-mcmuffin-processed-cheese-2', 'soy', 'contains'),
  ('egg-mcmuffin-egg-4', 'egg', 'contains'),
  ('egg-mcmuffin-egg-4', 'milk', 'contains'),
  ('egg-mcmuffin-english-muffin-5', 'barley', 'contains'),
  ('egg-mcmuffin-english-muffin-5', 'wheat', 'contains'),
  ('sausage-n-egg-mcmuffin-butter-1', 'milk', 'contains'),
  ('sausage-n-egg-mcmuffin-processed-cheese-2', 'milk', 'contains'),
  ('sausage-n-egg-mcmuffin-processed-cheese-2', 'soy', 'contains'),
  ('sausage-n-egg-mcmuffin-egg-4', 'egg', 'contains'),
  ('sausage-n-egg-mcmuffin-egg-4', 'milk', 'contains'),
  ('sausage-n-egg-mcmuffin-english-muffin-5', 'barley', 'contains'),
  ('sausage-n-egg-mcmuffin-english-muffin-5', 'wheat', 'contains'),
  ('bacon-n-egg-mcmuffin-butter-1', 'milk', 'contains'),
  ('bacon-n-egg-mcmuffin-processed-cheese-3', 'milk', 'contains'),
  ('bacon-n-egg-mcmuffin-processed-cheese-3', 'soy', 'contains'),
  ('bacon-n-egg-mcmuffin-egg-4', 'egg', 'contains'),
  ('bacon-n-egg-mcmuffin-egg-4', 'milk', 'contains'),
  ('bacon-n-egg-mcmuffin-english-muffin-5', 'barley', 'contains'),
  ('bacon-n-egg-mcmuffin-english-muffin-5', 'wheat', 'contains'),
  ('sausage-mcmuffin-butter-1', 'milk', 'contains'),
  ('sausage-mcmuffin-processed-cheese-2', 'milk', 'contains'),
  ('sausage-mcmuffin-processed-cheese-2', 'soy', 'contains'),
  ('sausage-mcmuffin-english-muffin-4', 'barley', 'contains'),
  ('sausage-mcmuffin-english-muffin-4', 'wheat', 'contains'),
  ('plain-bagel-with-butter-regular-bagel-1', 'barley', 'contains'),
  ('plain-bagel-with-butter-regular-bagel-1', 'wheat', 'contains'),
  ('plain-bagel-with-butter-regular-bagel-1', 'milk', 'may_contain'),
  ('plain-bagel-with-butter-regular-bagel-1', 'sesame-seeds', 'may_contain'),
  ('plain-bagel-with-butter-regular-bagel-1', 'soy', 'may_contain'),
  ('plain-bagel-with-butter-butter-2', 'milk', 'contains'),
  ('everything-bagel-with-butter-everything-bagel-1', 'sesame-seeds', 'contains'),
  ('everything-bagel-with-butter-everything-bagel-1', 'wheat', 'contains'),
  ('everything-bagel-with-butter-everything-bagel-1', 'milk', 'may_contain'),
  ('everything-bagel-with-butter-everything-bagel-1', 'soy', 'may_contain'),
  ('everything-bagel-with-butter-butter-2', 'milk', 'contains'),
  ('sesame-seed-bagel-with-butter-qc-only-sesame-seed-bagel-1', 'barley', 'contains'),
  ('sesame-seed-bagel-with-butter-qc-only-sesame-seed-bagel-1', 'sesame-seeds', 'contains'),
  ('sesame-seed-bagel-with-butter-qc-only-sesame-seed-bagel-1', 'wheat', 'contains'),
  ('sesame-seed-bagel-with-butter-qc-only-sesame-seed-bagel-1', 'milk', 'may_contain'),
  ('sesame-seed-bagel-with-butter-qc-only-sesame-seed-bagel-1', 'soy', 'may_contain'),
  ('sesame-seed-bagel-with-butter-qc-only-butter-2', 'milk', 'contains'),
  ('plain-bagel-with-plain-cream-cheese-regular-bagel-1', 'barley', 'contains'),
  ('plain-bagel-with-plain-cream-cheese-regular-bagel-1', 'wheat', 'contains'),
  ('plain-bagel-with-plain-cream-cheese-regular-bagel-1', 'milk', 'may_contain'),
  ('plain-bagel-with-plain-cream-cheese-regular-bagel-1', 'sesame-seeds', 'may_contain'),
  ('plain-bagel-with-plain-cream-cheese-regular-bagel-1', 'soy', 'may_contain'),
  ('plain-bagel-with-plain-cream-cheese-philadelphia-plain-cream-cheese-product-2', 'milk', 'contains'),
  ('everything-bagel-with-plain-cream-cheese-everything-bagel-1', 'sesame-seeds', 'contains'),
  ('everything-bagel-with-plain-cream-cheese-everything-bagel-1', 'wheat', 'contains'),
  ('everything-bagel-with-plain-cream-cheese-everything-bagel-1', 'milk', 'may_contain'),
  ('everything-bagel-with-plain-cream-cheese-everything-bagel-1', 'soy', 'may_contain'),
  ('everything-bagel-with-plain-cream-cheese-philadelphia-plain-cream-cheese-product-2', 'milk', 'contains'),
  ('sesame-seed-bagel-95g-with-plain-cream-cheese-sesame-seed-bagel-1', 'barley', 'contains'),
  ('sesame-seed-bagel-95g-with-plain-cream-cheese-sesame-seed-bagel-1', 'sesame-seeds', 'contains'),
  ('sesame-seed-bagel-95g-with-plain-cream-cheese-sesame-seed-bagel-1', 'wheat', 'contains'),
  ('sesame-seed-bagel-95g-with-plain-cream-cheese-sesame-seed-bagel-1', 'milk', 'may_contain'),
  ('sesame-seed-bagel-95g-with-plain-cream-cheese-sesame-seed-bagel-1', 'soy', 'may_contain'),
  ('sesame-seed-bagel-95g-with-plain-cream-cheese-philadelphia-plain-cream-cheese-product-2', 'milk', 'contains'),
  ('egg-blt-with-plain-bagel-butter-1', 'milk', 'contains'),
  ('egg-blt-with-plain-bagel-mayonnaise-style-sauce-2', 'egg', 'contains'),
  ('egg-blt-with-plain-bagel-mayonnaise-style-sauce-2', 'mustard', 'contains'),
  ('egg-blt-with-plain-bagel-egg-6', 'egg', 'contains'),
  ('egg-blt-with-plain-bagel-egg-6', 'milk', 'contains'),
  ('egg-blt-with-plain-bagel-regular-bagel-7', 'barley', 'contains'),
  ('egg-blt-with-plain-bagel-regular-bagel-7', 'wheat', 'contains'),
  ('egg-blt-with-plain-bagel-regular-bagel-7', 'milk', 'may_contain'),
  ('egg-blt-with-plain-bagel-regular-bagel-7', 'sesame-seeds', 'may_contain'),
  ('egg-blt-with-plain-bagel-regular-bagel-7', 'soy', 'may_contain'),
  ('egg-blt-with-everything-bagel-butter-1', 'milk', 'contains'),
  ('egg-blt-with-everything-bagel-mayonnaise-style-sauce-2', 'egg', 'contains'),
  ('egg-blt-with-everything-bagel-mayonnaise-style-sauce-2', 'mustard', 'contains'),
  ('egg-blt-with-everything-bagel-egg-6', 'egg', 'contains'),
  ('egg-blt-with-everything-bagel-egg-6', 'milk', 'contains'),
  ('egg-blt-with-everything-bagel-everything-bagel-7', 'sesame-seeds', 'contains'),
  ('egg-blt-with-everything-bagel-everything-bagel-7', 'wheat', 'contains'),
  ('egg-blt-with-everything-bagel-everything-bagel-7', 'milk', 'may_contain'),
  ('egg-blt-with-everything-bagel-everything-bagel-7', 'soy', 'may_contain'),
  ('egg-blt-with-sesame-seed-bagel-butter-1', 'milk', 'contains'),
  ('egg-blt-with-sesame-seed-bagel-mayonnaise-style-sauce-2', 'egg', 'contains'),
  ('egg-blt-with-sesame-seed-bagel-mayonnaise-style-sauce-2', 'mustard', 'contains'),
  ('egg-blt-with-sesame-seed-bagel-egg-6', 'egg', 'contains'),
  ('egg-blt-with-sesame-seed-bagel-egg-6', 'milk', 'contains'),
  ('egg-blt-with-sesame-seed-bagel-sesame-seed-bagel-7', 'barley', 'contains'),
  ('egg-blt-with-sesame-seed-bagel-sesame-seed-bagel-7', 'sesame-seeds', 'contains'),
  ('egg-blt-with-sesame-seed-bagel-sesame-seed-bagel-7', 'wheat', 'contains'),
  ('egg-blt-with-sesame-seed-bagel-sesame-seed-bagel-7', 'milk', 'may_contain'),
  ('egg-blt-with-sesame-seed-bagel-sesame-seed-bagel-7', 'soy', 'may_contain'),
  ('bacon-n-egg-with-plain-bagel-butter-1', 'milk', 'contains'),
  ('bacon-n-egg-with-plain-bagel-processed-cheese-2', 'milk', 'contains'),
  ('bacon-n-egg-with-plain-bagel-processed-cheese-2', 'soy', 'contains'),
  ('bacon-n-egg-with-plain-bagel-egg-4', 'egg', 'contains'),
  ('bacon-n-egg-with-plain-bagel-egg-4', 'milk', 'contains'),
  ('bacon-n-egg-with-plain-bagel-regular-bagel-5', 'barley', 'contains'),
  ('bacon-n-egg-with-plain-bagel-regular-bagel-5', 'wheat', 'contains'),
  ('bacon-n-egg-with-plain-bagel-regular-bagel-5', 'milk', 'may_contain'),
  ('bacon-n-egg-with-plain-bagel-regular-bagel-5', 'sesame-seeds', 'may_contain'),
  ('bacon-n-egg-with-plain-bagel-regular-bagel-5', 'soy', 'may_contain'),
  ('bacon-n-egg-with-everything-bagel-butter-1', 'milk', 'contains'),
  ('bacon-n-egg-with-everything-bagel-processed-cheese-2', 'milk', 'contains'),
  ('bacon-n-egg-with-everything-bagel-processed-cheese-2', 'soy', 'contains'),
  ('bacon-n-egg-with-everything-bagel-egg-4', 'egg', 'contains'),
  ('bacon-n-egg-with-everything-bagel-egg-4', 'milk', 'contains'),
  ('bacon-n-egg-with-everything-bagel-everything-bagel-5', 'sesame-seeds', 'contains'),
  ('bacon-n-egg-with-everything-bagel-everything-bagel-5', 'wheat', 'contains'),
  ('bacon-n-egg-with-everything-bagel-everything-bagel-5', 'milk', 'may_contain'),
  ('bacon-n-egg-with-everything-bagel-everything-bagel-5', 'soy', 'may_contain'),
  ('bacon-n-egg-with-sesame-seed-bagel-butter-1', 'milk', 'contains'),
  ('bacon-n-egg-with-sesame-seed-bagel-processed-cheese-2', 'milk', 'contains'),
  ('bacon-n-egg-with-sesame-seed-bagel-processed-cheese-2', 'soy', 'contains'),
  ('bacon-n-egg-with-sesame-seed-bagel-egg-4', 'egg', 'contains'),
  ('bacon-n-egg-with-sesame-seed-bagel-egg-4', 'milk', 'contains'),
  ('bacon-n-egg-with-sesame-seed-bagel-sesame-seed-bagel-5', 'barley', 'contains'),
  ('bacon-n-egg-with-sesame-seed-bagel-sesame-seed-bagel-5', 'sesame-seeds', 'contains'),
  ('bacon-n-egg-with-sesame-seed-bagel-sesame-seed-bagel-5', 'wheat', 'contains'),
  ('bacon-n-egg-with-sesame-seed-bagel-sesame-seed-bagel-5', 'milk', 'may_contain'),
  ('bacon-n-egg-with-sesame-seed-bagel-sesame-seed-bagel-5', 'soy', 'may_contain'),
  ('sausage-n-egg-with-plain-bagel-butter-1', 'milk', 'contains'),
  ('sausage-n-egg-with-plain-bagel-processed-cheese-2', 'milk', 'contains'),
  ('sausage-n-egg-with-plain-bagel-processed-cheese-2', 'soy', 'contains'),
  ('sausage-n-egg-with-plain-bagel-egg-4', 'egg', 'contains'),
  ('sausage-n-egg-with-plain-bagel-egg-4', 'milk', 'contains'),
  ('sausage-n-egg-with-plain-bagel-regular-bagel-5', 'barley', 'contains'),
  ('sausage-n-egg-with-plain-bagel-regular-bagel-5', 'wheat', 'contains'),
  ('sausage-n-egg-with-plain-bagel-regular-bagel-5', 'milk', 'may_contain'),
  ('sausage-n-egg-with-plain-bagel-regular-bagel-5', 'sesame-seeds', 'may_contain'),
  ('sausage-n-egg-with-plain-bagel-regular-bagel-5', 'soy', 'may_contain'),
  ('sausage-n-egg-with-everything-bagel-butter-1', 'milk', 'contains'),
  ('sausage-n-egg-with-everything-bagel-processed-cheese-2', 'milk', 'contains'),
  ('sausage-n-egg-with-everything-bagel-processed-cheese-2', 'soy', 'contains'),
  ('sausage-n-egg-with-everything-bagel-egg-4', 'egg', 'contains'),
  ('sausage-n-egg-with-everything-bagel-egg-4', 'milk', 'contains'),
  ('sausage-n-egg-with-everything-bagel-everything-bagel-5', 'sesame-seeds', 'contains'),
  ('sausage-n-egg-with-everything-bagel-everything-bagel-5', 'wheat', 'contains'),
  ('sausage-n-egg-with-everything-bagel-everything-bagel-5', 'milk', 'may_contain'),
  ('sausage-n-egg-with-everything-bagel-everything-bagel-5', 'soy', 'may_contain'),
  ('sausage-n-egg-with-sesame-seed-bagel-butter-1', 'milk', 'contains'),
  ('sausage-n-egg-with-sesame-seed-bagel-processed-cheese-2', 'milk', 'contains'),
  ('sausage-n-egg-with-sesame-seed-bagel-processed-cheese-2', 'soy', 'contains'),
  ('sausage-n-egg-with-sesame-seed-bagel-egg-4', 'egg', 'contains'),
  ('sausage-n-egg-with-sesame-seed-bagel-egg-4', 'milk', 'contains'),
  ('sausage-n-egg-with-sesame-seed-bagel-sesame-seed-bagel-5', 'barley', 'contains'),
  ('sausage-n-egg-with-sesame-seed-bagel-sesame-seed-bagel-5', 'sesame-seeds', 'contains'),
  ('sausage-n-egg-with-sesame-seed-bagel-sesame-seed-bagel-5', 'wheat', 'contains'),
  ('sausage-n-egg-with-sesame-seed-bagel-sesame-seed-bagel-5', 'milk', 'may_contain'),
  ('sausage-n-egg-with-sesame-seed-bagel-sesame-seed-bagel-5', 'soy', 'may_contain'),
  ('chicken-mcgriddles-junior-chicken-patty-1', 'wheat', 'contains'),
  ('chicken-mcgriddles-mcgriddles-cakes-2', 'barley', 'contains'),
  ('chicken-mcgriddles-mcgriddles-cakes-2', 'milk', 'contains'),
  ('chicken-mcgriddles-mcgriddles-cakes-2', 'soy', 'contains'),
  ('chicken-mcgriddles-mcgriddles-cakes-2', 'wheat', 'contains'),
  ('bacon-egg-cheese-mcgriddles-processed-cheese-2', 'milk', 'contains'),
  ('bacon-egg-cheese-mcgriddles-processed-cheese-2', 'soy', 'contains'),
  ('bacon-egg-cheese-mcgriddles-egg-3', 'egg', 'contains'),
  ('bacon-egg-cheese-mcgriddles-egg-3', 'milk', 'contains'),
  ('bacon-egg-cheese-mcgriddles-mcgriddles-cakes-4', 'barley', 'contains'),
  ('bacon-egg-cheese-mcgriddles-mcgriddles-cakes-4', 'milk', 'contains'),
  ('bacon-egg-cheese-mcgriddles-mcgriddles-cakes-4', 'soy', 'contains'),
  ('bacon-egg-cheese-mcgriddles-mcgriddles-cakes-4', 'wheat', 'contains'),
  ('sausage-egg-cheese-mcgriddles-processed-cheese-1', 'milk', 'contains'),
  ('sausage-egg-cheese-mcgriddles-processed-cheese-1', 'soy', 'contains'),
  ('sausage-egg-cheese-mcgriddles-egg-3', 'egg', 'contains'),
  ('sausage-egg-cheese-mcgriddles-egg-3', 'milk', 'contains'),
  ('sausage-egg-cheese-mcgriddles-mcgriddles-cakes-4', 'barley', 'contains'),
  ('sausage-egg-cheese-mcgriddles-mcgriddles-cakes-4', 'milk', 'contains'),
  ('sausage-egg-cheese-mcgriddles-mcgriddles-cakes-4', 'soy', 'contains'),
  ('sausage-egg-cheese-mcgriddles-mcgriddles-cakes-4', 'wheat', 'contains'),
  ('sausage-mcgriddles-mcgriddles-cakes-2', 'barley', 'contains'),
  ('sausage-mcgriddles-mcgriddles-cakes-2', 'milk', 'contains'),
  ('sausage-mcgriddles-mcgriddles-cakes-2', 'soy', 'contains'),
  ('sausage-mcgriddles-mcgriddles-cakes-2', 'wheat', 'contains'),
  ('breakfast-burrito-processed-cheese-1', 'milk', 'contains'),
  ('breakfast-burrito-processed-cheese-1', 'soy', 'contains'),
  ('breakfast-burrito-white-flour-tortilla-2', 'wheat', 'contains'),
  ('breakfast-burrito-egg-mixture-3', 'egg', 'contains'),
  ('breakfast-burrito-egg-mixture-3', 'milk', 'contains'),
  ('english-muffin-with-butter-english-muffin-1', 'barley', 'contains'),
  ('english-muffin-with-butter-english-muffin-1', 'wheat', 'contains'),
  ('english-muffin-with-butter-butter-2', 'milk', 'contains'),
  ('hotcakes-with-syrup-and-butter-hotcakes-1', 'egg', 'contains'),
  ('hotcakes-with-syrup-and-butter-hotcakes-1', 'milk', 'contains'),
  ('hotcakes-with-syrup-and-butter-hotcakes-1', 'soy', 'contains'),
  ('hotcakes-with-syrup-and-butter-hotcakes-1', 'wheat', 'contains'),
  ('hotcakes-with-syrup-and-butter-butter-portion-whipped-3', 'milk', 'contains'),
  ('hotcakes-hotcakes-1', 'egg', 'contains'),
  ('hotcakes-hotcakes-1', 'milk', 'contains'),
  ('hotcakes-hotcakes-1', 'soy', 'contains'),
  ('hotcakes-hotcakes-1', 'wheat', 'contains'),
  ('hockey-hero-burger-mayonnaise-style-sauce-3', 'egg', 'contains'),
  ('hockey-hero-burger-mayonnaise-style-sauce-3', 'mustard', 'contains'),
  ('hockey-hero-burger-processed-cheese-5', 'milk', 'contains'),
  ('hockey-hero-burger-processed-cheese-5', 'soy', 'contains'),
  ('hockey-hero-burger-homestyle-mcrib-roll-7', 'wheat', 'contains'),
  ('cheeseburger-deluxe-mustard-1', 'mustard', 'contains'),
  ('cheeseburger-deluxe-mayonnaise-style-sauce-5', 'egg', 'contains'),
  ('cheeseburger-deluxe-mayonnaise-style-sauce-5', 'mustard', 'contains'),
  ('cheeseburger-deluxe-processed-cheese-7', 'milk', 'contains'),
  ('cheeseburger-deluxe-processed-cheese-7', 'soy', 'contains'),
  ('cheeseburger-deluxe-regular-bun-11', 'wheat', 'contains'),
  ('cheeseburger-deluxe-regular-bun-11', 'sesame-seeds', 'may_contain'),
  ('double-hamburger-regular-bun-2', 'wheat', 'contains'),
  ('double-hamburger-regular-bun-2', 'sesame-seeds', 'may_contain'),
  ('double-hamburger-mustard-7', 'mustard', 'contains'),
  ('big-mac-sandwich-processed-cheese-4', 'milk', 'contains'),
  ('big-mac-sandwich-processed-cheese-4', 'soy', 'contains'),
  ('big-mac-sandwich-big-mac-sauce-5', 'egg', 'contains'),
  ('big-mac-sandwich-big-mac-sauce-5', 'mustard', 'contains'),
  ('big-mac-sandwich-big-mac-sauce-5', 'soy', 'contains'),
  ('big-mac-sandwich-big-mac-sauce-5', 'wheat', 'contains'),
  ('big-mac-sandwich-big-mac-bun-8', 'sesame-seeds', 'contains'),
  ('big-mac-sandwich-big-mac-bun-8', 'wheat', 'contains'),
  ('double-big-mac-200946-processed-cheese-3', 'milk', 'contains'),
  ('double-big-mac-200946-processed-cheese-3', 'soy', 'contains'),
  ('double-big-mac-200946-big-mac-sauce-5', 'egg', 'contains'),
  ('double-big-mac-200946-big-mac-sauce-5', 'mustard', 'contains'),
  ('double-big-mac-200946-big-mac-sauce-5', 'soy', 'contains'),
  ('double-big-mac-200946-big-mac-sauce-5', 'wheat', 'contains'),
  ('double-big-mac-200946-big-mac-bun-7', 'sesame-seeds', 'contains'),
  ('double-big-mac-200946-big-mac-bun-7', 'wheat', 'contains'),
  ('hamburger-regular-bun-1', 'wheat', 'contains'),
  ('hamburger-regular-bun-1', 'sesame-seeds', 'may_contain'),
  ('hamburger-mustard-6', 'mustard', 'contains'),
  ('mcdouble-mustard-1', 'mustard', 'contains'),
  ('mcdouble-processed-cheese-6', 'milk', 'contains'),
  ('mcdouble-processed-cheese-6', 'soy', 'contains'),
  ('mcdouble-regular-bun-7', 'wheat', 'contains'),
  ('mcdouble-regular-bun-7', 'sesame-seeds', 'may_contain'),
  ('cheeseburger-mustard-2', 'mustard', 'contains'),
  ('cheeseburger-processed-cheese-6', 'milk', 'contains'),
  ('cheeseburger-processed-cheese-6', 'soy', 'contains'),
  ('cheeseburger-regular-bun-8', 'wheat', 'contains'),
  ('cheeseburger-regular-bun-8', 'sesame-seeds', 'may_contain'),
  ('double-cheeseburger-mustard-1', 'mustard', 'contains'),
  ('double-cheeseburger-processed-cheese-6', 'milk', 'contains'),
  ('double-cheeseburger-processed-cheese-6', 'soy', 'contains'),
  ('double-cheeseburger-regular-bun-7', 'wheat', 'contains'),
  ('double-cheeseburger-regular-bun-7', 'sesame-seeds', 'may_contain'),
  ('quarter-pounder-with-cheese-mustard-2', 'mustard', 'contains'),
  ('quarter-pounder-with-cheese-processed-cheese-6', 'milk', 'contains'),
  ('quarter-pounder-with-cheese-processed-cheese-6', 'soy', 'contains'),
  ('quarter-pounder-with-cheese-sesame-seed-bun-7', 'sesame-seeds', 'contains'),
  ('quarter-pounder-with-cheese-sesame-seed-bun-7', 'wheat', 'contains'),
  ('quarter-pounder-without-cheese-sesame-seed-bun-2', 'sesame-seeds', 'contains'),
  ('quarter-pounder-without-cheese-sesame-seed-bun-2', 'wheat', 'contains'),
  ('quarter-pounder-without-cheese-mustard-6', 'mustard', 'contains'),
  ('double-quarter-pounder-with-cheese-mustard-1', 'mustard', 'contains'),
  ('double-quarter-pounder-with-cheese-processed-cheese-6', 'milk', 'contains'),
  ('double-quarter-pounder-with-cheese-processed-cheese-6', 'soy', 'contains'),
  ('double-quarter-pounder-with-cheese-sesame-seed-bun-7', 'sesame-seeds', 'contains'),
  ('double-quarter-pounder-with-cheese-sesame-seed-bun-7', 'wheat', 'contains'),
  ('double-quarter-pounder-without-cheese-mustard-1', 'mustard', 'contains'),
  ('double-quarter-pounder-without-cheese-sesame-seed-bun-6', 'sesame-seeds', 'contains'),
  ('double-quarter-pounder-without-cheese-sesame-seed-bun-6', 'wheat', 'contains'),
  ('quarter-pounder-blt-mustard-1', 'mustard', 'contains'),
  ('quarter-pounder-blt-mayonnaise-style-sauce-5', 'egg', 'contains'),
  ('quarter-pounder-blt-mayonnaise-style-sauce-5', 'mustard', 'contains'),
  ('quarter-pounder-blt-processed-cheese-8', 'milk', 'contains'),
  ('quarter-pounder-blt-processed-cheese-8', 'soy', 'contains'),
  ('quarter-pounder-blt-sesame-seed-bun-11', 'sesame-seeds', 'contains'),
  ('quarter-pounder-blt-sesame-seed-bun-11', 'wheat', 'contains'),
  ('double-quarter-pounder-blt-mustard-1', 'mustard', 'contains'),
  ('double-quarter-pounder-blt-mayonnaise-style-sauce-5', 'egg', 'contains'),
  ('double-quarter-pounder-blt-mayonnaise-style-sauce-5', 'mustard', 'contains'),
  ('double-quarter-pounder-blt-processed-cheese-8', 'milk', 'contains'),
  ('double-quarter-pounder-blt-processed-cheese-8', 'soy', 'contains'),
  ('double-quarter-pounder-blt-sesame-seed-bun-11', 'sesame-seeds', 'contains'),
  ('double-quarter-pounder-blt-sesame-seed-bun-11', 'wheat', 'contains'),
  ('chicken-big-mac-processed-cheese-2', 'milk', 'contains'),
  ('chicken-big-mac-processed-cheese-2', 'soy', 'contains'),
  ('chicken-big-mac-big-mac-sauce-3', 'egg', 'contains'),
  ('chicken-big-mac-big-mac-sauce-3', 'mustard', 'contains'),
  ('chicken-big-mac-big-mac-sauce-3', 'soy', 'contains'),
  ('chicken-big-mac-big-mac-sauce-3', 'wheat', 'contains'),
  ('chicken-big-mac-big-mac-bun-5', 'sesame-seeds', 'contains'),
  ('chicken-big-mac-big-mac-bun-5', 'wheat', 'contains'),
  ('chicken-big-mac-chicken-big-mac-patty-6', 'wheat', 'contains'),
  ('creamy-chipotle-chicken-mcwrap-crispy-creamy-chipotle-sauce-4', 'egg', 'contains'),
  ('creamy-chipotle-chicken-mcwrap-crispy-creamy-chipotle-sauce-4', 'mustard', 'contains'),
  ('creamy-chipotle-chicken-mcwrap-crispy-white-flour-tortilla-6', 'wheat', 'contains'),
  ('creamy-chipotle-chicken-mcwrap-crispy-crispy-chicken-patty-7', 'wheat', 'contains'),
  ('creamy-chipotle-chicken-mcwrap-grilled-creamy-chipotle-sauce-4', 'egg', 'contains'),
  ('creamy-chipotle-chicken-mcwrap-grilled-creamy-chipotle-sauce-4', 'mustard', 'contains'),
  ('creamy-chipotle-chicken-mcwrap-grilled-white-flour-tortilla-6', 'wheat', 'contains'),
  ('sweet-chili-junior-chicken-mayonnaise-style-sauce-2', 'egg', 'contains'),
  ('sweet-chili-junior-chicken-mayonnaise-style-sauce-2', 'mustard', 'contains'),
  ('sweet-chili-junior-chicken-regular-bun-4', 'wheat', 'contains'),
  ('sweet-chili-junior-chicken-regular-bun-4', 'sesame-seeds', 'may_contain'),
  ('sweet-chili-junior-chicken-junior-chicken-patty-5', 'wheat', 'contains'),
  ('mccrispy-mayonnaise-style-sauce-1', 'egg', 'contains'),
  ('mccrispy-mayonnaise-style-sauce-1', 'mustard', 'contains'),
  ('mccrispy-potato-bun-3', 'wheat', 'contains'),
  ('mccrispy-potato-bun-3', 'sesame-seeds', 'may_contain'),
  ('mccrispy-crispy-chicken-patty-4', 'wheat', 'contains'),
  ('spicy-mccrispy-creamy-habanero-sauce-1', 'egg', 'contains'),
  ('spicy-mccrispy-creamy-habanero-sauce-1', 'mustard', 'contains'),
  ('spicy-mccrispy-potato-bun-3', 'wheat', 'contains'),
  ('spicy-mccrispy-potato-bun-3', 'sesame-seeds', 'may_contain'),
  ('spicy-mccrispy-crispy-chicken-patty-4', 'wheat', 'contains'),
  ('spicy-mccrispy-bacon-deluxe-creamy-habanero-sauce-3', 'egg', 'contains'),
  ('spicy-mccrispy-bacon-deluxe-creamy-habanero-sauce-3', 'mustard', 'contains'),
  ('spicy-mccrispy-bacon-deluxe-potato-bun-5', 'wheat', 'contains'),
  ('spicy-mccrispy-bacon-deluxe-potato-bun-5', 'sesame-seeds', 'may_contain'),
  ('spicy-mccrispy-bacon-deluxe-crispy-chicken-patty-6', 'wheat', 'contains'),
  ('mccrispy-bacon-deluxe-mayonnaise-style-sauce-2', 'egg', 'contains'),
  ('mccrispy-bacon-deluxe-mayonnaise-style-sauce-2', 'mustard', 'contains'),
  ('mccrispy-bacon-deluxe-potato-bun-5', 'wheat', 'contains'),
  ('mccrispy-bacon-deluxe-potato-bun-5', 'sesame-seeds', 'may_contain'),
  ('mccrispy-bacon-deluxe-crispy-chicken-patty-6', 'wheat', 'contains'),
  ('mccrispy-with-grilled-chicken-mayonnaise-style-sauce-1', 'egg', 'contains'),
  ('mccrispy-with-grilled-chicken-mayonnaise-style-sauce-1', 'mustard', 'contains'),
  ('mccrispy-with-grilled-chicken-potato-bun-3', 'wheat', 'contains'),
  ('mccrispy-with-grilled-chicken-potato-bun-3', 'sesame-seeds', 'may_contain'),
  ('bacon-deluxe-mccrispy-sandwich-with-grilled-chicken-mayonnaise-style-sauce-2', 'egg', 'contains'),
  ('bacon-deluxe-mccrispy-sandwich-with-grilled-chicken-mayonnaise-style-sauce-2', 'mustard', 'contains'),
  ('bacon-deluxe-mccrispy-sandwich-with-grilled-chicken-potato-bun-5', 'wheat', 'contains'),
  ('bacon-deluxe-mccrispy-sandwich-with-grilled-chicken-potato-bun-5', 'sesame-seeds', 'may_contain'),
  ('spicy-grilled-chicken-sandwich-creamy-habanero-sauce-1', 'egg', 'contains'),
  ('spicy-grilled-chicken-sandwich-creamy-habanero-sauce-1', 'mustard', 'contains'),
  ('spicy-grilled-chicken-sandwich-potato-bun-3', 'wheat', 'contains'),
  ('spicy-grilled-chicken-sandwich-potato-bun-3', 'sesame-seeds', 'may_contain'),
  ('spicy-bacon-deluxe-grilled-chicken-sandwich-creamy-habanero-sauce-3', 'egg', 'contains'),
  ('spicy-bacon-deluxe-grilled-chicken-sandwich-creamy-habanero-sauce-3', 'mustard', 'contains'),
  ('spicy-bacon-deluxe-grilled-chicken-sandwich-potato-bun-5', 'wheat', 'contains'),
  ('spicy-bacon-deluxe-grilled-chicken-sandwich-potato-bun-5', 'sesame-seeds', 'may_contain'),
  ('habanero-mcchicken-sandwich-mcchicken-portion-1', 'soy', 'contains'),
  ('habanero-mcchicken-sandwich-mcchicken-portion-1', 'wheat', 'contains'),
  ('habanero-mcchicken-sandwich-sesame-seed-bun-2', 'sesame-seeds', 'contains'),
  ('habanero-mcchicken-sandwich-sesame-seed-bun-2', 'wheat', 'contains'),
  ('habanero-mcchicken-sandwich-creamy-habanero-sauce-4', 'egg', 'contains'),
  ('habanero-mcchicken-sandwich-creamy-habanero-sauce-4', 'mustard', 'contains'),
  ('mcchicken-mcchicken-portion-1', 'soy', 'contains'),
  ('mcchicken-mcchicken-portion-1', 'wheat', 'contains'),
  ('mcchicken-sesame-seed-bun-2', 'sesame-seeds', 'contains'),
  ('mcchicken-sesame-seed-bun-2', 'wheat', 'contains'),
  ('mcchicken-mayonnaise-style-sauce-4', 'egg', 'contains'),
  ('mcchicken-mayonnaise-style-sauce-4', 'mustard', 'contains'),
  ('junior-chicken-mayonnaise-style-sauce-2', 'egg', 'contains'),
  ('junior-chicken-mayonnaise-style-sauce-2', 'mustard', 'contains'),
  ('junior-chicken-regular-bun-3', 'wheat', 'contains'),
  ('junior-chicken-regular-bun-3', 'sesame-seeds', 'may_contain'),
  ('junior-chicken-junior-chicken-patty-4', 'wheat', 'contains'),
  ('4-chicken-mcnuggets-chicken-mcnuggets-1', 'wheat', 'contains'),
  ('6-chicken-mcnuggets-chicken-mcnuggets-1', 'wheat', 'contains'),
  ('10-chicken-mcnuggets-chicken-mcnuggets-1', 'wheat', 'contains'),
  ('20-chicken-mcnuggets-chicken-mcnuggets-1', 'wheat', 'contains'),
  ('spicy-buffalo-chicken-poutine-spicy-buffalo-sauce-3', 'milk', 'contains'),
  ('spicy-buffalo-chicken-poutine-crispy-chicken-portion-4', 'wheat', 'contains'),
  ('spicy-buffalo-chicken-poutine-cheese-curds-5', 'milk', 'contains'),
  ('happy-meal-snack-wrap-crispy-mayonnaise-style-sauce-1', 'egg', 'contains'),
  ('happy-meal-snack-wrap-crispy-mayonnaise-style-sauce-1', 'mustard', 'contains'),
  ('happy-meal-snack-wrap-crispy-white-flour-tortilla-3', 'wheat', 'contains'),
  ('happy-meal-snack-wrap-crispy-crispy-chicken-patty-4', 'wheat', 'contains'),
  ('spicy-buffalo-snack-wrap-grilled-spicy-buffalo-sauce-1', 'milk', 'contains'),
  ('spicy-buffalo-snack-wrap-grilled-shredded-cheddar-cheese-2', 'milk', 'contains'),
  ('spicy-buffalo-snack-wrap-grilled-white-flour-tortilla-4', 'wheat', 'contains'),
  ('spicy-buffalo-snack-wrap-crispy-spicy-buffalo-sauce-1', 'milk', 'contains'),
  ('spicy-buffalo-snack-wrap-crispy-shredded-cheddar-cheese-2', 'milk', 'contains'),
  ('spicy-buffalo-snack-wrap-crispy-white-flour-tortilla-4', 'wheat', 'contains'),
  ('spicy-buffalo-snack-wrap-crispy-crispy-chicken-patty-5', 'wheat', 'contains'),
  ('new-sweet-chili-mcwrap-grilled-mayonnaise-style-sauce-2', 'egg', 'contains'),
  ('new-sweet-chili-mcwrap-grilled-mayonnaise-style-sauce-2', 'mustard', 'contains'),
  ('new-sweet-chili-mcwrap-grilled-white-flour-tortilla-5', 'wheat', 'contains'),
  ('new-sweet-chili-mcwrap-crispy-mayonnaise-style-sauce-2', 'egg', 'contains'),
  ('new-sweet-chili-mcwrap-crispy-mayonnaise-style-sauce-2', 'mustard', 'contains'),
  ('new-sweet-chili-mcwrap-crispy-white-flour-tortilla-5', 'wheat', 'contains'),
  ('new-sweet-chili-mcwrap-crispy-crispy-chicken-patty-6', 'wheat', 'contains'),
  ('new-chicken-and-bacon-mcwrap-crispy-mayonnaise-style-sauce-3', 'egg', 'contains'),
  ('new-chicken-and-bacon-mcwrap-crispy-mayonnaise-style-sauce-3', 'mustard', 'contains'),
  ('new-chicken-and-bacon-mcwrap-crispy-white-flour-tortilla-6', 'wheat', 'contains'),
  ('new-chicken-and-bacon-mcwrap-crispy-crispy-chicken-patty-7', 'wheat', 'contains'),
  ('new-chicken-and-bacon-mcwrap-grilled-mayonnaise-style-sauce-3', 'egg', 'contains'),
  ('new-chicken-and-bacon-mcwrap-grilled-mayonnaise-style-sauce-3', 'mustard', 'contains'),
  ('new-chicken-and-bacon-mcwrap-grilled-white-flour-tortilla-6', 'wheat', 'contains'),
  ('ranch-chicken-snack-wrap-grilled-for-relaunch-premium-ranch-sauce-1', 'egg', 'contains'),
  ('ranch-chicken-snack-wrap-grilled-for-relaunch-premium-ranch-sauce-1', 'milk', 'contains'),
  ('ranch-chicken-snack-wrap-grilled-for-relaunch-shredded-cheddar-cheese-2', 'milk', 'contains'),
  ('ranch-chicken-snack-wrap-grilled-for-relaunch-white-flour-tortilla-4', 'wheat', 'contains'),
  ('ranch-chicken-snack-wrap-crispy-for-relaunch-premium-ranch-sauce-1', 'egg', 'contains'),
  ('ranch-chicken-snack-wrap-crispy-for-relaunch-premium-ranch-sauce-1', 'milk', 'contains'),
  ('ranch-chicken-snack-wrap-crispy-for-relaunch-shredded-cheddar-cheese-2', 'milk', 'contains'),
  ('ranch-chicken-snack-wrap-crispy-for-relaunch-white-flour-tortilla-4', 'wheat', 'contains'),
  ('ranch-chicken-snack-wrap-crispy-for-relaunch-crispy-chicken-patty-5', 'wheat', 'contains'),
  ('mcveggie-mayonnaise-style-sauce-1', 'egg', 'contains'),
  ('mcveggie-mayonnaise-style-sauce-1', 'mustard', 'contains'),
  ('mcveggie-sesame-seed-bun-3', 'sesame-seeds', 'contains'),
  ('mcveggie-sesame-seed-bun-3', 'wheat', 'contains'),
  ('mcveggie-crunchy-breaded-veggie-patty-4', 'oat', 'contains'),
  ('mcveggie-crunchy-breaded-veggie-patty-4', 'soy', 'contains'),
  ('mcveggie-crunchy-breaded-veggie-patty-4', 'wheat', 'contains'),
  ('spicy-mcveggie-creamy-habanero-sauce-1', 'egg', 'contains'),
  ('spicy-mcveggie-creamy-habanero-sauce-1', 'mustard', 'contains'),
  ('spicy-mcveggie-sesame-seed-bun-3', 'sesame-seeds', 'contains'),
  ('spicy-mcveggie-sesame-seed-bun-3', 'wheat', 'contains'),
  ('spicy-mcveggie-crunchy-breaded-veggie-patty-4', 'oat', 'contains'),
  ('spicy-mcveggie-crunchy-breaded-veggie-patty-4', 'soy', 'contains'),
  ('spicy-mcveggie-crunchy-breaded-veggie-patty-4', 'wheat', 'contains'),
  ('filet-o-fish-processed-cheese-1', 'milk', 'contains'),
  ('filet-o-fish-processed-cheese-1', 'soy', 'contains'),
  ('filet-o-fish-tartar-sauce-2', 'egg', 'contains'),
  ('filet-o-fish-tartar-sauce-2', 'mustard', 'contains'),
  ('filet-o-fish-regular-bun-3', 'wheat', 'contains'),
  ('filet-o-fish-regular-bun-3', 'sesame-seeds', 'may_contain'),
  ('filet-o-fish-filet-o-fish-portion-4', 'fish', 'contains'),
  ('filet-o-fish-filet-o-fish-portion-4', 'wheat', 'contains'),
  ('double-filet-o-fish-processed-cheese-1', 'milk', 'contains'),
  ('double-filet-o-fish-processed-cheese-1', 'soy', 'contains'),
  ('double-filet-o-fish-tartar-sauce-2', 'egg', 'contains'),
  ('double-filet-o-fish-tartar-sauce-2', 'mustard', 'contains'),
  ('double-filet-o-fish-regular-bun-3', 'wheat', 'contains'),
  ('double-filet-o-fish-regular-bun-3', 'sesame-seeds', 'may_contain'),
  ('double-filet-o-fish-filet-o-fish-portion-4', 'fish', 'contains'),
  ('double-filet-o-fish-filet-o-fish-portion-4', 'wheat', 'contains'),
  ('happy-meal-snack-wrap-grilled-mayonnaise-style-sauce-1', 'egg', 'contains'),
  ('happy-meal-snack-wrap-grilled-mayonnaise-style-sauce-1', 'mustard', 'contains'),
  ('happy-meal-snack-wrap-grilled-white-flour-tortilla-3', 'wheat', 'contains'),
  ('Baked-Blueberry-Cream-Cheese-Pie-blueberry-cream-cheese-pie-1', 'milk', 'contains'),
  ('Baked-Blueberry-Cream-Cheese-Pie-blueberry-cream-cheese-pie-1', 'soy', 'contains'),
  ('Baked-Blueberry-Cream-Cheese-Pie-blueberry-cream-cheese-pie-1', 'wheat', 'contains'),
  ('chewy-chocolate-chunk-cookie-chocolate-chunk-cookie-1', 'barley', 'contains'),
  ('chewy-chocolate-chunk-cookie-chocolate-chunk-cookie-1', 'egg', 'contains'),
  ('chewy-chocolate-chunk-cookie-chocolate-chunk-cookie-1', 'milk', 'contains'),
  ('chewy-chocolate-chunk-cookie-chocolate-chunk-cookie-1', 'soy', 'contains'),
  ('chewy-chocolate-chunk-cookie-chocolate-chunk-cookie-1', 'wheat', 'contains'),
  ('rainbow-sprinkle-cookie-rainbow-sprinkle-cookie-1', 'barley', 'contains'),
  ('rainbow-sprinkle-cookie-rainbow-sprinkle-cookie-1', 'egg', 'contains'),
  ('rainbow-sprinkle-cookie-rainbow-sprinkle-cookie-1', 'milk', 'contains'),
  ('rainbow-sprinkle-cookie-rainbow-sprinkle-cookie-1', 'soy', 'contains'),
  ('rainbow-sprinkle-cookie-rainbow-sprinkle-cookie-1', 'wheat', 'contains'),
  ('toasted-smores-cookie-toasted-s-mores-cookie-1', 'barley', 'contains'),
  ('toasted-smores-cookie-toasted-s-mores-cookie-1', 'egg', 'contains'),
  ('toasted-smores-cookie-toasted-s-mores-cookie-1', 'milk', 'contains'),
  ('toasted-smores-cookie-toasted-s-mores-cookie-1', 'soy', 'contains'),
  ('toasted-smores-cookie-toasted-s-mores-cookie-1', 'wheat', 'contains'),
  ('chocolate-chip-muffin-chocolate-chip-muffin-1', 'egg', 'contains'),
  ('chocolate-chip-muffin-chocolate-chip-muffin-1', 'milk', 'contains'),
  ('chocolate-chip-muffin-chocolate-chip-muffin-1', 'soy', 'contains'),
  ('chocolate-chip-muffin-chocolate-chip-muffin-1', 'wheat', 'contains'),
  ('poutine-cheese-curds-2', 'milk', 'contains'),
  ('fruit-fibre-muffin-fruit-and-fibre-muffin-1', 'egg', 'contains'),
  ('fruit-fibre-muffin-fruit-and-fibre-muffin-1', 'milk', 'contains'),
  ('fruit-fibre-muffin-fruit-and-fibre-muffin-1', 'oat', 'contains'),
  ('fruit-fibre-muffin-fruit-and-fibre-muffin-1', 'soy', 'contains'),
  ('fruit-fibre-muffin-fruit-and-fibre-muffin-1', 'wheat', 'contains'),
  ('blueberry-muffin-blueberry-muffin-1', 'egg', 'contains'),
  ('blueberry-muffin-blueberry-muffin-1', 'milk', 'contains'),
  ('blueberry-muffin-blueberry-muffin-1', 'oat', 'contains'),
  ('blueberry-muffin-blueberry-muffin-1', 'soy', 'contains'),
  ('blueberry-muffin-blueberry-muffin-1', 'wheat', 'contains'),
  ('carrot-muffin-carrot-muffin-1', 'egg', 'contains'),
  ('carrot-muffin-carrot-muffin-1', 'milk', 'contains'),
  ('carrot-muffin-carrot-muffin-1', 'oat', 'contains'),
  ('carrot-muffin-carrot-muffin-1', 'soy', 'contains'),
  ('carrot-muffin-carrot-muffin-1', 'wheat', 'contains'),
  ('cranberry-orange-muffin-201057-cranberry-orange-muffin-1', 'egg', 'contains'),
  ('cranberry-orange-muffin-201057-cranberry-orange-muffin-1', 'milk', 'contains'),
  ('cranberry-orange-muffin-201057-cranberry-orange-muffin-1', 'soy', 'contains'),
  ('cranberry-orange-muffin-201057-cranberry-orange-muffin-1', 'wheat', 'contains'),
  ('baked-apple-pie-baked-apple-pie-1', 'soy', 'contains'),
  ('baked-apple-pie-baked-apple-pie-1', 'wheat', 'contains'),
  ('cadbury-creme-egg-mcflurry-regular-cadbury-chocolate-2', 'milk', 'contains'),
  ('cadbury-creme-egg-mcflurry-regular-cadbury-chocolate-2', 'soy', 'contains'),
  ('cadbury-creme-egg-mcflurry-regular-vanilla-ice-milk-3', 'milk', 'contains'),
  ('triple-thick-shamrock-shake-syrup-medium-vanilla-ice-milk-2', 'milk', 'contains'),
  ('salted-caramel-mcFlurry-regular-hot-caramel-topping-2', 'milk', 'contains'),
  ('salted-caramel-mcFlurry-regular-vanilla-ice-milk-3', 'milk', 'contains'),
  ('sundae-strawberry-vanilla-ice-milk-2', 'milk', 'contains'),
  ('cone-vanilla-large-cone-1', 'soy', 'contains'),
  ('cone-vanilla-large-cone-1', 'wheat', 'contains'),
  ('cone-vanilla-vanilla-ice-milk-2', 'milk', 'contains'),
  ('sundae-hot-fudge-hot-fudge-sundae-topping-1', 'milk', 'contains'),
  ('sundae-hot-fudge-hot-fudge-sundae-topping-1', 'soy', 'contains'),
  ('sundae-hot-fudge-vanilla-ice-milk-2', 'milk', 'contains'),
  ('sundae-hot-caramel-hot-caramel-topping-1', 'milk', 'contains'),
  ('sundae-hot-caramel-vanilla-ice-milk-2', 'milk', 'contains'),
  ('mcflurry-oreo-regular-size-portion-oreo-mix-in-1', 'soy', 'contains'),
  ('mcflurry-oreo-regular-size-portion-oreo-mix-in-1', 'wheat', 'contains'),
  ('mcflurry-oreo-regular-size-portion-vanilla-ice-milk-2', 'milk', 'contains'),
  ('mcflurry-dessert-crushed-skor-candy-bars-regular-size-portion-crushed-skor-candy-bars-1', 'milk', 'contains'),
  ('mcflurry-dessert-crushed-skor-candy-bars-regular-size-portion-crushed-skor-candy-bars-1', 'soy', 'contains'),
  ('mcflurry-dessert-crushed-skor-candy-bars-regular-size-portion-crushed-skor-candy-bars-1', 'tree-nuts', 'contains'),
  ('mcflurry-dessert-crushed-skor-candy-bars-regular-size-portion-vanilla-ice-milk-2', 'milk', 'contains'),
  ('smarties-mcflurry-regular-size-portion-crushed-smarties-1', 'milk', 'contains'),
  ('smarties-mcflurry-regular-size-portion-crushed-smarties-1', 'soy', 'contains'),
  ('smarties-mcflurry-regular-size-portion-crushed-smarties-1', 'wheat', 'contains'),
  ('smarties-mcflurry-regular-size-portion-vanilla-ice-milk-2', 'milk', 'contains'),
  ('triple-thick-milkshake-chocolate-medium-vanilla-ice-milk-2', 'milk', 'contains'),
  ('triple-thick-milkshake-vanilla-medium-vanilla-ice-milk-2', 'milk', 'contains'),
  ('triple-thick-milkshake-strawberry-medium-vanilla-ice-milk-2', 'milk', 'contains'),
  ('strawberry-flavoured-yogurt-tube-strawberry-yogurt-tube-1', 'milk', 'contains'),
  ('strawberry-banana-smoothie-with-yogurt-medium-smoothie-yogurt-mix-1', 'milk', 'contains'),
  ('blueberry-pomegranate-smoothie-with-yogurt-medium-smoothie-yogurt-mix-1', 'milk', 'contains'),
  ('mango-pineapple-smoothie-with-yogurt-medium-smoothie-yogurt-mix-1', 'milk', 'contains'),
  ('1-partly-skimmed-milk-250-ml-1-partly-skimmed-milk-1', 'milk', 'contains'),
  ('1-partly-skimmed-chocolate-milk-1-partly-skimmed-chocolate-milk-1', 'milk', 'contains'),
  ('salted-caramel-latte-medium-2-milk-3', 'milk', 'contains'),
  ('salted-caramel-iced-coffee-medium-18-cream-3', 'milk', 'contains'),
  ('oat-iced-coffee-medium-oat-beverage-3', 'milk', 'may_contain'),
  ('berry-mcpops-berry-mcpops-donut-1', 'egg', 'contains'),
  ('berry-mcpops-berry-mcpops-donut-1', 'milk', 'contains'),
  ('berry-mcpops-berry-mcpops-donut-1', 'wheat', 'contains'),
  ('berry-mcpops-berry-mcpops-donut-1', 'barley', 'may_contain'),
  ('berry-mcpops-berry-mcpops-donut-1', 'oat', 'may_contain'),
  ('berry-mcpops-berry-mcpops-donut-1', 'rye', 'may_contain'),
  ('berry-mcpops-berry-mcpops-donut-1', 'sesame-seeds', 'may_contain'),
  ('berry-mcpops-berry-mcpops-donut-1', 'soy', 'may_contain'),
  ('berry-mcpops-berry-mcpops-donut-1', 'tree-nuts', 'may_contain'),
  ('white-chocolate-mcpops-white-chocolate-mcpops-1', 'egg', 'contains'),
  ('white-chocolate-mcpops-white-chocolate-mcpops-1', 'milk', 'contains'),
  ('white-chocolate-mcpops-white-chocolate-mcpops-1', 'soy', 'contains'),
  ('white-chocolate-mcpops-white-chocolate-mcpops-1', 'wheat', 'contains'),
  ('white-chocolate-mcpops-white-chocolate-mcpops-1', 'barley', 'may_contain'),
  ('white-chocolate-mcpops-white-chocolate-mcpops-1', 'oat', 'may_contain'),
  ('white-chocolate-mcpops-white-chocolate-mcpops-1', 'rye', 'may_contain'),
  ('white-chocolate-mcpops-white-chocolate-mcpops-1', 'sesame-seeds', 'may_contain'),
  ('white-chocolate-mcpops-white-chocolate-mcpops-1', 'tree-nuts', 'may_contain'),
  ('hazelnut-cocoa-mcpops-hazelnut-and-cocoa-mcpops-1', 'egg', 'contains'),
  ('hazelnut-cocoa-mcpops-hazelnut-and-cocoa-mcpops-1', 'milk', 'contains'),
  ('hazelnut-cocoa-mcpops-hazelnut-and-cocoa-mcpops-1', 'soy', 'contains'),
  ('hazelnut-cocoa-mcpops-hazelnut-and-cocoa-mcpops-1', 'tree-nuts', 'contains'),
  ('hazelnut-cocoa-mcpops-hazelnut-and-cocoa-mcpops-1', 'barley', 'may_contain'),
  ('hazelnut-cocoa-mcpops-hazelnut-and-cocoa-mcpops-1', 'oat', 'may_contain'),
  ('hazelnut-cocoa-mcpops-hazelnut-and-cocoa-mcpops-1', 'sesame-seeds', 'may_contain'),
  ('cappuccino-with-2-milk-medium-2-milk-2', 'milk', 'contains'),
  ('latte-with-2-milk-medium-2-milk-2', 'milk', 'contains'),
  ('french-vanilla-latte-with-2-milk-medium-french-vanilla-flavoured-syrup-1', 'milk', 'contains'),
  ('french-vanilla-latte-with-2-milk-medium-french-vanilla-flavoured-syrup-1', 'soy', 'contains'),
  ('french-vanilla-latte-with-2-milk-medium-2-milk-3', 'milk', 'contains'),
  ('latte-with-sugar-free-syrup-with-2-milk-medium-sugar-free-syrup-1', 'sulphites', 'contains'),
  ('latte-with-sugar-free-syrup-with-2-milk-medium-2-milk-3', 'milk', 'contains'),
  ('caramel-latte-with-2-milk-medium-caramel-flavoured-syrup-1', 'milk', 'contains'),
  ('caramel-latte-with-2-milk-medium-caramel-flavoured-syrup-1', 'soy', 'contains'),
  ('caramel-latte-with-2-milk-medium-2-milk-3', 'milk', 'contains'),
  ('mocha-with-2-milk-medium-whipped-cream-2', 'milk', 'contains'),
  ('mocha-with-2-milk-medium-chocolate-syrup-3', 'milk', 'contains'),
  ('mocha-with-2-milk-medium-2-milk-4', 'milk', 'contains'),
  ('hot-chocolate-with-2-milk-medium-2-milk-1', 'milk', 'contains'),
  ('hot-chocolate-with-2-milk-medium-chocolate-syrup-2', 'milk', 'contains'),
  ('hot-chocolate-with-2-milk-medium-whipped-cream-3', 'milk', 'contains'),
  ('higgins-burke-hot-chocolate-18-cream-2', 'milk', 'contains'),
  ('higgins-burke-hot-chocolate-hot-chocolate-packet-3', 'milk', 'contains'),
  ('iced-coffee-medium-18-cream-2', 'milk', 'contains'),
  ('vanilla-iced-coffee-medium-18-cream-2', 'milk', 'contains'),
  ('vanilla-iced-coffee-medium-french-vanilla-flavoured-syrup-3', 'milk', 'contains'),
  ('vanilla-iced-coffee-medium-french-vanilla-flavoured-syrup-3', 'soy', 'contains'),
  ('caramel-iced-coffee-medium-caramel-flavoured-syrup-1', 'milk', 'contains'),
  ('caramel-iced-coffee-medium-caramel-flavoured-syrup-1', 'soy', 'contains'),
  ('caramel-iced-coffee-medium-18-cream-2', 'milk', 'contains'),
  ('coffee-iced-frapp-medium-coffee-frappe-2', 'milk', 'contains'),
  ('iced-coffee-with-sugar-free-syrup-medium-sugar-free-syrup-1', 'sulphites', 'contains'),
  ('iced-coffee-with-sugar-free-syrup-medium-18-cream-2', 'milk', 'contains'),
  ('vanilla-chai-iced-frapp-small-vanilla-chai-frapp-base-1', 'milk', 'contains'),
  ('chocolate-brownie-muffin-chocolate-brownie-muffin-mix-1', 'egg', 'contains'),
  ('chocolate-brownie-muffin-chocolate-brownie-muffin-mix-1', 'milk', 'contains'),
  ('chocolate-brownie-muffin-chocolate-brownie-muffin-mix-1', 'soy', 'contains'),
  ('chocolate-brownie-muffin-chocolate-brownie-muffin-mix-1', 'wheat', 'contains'),
  ('banana-chocolate-chunk-muffin-banana-chocolate-chunk-muffin-1', 'egg', 'contains'),
  ('banana-chocolate-chunk-muffin-banana-chocolate-chunk-muffin-1', 'milk', 'contains'),
  ('banana-chocolate-chunk-muffin-banana-chocolate-chunk-muffin-1', 'oat', 'contains'),
  ('banana-chocolate-chunk-muffin-banana-chocolate-chunk-muffin-1', 'soy', 'contains'),
  ('banana-chocolate-chunk-muffin-banana-chocolate-chunk-muffin-1', 'wheat', 'contains'),
  ('baked-apple-pie-200553-baked-apple-pie-1', 'soy', 'contains'),
  ('baked-apple-pie-200553-baked-apple-pie-1', 'wheat', 'contains')
;

-- Starbucks Canada food additions.
insert into restaurants (id, slug, name, description, cuisine_hint, sort_order) values
  ('starbucks-canada', 'starbucks-canada', 'Starbucks Canada', 'Starbucks Canada food menu data sourced from the current public ordering API for breakfast, bakery, treats, lunch, and lite bites.', 'Breakfast sandwiches, bakery, snacks, and lunch items', 2)
;

insert into allergens (id, name) values
  ('gluten', 'gluten'),
  ('peanuts', 'peanuts')
;

insert into menu_items (id, restaurant_id, name, category, description, ingredient_statement, sort_order) values
  ('starbucks-egg-pesto-and-mozzarella-sandwich-2123885', 'starbucks-canada', 'Egg, Pesto & Mozzarella Sandwich', 'Breakfast', 'Fluffy, cage-free egg frittata with kale, basil pesto and mozzarella on a toasted Cheddar and onion bun. An herbaceous twist on a classic egg and cheese sandwich. - HIGH-PROTEIN - VEGETARIAN', null, 1),
  ('starbucks-three-cheese-and-egg-sandwich-873068740', 'starbucks-canada', 'Three Cheese & Egg Sandwich', 'Breakfast', 'Cage-free egg frittata made with Parmesan and Monterey cheese, topped with sharp Cheddar cheese on an artisan roll. - VEGETARIAN - HIGH-PROTEIN', null, 2),
  ('starbucks-bacon-gouda-and-egg-sandwich-369', 'starbucks-canada', 'Bacon, Gouda & Egg Sandwich', 'Breakfast', 'Sizzling applewood-smoked bacon, Parmesan cage-free egg frittata and melted aged Gouda on an artisan roll. - HIGH-PROTEIN', null, 3),
  ('starbucks-bacon-style-turkey-cheddar-and-egg-white-sandwich-368', 'starbucks-canada', 'Bacon-Style Turkey, Cheddar & Egg White Sandwich', 'Breakfast', 'Your favourite sandwich just got better. Get 17g of protein now with our classic cage-free egg whites and new premium cherrywood-smoked turkey bacon, topped with a more flavourful sharp white Cheddar, inside a wheat English muffin for fuel without compromise. - HIGH-PROTEIN', null, 4),
  ('starbucks-sausage-cheddar-and-egg-sandwich-367', 'starbucks-canada', 'Sausage, Cheddar & Egg Sandwich', 'Breakfast', 'A savory sausage patty, fluffy cage-free eggs and aged Cheddar cheese on a perfectly toasted English muffin. - HIGH-PROTEIN', null, 5),
  ('starbucks-double-smoked-bacon-cheddar-and-egg-sandwich-2121219', 'starbucks-canada', 'Double-Smoked Bacon, Cheddar & Egg Sandwich', 'Breakfast', 'Bacon smoked for six hours over hickory wood chips, stacked with a cage-free fried egg, topped with a melted slice of sharp Cheddar cheese-all on our signature croissant bun. - HIGH-PROTEIN', 'Croissant (Wheat Flour, Water, Butter (Pasteurized Cream), Sugar, Yeast, Salt, Liquid Whole Eggs, Malted Barley, Dough Conditioner (Wheat Gluten, Xanthan Gum, Ascorbic Acid, Enzymes (Xylanase And Alpha Amylase)), Fried Egg Patty (Liquid Egg Whites, Liquid Egg Yolks, Whole Milk, Modified Corn Starch, Salt, Citric Acid), Bacon (Pork, Water, Salt, Sugar, Smoke Flavouring, Sodium Diacetate, Sodium Phosphate, Sodium Erythorbate, Flavouring, Sodium Nitrite), Sharp Cheddar Cheese (Pasteurized Milk, Microbial Cheese Culture, Salt, Microbial Enzymes, Annato (Vegetable Colour)))', 6),
  ('starbucks-everything-croissant-and-roasted-ham-sandwich-2123065', 'starbucks-canada', 'Everything Croissant & Roasted Ham Sandwich', 'Breakfast', 'Roasted ham combined with a cage-free fried egg patty and topped with a melted slice of Cheddar cheese in the middle of an everything croissant. - HIGH-PROTEIN', null, 7),
  ('starbucks-avocado-spread-2122257', 'starbucks-canada', 'Avocado Spread', 'Breakfast', 'Spruce up your sandwich or sous vide egg bites with avocado mixed with a touch of spices and lime. This Avocado Spread is made using a high-pressure process designed to maintain freshness without the use of heat, additives or preservatives.', 'HASS AVOCADO, SEA SALT, ONION, GARLIC, JALAPENO PEPPER, LIME JUICE', 8),
  ('starbucks-bacon-sausage-and-egg-wrap-2123181', 'starbucks-canada', 'Bacon, Sausage & Egg Wrap', 'Breakfast', 'Double-smoked bacon, savoury pork sausage and cage-free scrambled eggs combined with Cheddar cheese and potatoes-all wrapped in a flour tortilla. - HIGH-PROTEIN', null, 9),
  ('starbucks-spinach-feta-and-cage-free-egg-white-wrap-371', 'starbucks-canada', 'Spinach, Feta and Cage Free Egg White Wrap', 'Breakfast', 'Cage-free egg whites are combined with spinach, feta cheese and sun-dried tomato cream cheese inside a whole-wheat wrap. - VEGETARIAN - HIGH-PROTEIN', null, 10),
  ('starbucks-bacon-and-gruyere-egg-bites-2122116', 'starbucks-canada', 'Bacon & Gruyere Egg Bites', 'Breakfast', 'Applewood-smoked bacon and aged Gruyere and Monterey Jack cheeses folded into cage-free eggs and cooked using the French "sous vide" technique to create a velvety texture that''s full of flavour. - HIGH-PROTEIN', 'Liquid whole EGG (EGG, citric acid), Cheese blend (monterey jack cheese (pasteurized milk, bacterial culture, salt, microbial enzymes), gruyere cheese (pasteurized milk, bacterial culture, salt, microbial enzymes), potato starch, natamycin (a natural mould inhibitor)), Cottage cheese (cultured skim milk, milk, skim milk, whey, salt, maltodextrin, citric acid, carrageenan, mono- and diglycerides, locust bean gum, guar gum, natural flavour, vitiamin A palmitate, carbon dioxide (to maintain freshness), microbial enzymes), Pork bacon (cured with: water, sea salt, cane sugar, cultured celery juice, cherry powder), Flavoured butter, Corn starch, Rice starch, White vinegar (diluted with water to 4% acidity), Hot sauce (distilled vinegar, red pepper, salt), Salt, Canola oil.', 11),
  ('starbucks-egg-white-and-roasted-red-pepper-egg-bites-2122117', 'starbucks-canada', 'Egg White & Roasted Red Pepper Egg Bites', 'Breakfast', 'Cage-free egg whites combined with Monterey Jack cheese, spinach and fire-roasted red peppers and cooked using the French "sous vide" to create a velvety texture that''s full of flavour. - VEGETARIAN - HIGH-PROTEIN', 'Liquid Egg Whites, Cottage Cheese (Cultured Skim Milk, Milk, Skim Milk, Whey, Salt, Maltodextrin, Citric Acid, Carrageenan, Mono And Diglycerides, Locust Bean Gum, Guar Gum, Natural Flavour, Vitamin A Palmitate, Carbon Dioxide (To Maintain Freshness), Microbial Enzymes, Monterey Jack Cheese (Pasteurized Milk, Bacterial Culture, Salt, Microbial Enzymes, Potato Starch, Powdered Cellulose, Natamycin (A Natural Mould Inhibitor)), Red Bell Pepper, Rice Starch, Flavoured Butter, Spinach, Canola Oil, Feta Cheese (Pasteurized Milk, Bacterial Culture, Lipase, Chymosin, Potato Starch), Green Onion, Salt, Hot Sauce (Distilled Vinegar, Red Pepper, Salt), Spice)', 12),
  ('starbucks-potato-cheddar-and-chive-bakes-2123269', 'starbucks-canada', 'Potato, Cheddar & Chive Bakes', 'Breakfast', 'A mixture of potatoes, Cheddar cheese, spinach, onions and a touch of chives with cage-free eggs baked until golden brown. A savoury meal sure to take you to your happy place. - VEGETARIAN - HIGH-PROTEIN - CAGE-FREE', 'Diced potatoes (potatoes, disodium dihydrogen phosphate (to maintain colour)), Liquid whole eggs (eggs, citric acid, water), Cottage cheese (cultured skim milk, milk, skim milk, whey, salt, maltodextrin, citric acid, carrageenan, mono- and diglycerides, locust bean gum, guar gum, natural flavour, vitiamin A palmitate, carbon dioxide (to maintain freshness), microbial enzymes), Cheddar cheese (cheddar cheese (cultured pasteurized milk, salt, microbial enzymes, annatto (colour)), potato starch (anti-caking agent)), Roasted onions, Cheese blend (monterey jack cheese (pasteurized milk, bacterial culture, salt, microbial enzymes), gruyere cheese (pasteurized milk, bacterial culture, salt, microbial enzymes), potato starch, natamycin (mould inhibitor)), White cheddar cheese (white cheddar cheese (pasteurized milk, bacterial culture, salt, microbial enzymes), powdered cellulose (anti-caking agent)), Spinach, Cultured butter, Chives, Rice starch, Mustard (water, mustard seeds, vinegar, salt, sodium bisulphite (preservative)), Salt, Hot sauce (distilled vinegar, red pepper, salt), White distilled vinegar (diluted with water to 4% acidity), Canola oil (canola oil, sunflower lecithin)', 13),
  ('starbucks-rolled-steel-cut-oatmeal-301', 'starbucks-canada', 'Rolled Steel-Cut Oatmeal', 'Breakfast', 'A blend of rolled and whole-grain steel-cut oats to customize your way with a selection of toppings: raisins, dried cranberries, sliced almonds, pecans, walnuts and brown sugar. - VEGETARIAN', 'WHOLE GRAIN ROLLED OATS, WHOLE GRAIN STEEL CUT OATS, WHOLE GRAIN OAT FLOUR, SALT, CALCIUM CARBONATE, GUAR GUM.', 14),
  ('starbucks-ham-and-swiss-croissant-2122132', 'starbucks-canada', 'Ham & Swiss Croissant', 'Bakery', 'Hickory-smoked ham and melted Swiss cheese enveloped in our buttery signature croissant. A French classic with savory delights and a flaky, golden crust.', null, 15),
  ('starbucks-cheese-danish-1040', 'starbucks-canada', 'Cheese Danish', 'Bakery', 'Flaky, butter croissant dough with soft, warm cheese in the center. - VEGETARIAN', 'Enriched Wheat Flour, Neufchatel Cheese (milk ingredients, salt, locust bean gum, bacterial culture), Water, Butter, Sugar, Whole Milk Powder, Liquid Whole Egg, Yeast, Sea Salt, Wheat Gluten, Sourdough (water, fermented wheat flour), Lactic acid, Ascorbic acid, Xanthan gum, Amylase, Xylanase.', 16),
  ('starbucks-butter-croissant-1033', 'starbucks-canada', 'Butter Croissant', 'Bakery', 'Classic butter croissant with soft, flaky layers and a golden-brown crust. - VEGETARIAN', 'FLOUR (WHEAT), CULTURED BUTTER (CREAM (MILK), LACTIC ACID), WATER, SUGAR, YEAST, LIQUID WHOLE EGGS, WHOLE MILK POWDER, SALT, FERMENTED DOUGH EXTRACT (WATER, FERMENTED WHEAT FLOUR), WHEAT GLUTEN, WHEAT SOURDOUGH (WATER, FERMENTED WHEAT FLOUR), XANTHAN GUM, ASCORBIC ACID, XYLANASE AND ALPHA-AMYLASE.', 17),
  ('starbucks-chocolate-croissant-1028', 'starbucks-canada', 'Chocolate Croissant', 'Bakery', 'Two generous pieces of chocolate wrapped in a butter croissant with soft, flaky layers and a golden-brown crust. - VEGETARIAN', 'FLOUR (WHEAT), CULTURED BUTTER (CREAM (MILK), LACTIC ACID), CHOCOLATE (SUGAR, UNSWEETENED CHOCOLATE, COCOA BUTTER, DEXTROSE, SOY LECITHIN (EMULSIFIER), VANILLA EXTRACT), WATER, SUGAR, YEAST, LIQUID WHOLE EGGS, WHOLE MILK POWDER, SALT, FERMENTED DOUGH EXTRACT (WATER, FERMENTED WHEAT FLOUR), WHEAT GLUTEN, WHEAT SOURDOUGH (WATER, FERMENTED WHEAT FLOUR), XANTHAN GUM, ASCORBIC ACID, XYLANASE AND ALPHA-AMYLASE.i12', 18),
  ('starbucks-belgian-liege-waffle-2124777', 'starbucks-canada', 'Belgian Liege Waffle', 'Bakery', 'Sweet, golden-brown Liege waffle infused with pearl sugar and smooth vanilla flavour.', 'Wheat flour, Butter, Sugars (pearl sugar, invert sugar), Water, Liquid eggs, Yeast, Milk powder, Salt, Natural vanilla flavour.', 19),
  ('starbucks-8-maple-mini-pancakes-2124779', 'starbucks-canada', '8 Maple Mini Pancakes', 'Bakery', 'Sweet, golden-brown, bite-size pancakes infused with maple sugar and maple flavour.', 'Enriched wheat flour, Canola oil, Sugars (sugar, maple sugar), Water, Liquid whole egg, Whey powder, Baking powder, Sunflower lecithin, Dried egg-white, Natural flavour, Salt, Citric acid.', 20),
  ('starbucks-4-maple-mini-pancakes-2124778', 'starbucks-canada', '4 Maple Mini Pancakes', 'Bakery', 'Sweet, golden-brown, bite-size pancakes infused with maple sugar and maple flavour.', null, 21),
  ('starbucks-iced-lemon-loaf-1254', 'starbucks-canada', 'Iced Lemon Loaf', 'Bakery', 'Citrusy, buttery, moist lemon pound cake topped with a sweet icing. - VEGETARIAN', 'Sugars (sugar, corn syrup), Enriched wheat flour, Liquid whole eggs, Soybean oil, Buttermilk (modified milk ingredients, modified cornstarch, sodium citrate, locust bean gum, carrageenan, mono- and diglycerides, salt, Vitamin A palmitate, Vitamin D3), Butter, Lemon zest (lemon peel, sugar, lemon oil), Water, Lemon juice, Modified milk ingredients, Concentrated lemon juice, Natural flavour, Liquid egg whites, Sea salt, Baking powder, Baking soda, Mono- and diglycerides, Guar gum, Modified Cellulose, Xanthan gum, Soy lecithin.', 22),
  ('starbucks-cinnamon-coffee-cake-1021', 'starbucks-canada', 'Cinnamon Coffee Cake', 'Bakery', 'Buttery, moist, coffee cake swirled with a cinnamon-sugar blend and finished with a crunchy streusel topping. - VEGETARIAN', 'ENRICHED WHEAT FLOUR, SUGAR, BUTTER, BROWN SUGAR, SOUR CREAM (SKIM MILK, CREAM, MILK PROTEIN CONCENTRATE, SKIM MILK POWDER, MICROBIAL ENZYME, BACTERIAL CULTURE), LIQUID WHOLE EGG, WHOLE MILK, CANOLA OIL, CINNAMON, BAKING POWDER, NATURAL FLAVOUR, SEA SALT.', 23),
  ('starbucks-banana-loaf-892', 'starbucks-canada', 'Banana Loaf', 'Bakery', 'Sweet, ripe bananas and a hint of cinnamon spice mixed into a moist, classic banana bread. - VEGETARIAN', 'BANANAS, WHEAT FLOUR, SUGAR, LIQUID WHOLE EGG, SOYBEAN AND / OR CANOLA OIL, BAKING POWDER, SEA SALT, VANILLA FLAVOUR, SPICE, SOY LECITHIN.i12', 24),
  ('starbucks-blueberry-muffin-with-yogurt-and-honey-1036', 'starbucks-canada', 'Blueberry Muffin with Yogurt & Honey', 'Bakery', 'Soft muffin with sweet, juicy blueberries, yogurt and honey-deliciously flavourful. - VEGETARIAN', 'Enriched wheat flour, Sugars (sugar, honey), Blueberries, Plain yogurt (milk ingredients, modified milk ingredients, modified cornstarch, bacterial culture), Soybean oil, Liquid whole egg, Butter, Baking powder, Modified cornstarch, Vanilla extract, Sea salt, Natural flavour, Vanilla bean pieces, Soy lecithin.', 25),
  ('starbucks-mini-dill-and-rye-bagels-36003', 'starbucks-canada', 'Mini Dill & Rye Bagels', 'Bakery', 'Three artisan rye bagel rounds crafted from a balanced blend of white and whole-wheat rye flour. Each round is generously filled with dill-infused cream cheese, brightened with a touch of lemon zest and finished with a sprinkle of toasted sesame seeds for added crunch and flavour.', null, 26),
  ('starbucks-frog-cake-pop-28400', 'starbucks-canada', 'Frog Cake Pop', 'Treats', 'Vanilla cake mixed with buttercream, dipped in green chocolaty icing and decorated as a cute frog. - VEGETARIAN', null, 27),
  ('starbucks-lemon-cake-pop-2123000', 'starbucks-canada', 'Lemon Cake Pop', 'Treats', 'Lemon-flavoured white cake enrobed in a zesty yellow, chocolaty coating and a sweet-and-sour topping. - VEGETARIAN', null, 28),
  ('starbucks-valentine-cake-pop-2122932', 'starbucks-canada', 'Valentine Cake Pop', 'Treats', 'A rich chocolate cake coated with chocolaty icing and finished with heart sprinkles. - Vegetarian', null, 29),
  ('starbucks-birthday-cake-pop-784', 'starbucks-canada', 'Birthday Cake Pop', 'Treats', 'Bite-sized vanilla cake mixed with vanilla buttercream, dipped in pink chocolaty icing and topped with white sprinkles. - VEGETARIAN', null, 30),
  ('starbucks-chocolate-cake-pop-1015', 'starbucks-canada', 'Chocolate Cake Pop', 'Treats', 'Bite-sized chocolate cake mixed with chocolate buttercream, dipped in chocolaty icing and topped with white sprinkles. - VEGETARIAN', null, 31),
  ('starbucks-heart-cookie-2122140', 'starbucks-canada', 'Heart Cookie', 'Treats', 'A rich, buttery heart-shaped cookie topped with white or pink chocolaty coating and colourful sprinkles. - VEGETARIAN', null, 32),
  ('starbucks-double-chocolate-brownie-299', 'starbucks-canada', 'Double Chocolate Brownie', 'Treats', 'Rich chocolate brownie with generous chunks of semisweet chocolate. - VEGETARIAN', 'SUGAR, WHEAT FLOUR, WHOLE LIQUID EGGS, CANOLA OIL, MILK CHOCOLATE (SUGAR, COCOA BUTTER, BELGIAN UNSWEETENED CHOCOLATE, MODIFIED MILK PRODUCT, SOY LECITHIN, VANILLA EXTRACT), SEMI-SWEET CHOCOLATE (UNSWEETENED CHOCOLATE, SUGAR, SOY LECITHIN), SEMI-SWEET CHOCOLATE CHUNKS (SUGAR, CHOCOLATE LIQUOR, COCOA BUTTER, ANHYDROUS DEXTROSE, SOY LECITHIN, VANILLA), CHOCOLATE LIQUOR, BROWN RICE SYRUP, SEMI-SWEET CHOCOLATE CHIPS (SUGAR, CHOCOLATE LIQUOR PROCESSED WITH ALKALI, COCOA BUTTER, MILK FAT, SOY LECITHIN, VANILLA), SALTED BUTTER, WHIPPING CREAM (CREAM, CARRAGEENAN), WATER, BAKING POWDER, SALT, VANILLA EXTRACT, MALTITOL SYRUP.i12', 33),
  ('starbucks-chocolate-chunk-cookie-1030', 'starbucks-canada', 'Chocolate Chunk Cookie', 'Treats', 'Semisweet chocolate chunks mixed in a thick, chewy cookie-soft on the inside and crunchy on the outside. - VEGETARIAN', 'SEMI-SWEET CHOCOLATE CHUNKS (SUGAR, CHOCOLATE LIQUOR, DEXTROSE, COCOA BUTTER, SOY LECITHIN, VANILLA EXTRACT), WHEAT FLOUR, BUTTER (BARLEY), BROWN SUGAR, SUGAR, LIQUID WHOLE EGGS, VANILLA EXTRACT, SODIUM BICARBONATE, SALT.', 34),
  ('starbucks-ginger-molasses-cookie-537', 'starbucks-canada', 'Ginger Molasses Cookie', 'Treats', 'Ginger and molasses mixed in a supersoft chewy cookie. - VEGETARIAN', 'WHEAT FLOUR, SUGAR, MOLASSES, BUTTER, INVERT SUGAR, LIQUID WHOLE EGGS, SODIUM BICARBONATE, SPICES, BAKING POWDER.', 35),
  ('starbucks-oat-bar-539', 'starbucks-canada', 'Oat Bar', 'Treats', 'Hearty rolled Canadian oats and perfectly creamy butter mixed together to make a chewy oat bar. - VEGETARIAN', 'oats, butter (milk), corn syrup, brown sugar, vanilla flavour, salt.', 36),
  ('starbucks-ham-and-swiss-on-baguette-574', 'starbucks-canada', 'Ham & Swiss on Baguette', 'Lunch', 'Ham and Swiss cheese meld with Dijon butter on a toasted baguette. - HIGH-PROTEIN', null, 37),
  ('starbucks-chicken-and-bacon-on-brioche-2121995', 'starbucks-canada', 'Chicken & Bacon on Brioche', 'Lunch', 'Herbed, slow-cooked, white meat chicken, double-smoked bacon, maple mustard and cheese piled high on toasted apple brioche. - HIGH-PROTEIN', null, 38),
  ('starbucks-crispy-grilled-cheese-on-sourdough-2122717', 'starbucks-canada', 'Crispy Grilled Cheese on Sourdough', 'Lunch', 'A blend of mild Cheddar and baby Gouda cheeses on sourdough bread, topped with an olive-oil butter spread. - VEGETARIAN - HIGH-PROTEIN', null, 39),
  ('starbucks-tomato-and-mozzarella-on-focaccia-573', 'starbucks-canada', 'Tomato & Mozzarella on Focaccia', 'Lunch', 'Roasted tomatoes, mozzarella, spinach and basil pesto layered on toasted focaccia bread. - VEGETARIAN - HIGH-PROTEIN', null, 40),
  ('starbucks-turkey-provolone-and-pesto-on-ciabatta-2121962', 'starbucks-canada', 'Turkey, Provolone & Pesto on Ciabatta', 'Lunch', 'Thick-sliced turkey breast, melted provolone cheese, dry-roasted red peppers and basil pesto on a ciabatta roll. - HIGH-PROTEIN', null, 41),
  ('starbucks-spicy-falafel-pocket-2124655', 'starbucks-canada', 'Spicy Falafel Pocket', 'Lunch', 'Smashed falafel, creamy hummus, roasted red bell peppers, pickled onions and a spicy herb sauce wrapped inside a toasted lavash flatbread. - VEGAN', null, 42),
  ('starbucks-jalapeno-chicken-pocket-2124812', 'starbucks-canada', 'Jalapeno Chicken Pocket', 'Lunch', 'A toasted chile lavash flatbread wrapped and stuffed with diced chicken, charred poblanos, green jalapenos, three-chile-pepper cheese and jalapeno cream cheese.', null, 43),
  ('starbucks-original-hummus-and-crackers-snack-box-2123772', 'starbucks-canada', 'Original Hummus & Crackers Snack Box', 'Lunch', 'Chickpeas and tahini blended with garlic and lemon juice, paired with crisp flatbread crackers. - VEGAN', null, 44),
  ('starbucks-artisan-charcuterie-snack-box-2123423', 'starbucks-canada', 'Artisan Charcuterie Snack Box', 'Lunch', 'Artisan dry-cured salami and creamy fontinello cheese paired with bite-size breadsticks.', null, 45),
  ('starbucks-apples-pb-and-trail-mix-snack-box-2123507', 'starbucks-canada', 'Apples, PB & Trail Mix Snack Box', 'Lunch', 'Apple slices and Justin''s peanut butter paired with a blend of almonds, chocolate chunks, dried cranberries, pumpkin seeds, cashews, currants and raisins. - VEGAN - VEGETARIAN', null, 46),
  ('starbucks-mid-day-squares-peanut-butta-2123878', 'starbucks-canada', 'Mid-Day Squares Peanut Butta', 'Lite Bites', 'Designed to stop your mid-day cravings, this peanut butter plant-based square is made from natural ingredients and contains 6 g of protein, high fibre and Fairtrade dark chocolate to fuel your on-the-go lifestyle. - VEGAN', null, 47),
  ('starbucks-mid-day-squares-cookie-dough-2123884', 'starbucks-canada', 'Mid-Day Squares Cookie Dough', 'Lite Bites', 'Designed to stop your mid-day cravings, this cookie dough plant-based square is made from natural ingredients and contains 6 g of protein, high fibre and Fairtrade dark chocolate to fuel your on-the-go lifestyle. - VEGAN', null, 48),
  ('starbucks-butter-gourmet-popcorn-2121689', 'starbucks-canada', 'Butter Gourmet Popcorn', 'Lite Bites', 'Perfectly buttery with just the right amount of salt, this fluffy snack favorite makes movie theaters everywhere jealous.', null, 49),
  ('starbucks-perfectly-salted-kettle-potato-chips-2121813', 'starbucks-canada', 'Perfectly Salted Kettle Potato Chips', 'Lite Bites', 'Kettle potato chips perfectly salted for a naturally delicious snack with undeniable flavour and crunch.', null, 50),
  ('starbucks-squirrel-classic-almonds-2121742', 'starbucks-canada', 'Squirrel - Classic Almonds', 'Lite Bites', 'Pure California almonds are kettle-cooked, then finished with a hint of salt.', null, 51),
  ('starbucks-madeleines-2121740', 'starbucks-canada', 'Madeleines', 'Lite Bites', 'Made with quality ingredients, these rich and buttery French cakes are soft and moist in the center and baked with lightly crisped edges.', null, 52),
  ('starbucks-squirrel-brand-creme-brulee-almonds-2121743', 'starbucks-canada', 'Squirrel Brand - Creme Brulee Almonds', 'Lite Bites', 'Pure California almonds are kettle-cooked, then finished with a thin layer of caramelized sugar. A crunchy, bite-sized substitute for the famous dessert.', null, 53),
  ('starbucks-gluten-free-marshmallow-dream-bar-309', 'starbucks-canada', 'Gluten-Free Marshmallow Dream Bar', 'Lite Bites', 'This crispy, chewy marshmallow bar, made of ooey-gooey, soft marshmallows, crispy rice, creates a sweet treat that''ll make you snack like a kid again.', null, 54),
  ('starbucks-justin-s-dark-chocolate-peanut-butter-cups-2121686', 'starbucks-canada', 'Justin''s Dark Chocolate Peanut Butter Cups', 'Lite Bites', 'What happens when the best-tasting peanut butter in the world is delicately placed into the highest-quality, dark chocolate available? Peanut-butter cup perfection.', null, 55),
  ('starbucks-crispy-apple-chips-2123148', 'starbucks-canada', 'Crispy Apple Chips', 'Lite Bites', 'Enjoy a healthy snack that''s all apple with just a dash of indulgence. One that tastes and sounds great!', null, 56),
  ('starbucks-marble-cheese-stick-2122137', 'starbucks-canada', 'Marble Cheese Stick', 'Lite Bites', 'Marble cheese is delicious on its own as a snack or added to your lunch. This on-the-go cheese stick is protein-packed, kid-approved and colourful too.', null, 57)
;

insert into menu_item_allergens (menu_item_id, allergen_id, relation_type) values
  ('starbucks-double-smoked-bacon-cheddar-and-egg-sandwich-2121219', 'barley', 'contains'),
  ('starbucks-double-smoked-bacon-cheddar-and-egg-sandwich-2121219', 'egg', 'contains'),
  ('starbucks-double-smoked-bacon-cheddar-and-egg-sandwich-2121219', 'milk', 'contains'),
  ('starbucks-double-smoked-bacon-cheddar-and-egg-sandwich-2121219', 'wheat', 'contains'),
  ('starbucks-bacon-and-gruyere-egg-bites-2122116', 'egg', 'contains'),
  ('starbucks-bacon-and-gruyere-egg-bites-2122116', 'milk', 'contains'),
  ('starbucks-egg-white-and-roasted-red-pepper-egg-bites-2122117', 'egg', 'contains'),
  ('starbucks-egg-white-and-roasted-red-pepper-egg-bites-2122117', 'milk', 'contains'),
  ('starbucks-potato-cheddar-and-chive-bakes-2123269', 'egg', 'contains'),
  ('starbucks-potato-cheddar-and-chive-bakes-2123269', 'milk', 'contains'),
  ('starbucks-potato-cheddar-and-chive-bakes-2123269', 'mustard', 'contains'),
  ('starbucks-potato-cheddar-and-chive-bakes-2123269', 'sulphites', 'contains'),
  ('starbucks-rolled-steel-cut-oatmeal-301', 'oat', 'contains'),
  ('starbucks-ham-and-swiss-croissant-2122132', 'barley', 'contains'),
  ('starbucks-ham-and-swiss-croissant-2122132', 'egg', 'contains'),
  ('starbucks-ham-and-swiss-croissant-2122132', 'milk', 'contains'),
  ('starbucks-ham-and-swiss-croissant-2122132', 'wheat', 'contains'),
  ('starbucks-cheese-danish-1040', 'egg', 'contains'),
  ('starbucks-cheese-danish-1040', 'milk', 'contains'),
  ('starbucks-cheese-danish-1040', 'wheat', 'contains'),
  ('starbucks-butter-croissant-1033', 'egg', 'contains'),
  ('starbucks-butter-croissant-1033', 'milk', 'contains'),
  ('starbucks-butter-croissant-1033', 'wheat', 'contains'),
  ('starbucks-chocolate-croissant-1028', 'egg', 'contains'),
  ('starbucks-chocolate-croissant-1028', 'milk', 'contains'),
  ('starbucks-chocolate-croissant-1028', 'soy', 'contains'),
  ('starbucks-chocolate-croissant-1028', 'wheat', 'contains'),
  ('starbucks-belgian-liege-waffle-2124777', 'egg', 'contains'),
  ('starbucks-belgian-liege-waffle-2124777', 'milk', 'contains'),
  ('starbucks-belgian-liege-waffle-2124777', 'wheat', 'contains'),
  ('starbucks-8-maple-mini-pancakes-2124779', 'egg', 'contains'),
  ('starbucks-8-maple-mini-pancakes-2124779', 'milk', 'contains'),
  ('starbucks-8-maple-mini-pancakes-2124779', 'wheat', 'contains'),
  ('starbucks-4-maple-mini-pancakes-2124778', 'egg', 'contains'),
  ('starbucks-4-maple-mini-pancakes-2124778', 'milk', 'contains'),
  ('starbucks-4-maple-mini-pancakes-2124778', 'wheat', 'contains'),
  ('starbucks-iced-lemon-loaf-1254', 'egg', 'contains'),
  ('starbucks-iced-lemon-loaf-1254', 'milk', 'contains'),
  ('starbucks-iced-lemon-loaf-1254', 'soy', 'contains'),
  ('starbucks-iced-lemon-loaf-1254', 'wheat', 'contains'),
  ('starbucks-cinnamon-coffee-cake-1021', 'egg', 'contains'),
  ('starbucks-cinnamon-coffee-cake-1021', 'milk', 'contains'),
  ('starbucks-cinnamon-coffee-cake-1021', 'wheat', 'contains'),
  ('starbucks-banana-loaf-892', 'egg', 'contains'),
  ('starbucks-banana-loaf-892', 'soy', 'contains'),
  ('starbucks-banana-loaf-892', 'wheat', 'contains'),
  ('starbucks-blueberry-muffin-with-yogurt-and-honey-1036', 'egg', 'contains'),
  ('starbucks-blueberry-muffin-with-yogurt-and-honey-1036', 'milk', 'contains'),
  ('starbucks-blueberry-muffin-with-yogurt-and-honey-1036', 'soy', 'contains'),
  ('starbucks-blueberry-muffin-with-yogurt-and-honey-1036', 'wheat', 'contains'),
  ('starbucks-mini-dill-and-rye-bagels-36003', 'barley', 'contains'),
  ('starbucks-mini-dill-and-rye-bagels-36003', 'milk', 'contains'),
  ('starbucks-mini-dill-and-rye-bagels-36003', 'sesame-seeds', 'contains'),
  ('starbucks-mini-dill-and-rye-bagels-36003', 'wheat', 'contains'),
  ('starbucks-frog-cake-pop-28400', 'barley', 'contains'),
  ('starbucks-frog-cake-pop-28400', 'egg', 'contains'),
  ('starbucks-frog-cake-pop-28400', 'milk', 'contains'),
  ('starbucks-frog-cake-pop-28400', 'soy', 'contains'),
  ('starbucks-frog-cake-pop-28400', 'wheat', 'contains'),
  ('starbucks-double-chocolate-brownie-299', 'egg', 'contains'),
  ('starbucks-double-chocolate-brownie-299', 'milk', 'contains'),
  ('starbucks-double-chocolate-brownie-299', 'soy', 'contains'),
  ('starbucks-double-chocolate-brownie-299', 'wheat', 'contains'),
  ('starbucks-chocolate-chunk-cookie-1030', 'egg', 'contains'),
  ('starbucks-chocolate-chunk-cookie-1030', 'milk', 'contains'),
  ('starbucks-chocolate-chunk-cookie-1030', 'soy', 'contains'),
  ('starbucks-chocolate-chunk-cookie-1030', 'wheat', 'contains'),
  ('starbucks-ginger-molasses-cookie-537', 'egg', 'contains'),
  ('starbucks-ginger-molasses-cookie-537', 'milk', 'contains'),
  ('starbucks-ginger-molasses-cookie-537', 'wheat', 'contains'),
  ('starbucks-oat-bar-539', 'milk', 'contains'),
  ('starbucks-oat-bar-539', 'oat', 'contains'),
  ('starbucks-mid-day-squares-peanut-butta-2123878', 'tree-nuts', 'contains'),
  ('starbucks-mid-day-squares-peanut-butta-2123878', 'peanuts', 'contains'),
  ('starbucks-mid-day-squares-cookie-dough-2123884', 'tree-nuts', 'contains')
;

insert into item_components (id, menu_item_id, name, ingredient_statement, sort_order) values
  ('starbucks-egg-pesto-and-mozzarella-sandwich-2123885-cheddar-and-onion-bialy-1', 'starbucks-egg-pesto-and-mozzarella-sandwich-2123885', 'Cheddar and onion bialy', 'flour (wheat flour, malted barley flour), water, white cheddar cheese (pasteurized milk, bacterial culture, salt, microbial enzymes), onions, vegetable oils (canola oil, sunflower oil, soybean oil), extra virgin olive oil, salt, yeast, ground wheat, cultured ground wheat, lactic acid, ascorbic acid, microbial enzymes, rice flour', 1),
  ('starbucks-egg-pesto-and-mozzarella-sandwich-2123885-egg-frittata-patty-2', 'starbucks-egg-pesto-and-mozzarella-sandwich-2123885', 'Egg frittata patty', 'liquid whole eggs, yogurt (pasteurized skim milk, milk protein concentrate, microbial enzymes, bacterial cultures), Monterey jack cheese (pasteurized milk, bacterial cheese culture, salt, microbial enzymes), gruyere cheese (cultured pasteurized milk, salt, microbial enzymes), unmodified corn starch, mirin (rice wine), natural ginger flavour, ginger puree (ginger, water, salt, citric acid), soy flavour (hydrolized protein, yeast extract, maltodextrin, sunflower oil, natural flavour), garlic, salt, rice vinegar, xanthan gum, citric acid', 2),
  ('starbucks-egg-pesto-and-mozzarella-sandwich-2123885-part-skim-mozzarella-cheese-3', 'starbucks-egg-pesto-and-mozzarella-sandwich-2123885', 'Part skim mozzarella cheese', 'cultured pasteurized part skim milk, salt, microbial enzymes', 3),
  ('starbucks-egg-pesto-and-mozzarella-sandwich-2123885-kale-pesto-4', 'starbucks-egg-pesto-and-mozzarella-sandwich-2123885', 'Kale pesto', 'kale, vegetable oils (canola oil, olive oil), basil, parsley, garlic, lemon juice concentrate, sea salt, citric acid, ascorbic acid', 4),
  ('starbucks-egg-pesto-and-mozzarella-sandwich-2123885-declared-allergen-notice-5', 'starbucks-egg-pesto-and-mozzarella-sandwich-2123885', 'Declared allergen notice', 'Source-declared allergens: Barley, Egg, Gluten, Milk, Wheat.', 5),
  ('starbucks-three-cheese-and-egg-sandwich-873068740-artisan-roll-1', 'starbucks-three-cheese-and-egg-sandwich-873068740', 'Artisan roll', 'wheat flour (barley), water, sour culture, semolina, salt, sugar, canola oil, yeast, microbial enzymes', 1),
  ('starbucks-three-cheese-and-egg-sandwich-873068740-cheese-frittata-patty-2', 'starbucks-three-cheese-and-egg-sandwich-873068740', 'Cheese frittata patty', 'liquid whole eggs, skim milk, monterey jack style cheese product (milk, bacterial culture, salt, microbial enzymes), parmesan cheese (partly skim milk, bacterial culture, salt, microbial enzymes), soybean oil, water, cornstarch, xanthan gum, salt, citric acid, black pepper', 2),
  ('starbucks-three-cheese-and-egg-sandwich-873068740-sharp-cheddar-cheese-3', 'starbucks-three-cheese-and-egg-sandwich-873068740', 'Sharp cheddar cheese', 'pasteurized milk, microbial cheese culture, salt, microbial enzymes, annatto (for colour)', 3),
  ('starbucks-three-cheese-and-egg-sandwich-873068740-declared-allergen-notice-4', 'starbucks-three-cheese-and-egg-sandwich-873068740', 'Declared allergen notice', 'Source-declared allergens: Barley, Egg, Gluten, Milk, Wheat.', 4),
  ('starbucks-bacon-gouda-and-egg-sandwich-369-artisan-roll-1', 'starbucks-bacon-gouda-and-egg-sandwich-369', 'Artisan roll', 'wheat flour (barley), water, sour culture, semolina, salt, sugar, canola oil, yeast, microbial enzymes', 1),
  ('starbucks-bacon-gouda-and-egg-sandwich-369-cheese-frittata-patty-2', 'starbucks-bacon-gouda-and-egg-sandwich-369', 'Cheese frittata patty', 'liquid whole eggs, skim milk, monterey jack style cheese product (milk, bacterial culture, salt, microbial enzymes), parmesan cheese (partly skim milk, bacterial culture, salt, microbial enzymes), soybean oil, water, cornstarch, xanthan gum, salt, citric acid, black pepper', 2),
  ('starbucks-bacon-gouda-and-egg-sandwich-369-gouda-cheese-3', 'starbucks-bacon-gouda-and-egg-sandwich-369', 'Gouda cheese', 'milk, bacterial culture, salt, microbial enzymes, annatto (colour), beta carotene (colour)', 3),
  ('starbucks-bacon-gouda-and-egg-sandwich-369-bacon-4', 'starbucks-bacon-gouda-and-egg-sandwich-369', 'Bacon', 'pork, water, salt, sugar, smoke flavouring, sodium phosphate, sodium erythorbate, sodium nitrite', 4),
  ('starbucks-bacon-gouda-and-egg-sandwich-369-declared-allergen-notice-5', 'starbucks-bacon-gouda-and-egg-sandwich-369', 'Declared allergen notice', 'Source-declared allergens: Barley, Egg, Milk, Wheat.', 5),
  ('starbucks-bacon-style-turkey-cheddar-and-egg-white-sandwich-368-wheat-english-muffin-1', 'starbucks-bacon-style-turkey-cheddar-and-egg-white-sandwich-368', 'Wheat English Muffin', 'water, whole white wheat flour, wheat flour (wheat flour, malted barley flour), yeast, cornmeal, soybean oil, sugar, wheat gluten, monocalcium phosphate, vinegar, salt, calcium propionate (preservative), natural flavour, microbial enzymes, ascorbic acid, calcium sulfate', 1),
  ('starbucks-bacon-style-turkey-cheddar-and-egg-white-sandwich-368-egg-white-patty-2', 'starbucks-bacon-style-turkey-cheddar-and-egg-white-sandwich-368', 'Egg White Patty', 'liquid egg whites, milk, corn starch, salt, black pepper', 2),
  ('starbucks-bacon-style-turkey-cheddar-and-egg-white-sandwich-368-sharp-cheddar-cheese-3', 'starbucks-bacon-style-turkey-cheddar-and-egg-white-sandwich-368', 'Sharp Cheddar Cheese', 'modified milk ingredients, salt, microbial enzymes', 3),
  ('starbucks-bacon-style-turkey-cheddar-and-egg-white-sandwich-368-cooked-bacon-style-turkey-4', 'starbucks-bacon-style-turkey-cheddar-and-egg-white-sandwich-368', 'Cooked Bacon-Style Turkey', 'turkey thigh meat, sugars (brown sugar, honey, evaporated cane sugar), vinegar and lemon juice concentrate, water, salt, potassium chloride, smoke flavouring, cultured celery powder, cherry powder', 4),
  ('starbucks-bacon-style-turkey-cheddar-and-egg-white-sandwich-368-declared-allergen-notice-5', 'starbucks-bacon-style-turkey-cheddar-and-egg-white-sandwich-368', 'Declared allergen notice', 'Source-declared allergens: Barley, Egg, Milk, Wheat.', 5),
  ('starbucks-sausage-cheddar-and-egg-sandwich-367-english-muffin-1', 'starbucks-sausage-cheddar-and-egg-sandwich-367', 'English Muffin', 'Wheat Flour (Barley), Water, Yeast, Contains 2 Percent Or Less Of Sugar, Wheat Gluten, Citric Acid, Fumaric Acid, Salt, Ascorbic Acid, Farina Flour, Wheat Flour, Monoglycerides, Maltodextrin, Enriched Degerminated Yellow Corn Meal (Degerminated Yellow Corn Meal, Niacin, Reduced Iron, Thiamine Mononitrate, Riboflavin, Folic Acid), Calcium Propionate And Sorbic Acid (Preservatives), Microbial Enzymes, Vinegar, Modified Corn Starch, Calcium Citrate, Soybean And Or Canola Oil, Corn Flour, Calcium Carbonate, Ammonium Sulfate, Calcium Sulfate', 1),
  ('starbucks-sausage-cheddar-and-egg-sandwich-367-puffed-scrambled-egg-patty-2', 'starbucks-sausage-cheddar-and-egg-sandwich-367', 'Puffed Scrambled Egg Patty', 'Liquid Whole Eggs, Whey, Skim Milk, Soybean Oil, Modified Corn Starch, Contains 2 percent Or Less Of Dicalcium Phosphate, Salt, Sodium Bicarbonate, Butter Flavour, Xanthan Gum, Guar Gum, Liquid Pepper Extract, Citric Acid', 2),
  ('starbucks-sausage-cheddar-and-egg-sandwich-367-sausage-3', 'starbucks-sausage-cheddar-and-egg-sandwich-367', 'Sausage', 'Pork, Water, Salt, Spices, Dextrose, Sugar, Natural Flavour', 3),
  ('starbucks-sausage-cheddar-and-egg-sandwich-367-cheddar-cheese-4', 'starbucks-sausage-cheddar-and-egg-sandwich-367', 'Cheddar Cheese', 'Pasteurized Milk, Bacterial Culture, Salt, Microbial Enzymes, Annatto', 4),
  ('starbucks-sausage-cheddar-and-egg-sandwich-367-declared-allergen-notice-5', 'starbucks-sausage-cheddar-and-egg-sandwich-367', 'Declared allergen notice', 'Source-declared allergens: Barley, Egg, Milk, Wheat.', 5),
  ('starbucks-everything-croissant-and-roasted-ham-sandwich-2123065-everything-croissant-bun-1', 'starbucks-everything-croissant-and-roasted-ham-sandwich-2123065', 'EVERYTHING CROISSANT BUN', 'WHEAT FLOUR (MALTED BARLEY FLOUR), WATER, BUTTER (CREAM (MILK), NATURAL FLAVOuR), SUGAR, YEAST, SEA SALT, SESAME SEEDS, DRIED ONION FLAKES, POPPY SEEDS, MODIFIED CORN STARCH, WHEAT GLUTEN, XANTHAN GUM, ASCORBIC ACID, MICROBIAL ENZYMES', 1),
  ('starbucks-everything-croissant-and-roasted-ham-sandwich-2123065-fried-egg-patty-2', 'starbucks-everything-croissant-and-roasted-ham-sandwich-2123065', 'FRIED EGG PATTY', 'LIQUID EGG WHITES, LIQUID EGG YOLKS, WHOLE MILK, MODIFIED CORN STARCH, SALT, CITRIC ACID', 2),
  ('starbucks-everything-croissant-and-roasted-ham-sandwich-2123065-ham-3', 'starbucks-everything-croissant-and-roasted-ham-sandwich-2123065', 'HAM', 'HAM, WATER, SALT, SUGAR, CELERY POWDER, SEA SALT, CHERRY POWDER, CANE SUGAR', 3),
  ('starbucks-everything-croissant-and-roasted-ham-sandwich-2123065-cheddar-cheese-4', 'starbucks-everything-croissant-and-roasted-ham-sandwich-2123065', 'CHEDDAR CHEESE', 'PASTEURIZED MILK, CHEESE CULTURE, SALT, MICROBIAL ENZYMES, ANNATTO (FOR COLOUR)', 4),
  ('starbucks-everything-croissant-and-roasted-ham-sandwich-2123065-declared-allergen-notice-5', 'starbucks-everything-croissant-and-roasted-ham-sandwich-2123065', 'Declared allergen notice', 'Source-declared allergens: Barley, Egg, Milk, Sesame, Wheat.', 5),
  ('starbucks-bacon-sausage-and-egg-wrap-2123181-tortilla-1', 'starbucks-bacon-sausage-and-egg-wrap-2123181', 'Tortilla', 'wheat flour, water, soybean oil, hydrogenated soybean oil, corn starch, calcium acid pyrophosphate, wheat gluten, baking soda, yeast, salt, mono- and diglycerides, guar gum', 1),
  ('starbucks-bacon-sausage-and-egg-wrap-2123181-cage-free-scrambled-eggs-2', 'starbucks-bacon-sausage-and-egg-wrap-2123181', 'Cage-free scrambled eggs', 'liquid whole eggs, modified corn starch, salt, liquid pepper extract, xanthan gum, citric acid, skim milk, soybean oil, corn starch', 2),
  ('starbucks-bacon-sausage-and-egg-wrap-2123181-cooked-potatoes-3', 'starbucks-bacon-sausage-and-egg-wrap-2123181', 'Cooked potatoes', 'potatoes, seasoning (sea salt, spice, yeast extract)', 3),
  ('starbucks-bacon-sausage-and-egg-wrap-2123181-whipped-cream-cheese-4', 'starbucks-bacon-sausage-and-egg-wrap-2123181', 'Whipped cream cheese', 'modified milk ingredients, whey protein concentrate, modified corn starch, salt, bacterial cheese culture, guar gum, lactic acid, carob (locust), bean gum, xanthan gum, natamycin (mould inhibitor), potassium sorbate', 4),
  ('starbucks-bacon-sausage-and-egg-wrap-2123181-cheddar-cheese-5', 'starbucks-bacon-sausage-and-egg-wrap-2123181', 'Cheddar cheese', 'pasteurized milk, bacterial cheese culture, salt, microbial enzymes, annatto (colour), potato starch (added to prevent caking), natamycin (mould inhibitor)', 5),
  ('starbucks-bacon-sausage-and-egg-wrap-2123181-cooked-pork-sausage-6', 'starbucks-bacon-sausage-and-egg-wrap-2123181', 'Cooked pork sausage', 'pork, water, salt, spices, sugar, flavouring', 6),
  ('starbucks-bacon-sausage-and-egg-wrap-2123181-bacon-7', 'starbucks-bacon-sausage-and-egg-wrap-2123181', 'Bacon', 'pork, water, salt, sugar, smoke flavouring, sodium diacetate, sodium phosphate, sodium erythorbate, flavouring, sodium nitrite', 7),
  ('starbucks-bacon-sausage-and-egg-wrap-2123181-declared-allergen-notice-8', 'starbucks-bacon-sausage-and-egg-wrap-2123181', 'Declared allergen notice', 'Source-declared allergens: Egg, Gluten, Milk, Soy, Wheat.', 8),
  ('starbucks-spinach-feta-and-cage-free-egg-white-wrap-371-wrap-1', 'starbucks-spinach-feta-and-cage-free-egg-white-wrap-371', 'WRAP', 'WATER, WHOLE WHEAT FLOUR, FLOUR (BARLEY), WRAP BASE (WHEAT GLUTEN, CORN STARCH, OAT FIBER, SOY PROTEIN ISOLATE, SOYBEAN OIL, DEFATTED SOY FLOUR, SESAME FLOUR, CONTAINS 2% OR LESS OF: WHOLE WHEAT FLOUR, DEXTROSE), WHEAT GLUTEN, CANOLA OIL, SUGAR, MOULD INHIBITOR (CULTURED WHEAT FLOUR, VINEGAR), HONEY, SALT, YEAST, ASCORBIC ACID, MICROBIAL ENZYMES', 1),
  ('starbucks-spinach-feta-and-cage-free-egg-white-wrap-371-egg-white-omelet-2', 'starbucks-spinach-feta-and-cage-free-egg-white-wrap-371', 'EGG WHITE OMELET', 'LIQUID EGG WHITES, WHEY POWDER, CORN STARCH, PART SKIM MILK POWDER, SALT, XANTHAN GUM, GUAR GUM, PEPPER EXTRACT', 2),
  ('starbucks-spinach-feta-and-cage-free-egg-white-wrap-371-spinach-3', 'starbucks-spinach-feta-and-cage-free-egg-white-wrap-371', 'SPINACH', 'SPINACH', 3),
  ('starbucks-spinach-feta-and-cage-free-egg-white-wrap-371-cream-cheese-product-with-sundried-tomato-4', 'starbucks-spinach-feta-and-cage-free-egg-white-wrap-371', 'CREAM CHEESE PRODUCT WITH SUNDRIED TOMATO', 'WATER, PASTEURIZED MILK AND CREAM, TOMATO PASTE, WHEY PROTEIN CONCENTRATE, DEHYDRATED GARLIC, MODIFIED CORN STARCH, SALT, SUN-DRIED TOMATOES (TOMATOES, SULFUR DIOXIDE), SUGAR, BACTERIAL CULTURE, SPICES, LACTIC ACID, GARLIC, GUAR GUM, POTASSIUM SORBATE (PRESERVATIVE), NATURAL FLAVOUR, CITRIC ACID, XANTHAN GUM, CAROB BEAN GUM, MICROBIAL ENZYMES, SULFUR DIOXIDE (PRESERVATIVE)', 4),
  ('starbucks-spinach-feta-and-cage-free-egg-white-wrap-371-tomatoes-5', 'starbucks-spinach-feta-and-cage-free-egg-white-wrap-371', 'TOMATOES', 'TOMATOES, ROASTED TOMATOES, VEGETABLE OIL BLEND (CANOLA OIL AND/OR OLIVE OIL), GARLIC (CONTAINS SULFITES), OREGANO, SALT', 5),
  ('starbucks-spinach-feta-and-cage-free-egg-white-wrap-371-declared-allergen-notice-6', 'starbucks-spinach-feta-and-cage-free-egg-white-wrap-371', 'Declared allergen notice', 'Source-declared allergens: Barley, Egg, Milk, Sesame, Soy, Sulphites, Wheat.', 6),
  ('starbucks-lemon-cake-pop-2123000-cake-1', 'starbucks-lemon-cake-pop-2123000', 'Cake', 'sugars (sugar, icing sugar, liquid invert sugar, corn syrup), enriched wheat flour (wheat, barley), water, soybean oil, liquid whole egg, liquid egg white, palm oil, butter, modified corn starch, natural flavours, modified milk ingredients, baking powder, salt, emulsifier blend (water, mono- and diglycerides, sorbitan monostearate, polysorbate 60), gum blend (xanthan gum, guar gum), annatto and turmeric', 1),
  ('starbucks-lemon-cake-pop-2123000-coating-2', 'starbucks-lemon-cake-pop-2123000', 'Coating', 'white coating (sugar, palm kernel and palm stearin, modified milk ingredients, soy lecithin, natural flavours), turmeric and carotene', 2),
  ('starbucks-lemon-cake-pop-2123000-topping-3', 'starbucks-lemon-cake-pop-2123000', 'Topping', 'sanding sugar (sugar, carnauba wax, turmeric), ascorbic acid, citric acid', 3),
  ('starbucks-lemon-cake-pop-2123000-declared-allergen-notice-4', 'starbucks-lemon-cake-pop-2123000', 'Declared allergen notice', 'Source-declared allergens: Barley, Egg, Milk, Soy, Wheat.', 4),
  ('starbucks-valentine-cake-pop-2122932-cake-1', 'starbucks-valentine-cake-pop-2122932', 'Cake', 'sugars (sugar, icing sugar, liquid invert sugar, glucose syrup), water, enriched wheat flour (wheat, barley), liquid whole egg, soybean oil, semi-sweet chocolate (sugar, unsweetened chocolate, cocoa butter, soy lecithin, vanilla extract), cocoa, flavoured butter (cream, natural flavour), palm oil, modified milk ingredients, pudding mix (modified corn starch, cocoa, sugar, salt, monoglycerides, citric acid), natural flavour, salt, gum blend (xanthan gum, guar gum), vinegar, baking powder, soy lecithin, vanilla extract, natural flavour (with annatto and turmeric), baking soda, modified corn starch', 1),
  ('starbucks-valentine-cake-pop-2122932-coating-2', 'starbucks-valentine-cake-pop-2122932', 'Coating', 'white coating (sugar, palm kernel and palm stearin, modified milk ingredients, soy lecithin, natural flavours), beet red, annatto', 2),
  ('starbucks-valentine-cake-pop-2122932-topping-3', 'starbucks-valentine-cake-pop-2122932', 'Topping', 'sprinkles (sugar, rice flour, palm and palm kernel stearin, corn starch, cellulose gum, carrageenan)', 3),
  ('starbucks-valentine-cake-pop-2122932-declared-allergen-notice-4', 'starbucks-valentine-cake-pop-2122932', 'Declared allergen notice', 'Source-declared allergens: Barley, Egg, Milk, Soy, Wheat.', 4),
  ('starbucks-birthday-cake-pop-784-cake-1', 'starbucks-birthday-cake-pop-784', 'Cake', 'sugars (sugar, icing sugar, glucose syrup, liquid invert sugar), enriched wheat flour (wheat, barley), water, soybean oil, liquid whole egg, liquid egg white, palm oil, flavoured butter (cream, natural flavour), modified corn starch, modified milk ingredients, baking powder, salt, vanilla extract, emulsifier blend (water, mono- and diglyceride, polysorbate 60, sorbitan monostearate), natural flavour, gum blend (xanthan gum, guar gum), natural flavour (with annatto and turmeric)', 1),
  ('starbucks-birthday-cake-pop-784-coating-2', 'starbucks-birthday-cake-pop-784', 'Coating', 'white coating (sugar, palm kernel and palm stearin, modified milk ingredients, soy lecithin, natural flavours), modified palm oil, beet red, annatto', 2),
  ('starbucks-birthday-cake-pop-784-topping-3', 'starbucks-birthday-cake-pop-784', 'Topping', 'nonpareils (sugar, corn starch, shellac, carnauba wax)', 3),
  ('starbucks-birthday-cake-pop-784-declared-allergen-notice-4', 'starbucks-birthday-cake-pop-784', 'Declared allergen notice', 'Source-declared allergens: Barley, Egg, Milk, Soy, Wheat.', 4),
  ('starbucks-chocolate-cake-pop-1015-cake-1', 'starbucks-chocolate-cake-pop-1015', 'Cake', 'sugars (sugar, powdered sugar (sugar, cornstarch), corn syrup, invert sugar), wheat flour (barley), whole liquid eggs, soybean oil, semisweet chocolate (sugar, unsweetened chocolate, cocoa butter, soy lecithin, vanilla extract), cocoa processed with alkali, palm oil, butter, skim milk powder, pudding (modified corn starch, cocoa processed with alkali, sugar, salt, monoglycerides, citric acid), natural flavours, salt, white distilled vinegar, gum blend (xanthan gum, guar gum), baking powder, soy lecithin, vanilla extract, baking soda, modified corn starch, palm oil (soy)', 1),
  ('starbucks-chocolate-cake-pop-1015-coating-2', 'starbucks-chocolate-cake-pop-1015', 'Coating', 'confectionary coating (sugar, fractionated palm kernel oil, cocoa powder processed with alkali, soy lecithin, skim dry milk, natural flavour), palm oil (soy)', 2),
  ('starbucks-chocolate-cake-pop-1015-topping-3', 'starbucks-chocolate-cake-pop-1015', 'Topping', 'sugar, cornstarch, confectioner''s glaze, carnauba wax', 3),
  ('starbucks-chocolate-cake-pop-1015-declared-allergen-notice-4', 'starbucks-chocolate-cake-pop-1015', 'Declared allergen notice', 'Source-declared allergens: Barley, Egg, Milk, Soy, Wheat.', 4),
  ('starbucks-heart-cookie-2122140-cookie-1', 'starbucks-heart-cookie-2122140', 'Cookie', 'enriched wheat flour, sugars (sugar, fructose), flavoured butter (cream, natural flavour), oil spread (palm oil, water, soybean oil, salt, whey powder (milk), mono- and diglycerides, soy lecithin, natural flavour, carotene, vitamin A palmitate), liquid egg yolk mix (liquid egg yolk, sugar), liquid egg white, natural flavour (with annatto and turmeric), salt', 1),
  ('starbucks-heart-cookie-2122140-coating-2', 'starbucks-heart-cookie-2122140', 'Coating', 'white coating (sugar, palm kernel and palm stearin, modified milk ingredients, soy lecithin, natural flavours), modified palm oil, beet red and annatto', 2),
  ('starbucks-heart-cookie-2122140-topping-3', 'starbucks-heart-cookie-2122140', 'Topping', 'sugar, anthocyanins, spirulina extract, turmeric, carotene, annatto, carnauba wax', 3),
  ('starbucks-heart-cookie-2122140-declared-allergen-notice-4', 'starbucks-heart-cookie-2122140', 'Declared allergen notice', 'Source-declared allergens: Egg, Milk, Soy, Wheat.', 4),
  ('starbucks-ham-and-swiss-on-baguette-574-baguette-1', 'starbucks-ham-and-swiss-on-baguette-574', 'Baguette', 'wheat flour (malted barley flour), water, salt, yeast', 1),
  ('starbucks-ham-and-swiss-on-baguette-574-ham-2', 'starbucks-ham-and-swiss-on-baguette-574', 'Ham', 'pork, water, salt, sugar, vinegar, celery powder, sea salt, cherry powder', 2),
  ('starbucks-ham-and-swiss-on-baguette-574-swiss-cheese-3', 'starbucks-ham-and-swiss-on-baguette-574', 'Swiss cheese', 'pasteurized milk ingredients, microbial cheese culture, salt, microbial enzymes', 3),
  ('starbucks-ham-and-swiss-on-baguette-574-butter-with-dijon-mustard-4', 'starbucks-ham-and-swiss-on-baguette-574', 'Butter with dijon mustard', 'unsalted butter (milk product, flavour), canola oil, dijon mustard (water, vinegar, mustard seed, salt, citric acid, white wine, turmeric, spices)', 4),
  ('starbucks-ham-and-swiss-on-baguette-574-declared-allergen-notice-5', 'starbucks-ham-and-swiss-on-baguette-574', 'Declared allergen notice', 'Source-declared allergens: Barley, Gluten, Milk, Mustard, Wheat.', 5),
  ('starbucks-chicken-and-bacon-on-brioche-2121995-apple-brioche-1', 'starbucks-chicken-and-bacon-on-brioche-2121995', 'Apple brioche', 'flour, water, sunflower and/or soybean oil, liquid whole eggs, dried apples, butter (milk), sugar, apple spread (apples, sugar, apple cider, cinnamon, cloves, potassium sorbate), salt, yeast, cultured wheat starch, malted barley flour, ascorbic acid, amylase', 1),
  ('starbucks-chicken-and-bacon-on-brioche-2121995-cooked-herbed-seasoned-chicken-2', 'starbucks-chicken-and-bacon-on-brioche-2121995', 'Cooked herbed seasoned chicken', 'chicken breast, water, canola oil, seasoning (dehydrated garlic, dehydrated onion, spices, sugar, paprika), chicken flavour (natural flavour, acacia gum, onion powder, silicon dioxide), modified corn starch, salt, distilled white vinegar, dextrose, citrus blend (lemon juice concentrate, baking soda, sodium carbonate, black pepper)', 2),
  ('starbucks-chicken-and-bacon-on-brioche-2121995-bacon-3', 'starbucks-chicken-and-bacon-on-brioche-2121995', 'Bacon', 'pork, water, salt, sugar, smoke flavouring, sodium diacetate, sodium phosphate, sodium erythorbate, flavouring, sodium nitrite', 3),
  ('starbucks-chicken-and-bacon-on-brioche-2121995-neufchatel-cheese-4', 'starbucks-chicken-and-bacon-on-brioche-2121995', 'Neufchatel cheese', 'milk, cream, skim milk, bacterial culture, salt, guar gum, carob bean gum, xanthan gum', 4),
  ('starbucks-chicken-and-bacon-on-brioche-2121995-maple-mustard-5', 'starbucks-chicken-and-bacon-on-brioche-2121995', 'Maple mustard', 'sugars (sugar, maple sugar, maple syrup), distilled vinegar, stoneground mustard seed, salt, spices', 5),
  ('starbucks-chicken-and-bacon-on-brioche-2121995-declared-allergen-notice-6', 'starbucks-chicken-and-bacon-on-brioche-2121995', 'Declared allergen notice', 'Source-declared allergens: Barley, Egg, Gluten, Milk, Mustard, Wheat.', 6),
  ('starbucks-crispy-grilled-cheese-on-sourdough-2122717-sourdough-bread-1', 'starbucks-crispy-grilled-cheese-on-sourdough-2122717', 'SOURDOUGH BREAD', 'WHEAT FLOUR, WATER, WHOLE WHEAT FLOUR, WHOLE GRAIN RYE FLOUR, SALT, WHEAT STARCH, YEAST, MALTED BARLEY FLOUR, BACTERIAL ENZYMES', 1),
  ('starbucks-crispy-grilled-cheese-on-sourdough-2122717-baby-gouda-cheese-2', 'starbucks-crispy-grilled-cheese-on-sourdough-2122717', 'BABY GOUDA CHEESE', 'PASTEURIZED MILK, BACTERIAL CULTURE, SALT, MICROBIAL ENZYMES, ANNATTO (FOR COLOUR)', 2),
  ('starbucks-crispy-grilled-cheese-on-sourdough-2122717-cheddar-cheese-3', 'starbucks-crispy-grilled-cheese-on-sourdough-2122717', 'CHEDDAR CHEESE', 'PASTEURIZED MILK, BACTERIAL CULTURE, SALT, MICROBIAL ENZYMES, ANNATTO (FOR COLOUR)', 3),
  ('starbucks-crispy-grilled-cheese-on-sourdough-2122717-olive-oil-spread-4', 'starbucks-crispy-grilled-cheese-on-sourdough-2122717', 'OLIVE OIL SPREAD', 'OLIVE OIL, PASTEURIZED CREAM, SALT', 4),
  ('starbucks-crispy-grilled-cheese-on-sourdough-2122717-declared-allergen-notice-5', 'starbucks-crispy-grilled-cheese-on-sourdough-2122717', 'Declared allergen notice', 'Source-declared allergens: Barley, Milk, Wheat.', 5),
  ('starbucks-tomato-and-mozzarella-on-focaccia-573-focaccia-roll-1', 'starbucks-tomato-and-mozzarella-on-focaccia-573', 'Focaccia roll', 'flour, wheat flour, malted barley flour, water, bacterial culture, extra virgin olive oil, yeast, salt, durum semolina, cultured wheat starch, whole wheat flour, ascorbic acid, amylase, amyloglucosidase, lipase, xylanase', 1),
  ('starbucks-tomato-and-mozzarella-on-focaccia-573-mozzarella-cheese-2', 'starbucks-tomato-and-mozzarella-on-focaccia-573', 'Mozzarella cheese', 'Mozzarella cheese', 2),
  ('starbucks-tomato-and-mozzarella-on-focaccia-573-component-3', 'starbucks-tomato-and-mozzarella-on-focaccia-573', 'Component', 'partly skimmed milk, bacterial culture, salt, microbial enzymes', 3),
  ('starbucks-tomato-and-mozzarella-on-focaccia-573-roasted-tomatoes-4', 'starbucks-tomato-and-mozzarella-on-focaccia-573', 'Roasted tomatoes', 'tomatoes, canola oil, garlic, vinegar, salt, spices', 4),
  ('starbucks-tomato-and-mozzarella-on-focaccia-573-basil-pesto-5', 'starbucks-tomato-and-mozzarella-on-focaccia-573', 'Basil pesto', 'basil, canola oil, parmesan cheese (milk, bacterial culture, salt, microbial enzymes), garlic puree (water, granulated garlic), rice vinegar, butter (milk), ascorbic acid, sea salt, black pepper', 5),
  ('starbucks-tomato-and-mozzarella-on-focaccia-573-spinach-6', 'starbucks-tomato-and-mozzarella-on-focaccia-573', 'Spinach.', 'Spinach.', 6),
  ('starbucks-tomato-and-mozzarella-on-focaccia-573-declared-allergen-notice-7', 'starbucks-tomato-and-mozzarella-on-focaccia-573', 'Declared allergen notice', 'Source-declared allergens: Gluten, Milk, Wheat.', 7),
  ('starbucks-turkey-provolone-and-pesto-on-ciabatta-2121962-ciabatta-roll-1', 'starbucks-turkey-provolone-and-pesto-on-ciabatta-2121962', 'Ciabatta roll', 'flour (wheat flour, malted barley flour), water, extra virgin olive oil, sour culture, semolina, yeast, salt, sea salt, acacia gum', 1),
  ('starbucks-turkey-provolone-and-pesto-on-ciabatta-2121962-turkey-breast-2', 'starbucks-turkey-provolone-and-pesto-on-ciabatta-2121962', 'Turkey breast', 'turkey breast, turkey broth, water, salt, turbinado sugar, vegetable oil (soybean, cottonseed and/or peanut oil)', 2),
  ('starbucks-turkey-provolone-and-pesto-on-ciabatta-2121962-provolone-cheese-3', 'starbucks-turkey-provolone-and-pesto-on-ciabatta-2121962', 'Provolone cheese', 'pasteurized milk, bacterial cultures, salt, microbial and vegetable rennet', 3),
  ('starbucks-turkey-provolone-and-pesto-on-ciabatta-2121962-basil-pesto-4', 'starbucks-turkey-provolone-and-pesto-on-ciabatta-2121962', 'Basil pesto', 'basil, canola oil, parmesan cheese (milk, bacterial culture, salt, microbial enzymes), garlic puree (water, granulated garlic), rice vinegar, butter (milk), ascorbic acid, sea salt, black pepper', 4),
  ('starbucks-turkey-provolone-and-pesto-on-ciabatta-2121962-roasted-red-bell-peppers-5', 'starbucks-turkey-provolone-and-pesto-on-ciabatta-2121962', 'Roasted red bell peppers', 'peppers, canola oil, salt', 5),
  ('starbucks-turkey-provolone-and-pesto-on-ciabatta-2121962-declared-allergen-notice-6', 'starbucks-turkey-provolone-and-pesto-on-ciabatta-2121962', 'Declared allergen notice', 'Source-declared allergens: Barley, Gluten, Milk, Wheat.', 6),
  ('starbucks-spicy-falafel-pocket-2124655-lavash-wrap-1', 'starbucks-spicy-falafel-pocket-2124655', 'Lavash wrap', 'flour (wheat flour, malted barley flour), water, sugar, wheat gluten, canola oil, salt, yeast, mold inhibitor (cultured sugar, vinegar), cellulose gum, sunflower oil, microbial enzymes', 1),
  ('starbucks-spicy-falafel-pocket-2124655-hummus-and-vegetable-blend-2', 'starbucks-spicy-falafel-pocket-2124655', 'Hummus and vegetable blend', 'hummus (cooked chickpeas (chickpeas, water), water, olive oil, sesame tahini, lemon juice, salt, garlic puree (garlic, citric acid, ascorbic acid), citric acid, spices), roasted red bell peppers, chimichurri sauce (oil blend (canola oil, olive oil), onions, parsley, cilantro, garlic, salt, jalapeno peppers, lime juice, thyme, red wine vinegar, spices, citric acid), pickled onions (onions, water, red wine vinegar, salt, calcium chloride), red salsa blend (red jalapeno peppers, green onions, cilantro, garlic)', 2),
  ('starbucks-spicy-falafel-pocket-2124655-spinach-falafel-3', 'starbucks-spicy-falafel-pocket-2124655', 'Spinach falafel', 'chickpeas, water, spinach, onions, highly refined soybean oil, parsley, salt, spices, citrus fibre, baking powder', 3),
  ('starbucks-spicy-falafel-pocket-2124655-declared-allergen-notice-4', 'starbucks-spicy-falafel-pocket-2124655', 'Declared allergen notice', 'Source-declared allergens: Barley, Gluten, Sesame, Wheat.', 4),
  ('starbucks-jalapeno-chicken-pocket-2124812-lavash-wrap-1', 'starbucks-jalapeno-chicken-pocket-2124812', 'Lavash wrap', 'flour (wheat flour, malted barley flour), water, chipotle seasoning (dehydrated garlic, dehydrated onion, spices, chipotle chili pepper, sugar, paprika, citric acid, corn syrup solids, orange peel, dehydrated carrot, natural flavours, lemon juice, dehydrated parsley, highly refined soybean oil), red bell pepper, wheat gluten, sugar, canola oil, salt, yeast, onion, mold inhibitor (cultured sugar, vinegar), cellulose gum, sunflower oil, microbial enzymes, ascorbic acid', 1),
  ('starbucks-jalapeno-chicken-pocket-2124812-cooked-diced-chicken-breast-2', 'starbucks-jalapeno-chicken-pocket-2124812', 'Cooked diced chicken breast', 'chicken breast, water, modified corn starch, salt, sodium phosphates', 2),
  ('starbucks-jalapeno-chicken-pocket-2124812-jalapeno-cream-cheese-spread-3', 'starbucks-jalapeno-chicken-pocket-2124812', 'Jalapeno cream cheese spread', 'modified milk ingredients, water, jalapeno peppers, salt, bacterial cheese culture, sugar, onion powder, guar gum, yeast extract, minced garlic, natural flavour, dried jalapeno peppers, vinegar, xanthan gum, carob bean gum, garlic powder, green bell pepper powder, spices, tomato powder, citric acid, natamycin (mould inhibitor)', 3),
  ('starbucks-jalapeno-chicken-pocket-2124812-pepper-blend-4', 'starbucks-jalapeno-chicken-pocket-2124812', 'Pepper blend', 'roasted poblano peppers, jalapeno peppers', 4),
  ('starbucks-jalapeno-chicken-pocket-2124812-baby-gouda-cheese-with-chili-peppers-5', 'starbucks-jalapeno-chicken-pocket-2124812', 'Baby gouda cheese with chili peppers', 'modified milk ingredients, pickled flavoring mix (chipotles peppers, habanero peppers, jalapeno peppers, water, vinegar, salt, calcium chloride), salt, microbial enzymes, annatto (colour), powdered cellulose, natamycin (mould inhibitor)', 5),
  ('starbucks-jalapeno-chicken-pocket-2124812-declared-allergen-notice-6', 'starbucks-jalapeno-chicken-pocket-2124812', 'Declared allergen notice', 'Source-declared allergens: Barley, Gluten, Milk, Wheat.', 6),
  ('starbucks-original-hummus-and-crackers-snack-box-2123772-hummus-1', 'starbucks-original-hummus-and-crackers-snack-box-2123772', 'Hummus', 'water, chickpeas, tahini (ground sesame), canola oil, lemon juice concentrate, sea salt, garlic, citric acid', 1),
  ('starbucks-original-hummus-and-crackers-snack-box-2123772-crackers-2', 'starbucks-original-hummus-and-crackers-snack-box-2123772', 'Crackers', 'unbleached wheat flour, organic cane sugar, high oleic sunflower oil, barley grits, durum semolina, sea salt, poppy seeds, filtered water', 2),
  ('starbucks-original-hummus-and-crackers-snack-box-2123772-declared-allergen-notice-3', 'starbucks-original-hummus-and-crackers-snack-box-2123772', 'Declared allergen notice', 'Source-declared allergens: Barley, Sesame, Wheat.', 3),
  ('starbucks-artisan-charcuterie-snack-box-2123423-salami-1', 'starbucks-artisan-charcuterie-snack-box-2123423', 'Salami', 'Pork, Sugars (Dextrose), Sodium Ascorbate, Spices, Dehydrated Garlic, Potassium Nitrate, Sodium Nitrite, Bacterial Culture', 1),
  ('starbucks-artisan-charcuterie-snack-box-2123423-fontinello-cheese-2', 'starbucks-artisan-charcuterie-snack-box-2123423', 'Fontinello Cheese', 'Milk, Salt, Rennet, Bacterial Culture', 2),
  ('starbucks-artisan-charcuterie-snack-box-2123423-breadsticks-3', 'starbucks-artisan-charcuterie-snack-box-2123423', 'Breadsticks', 'Wheat Flour, White Wine (Sulphites), Sunflower Oil, Salt, Olive Oil', 3),
  ('starbucks-artisan-charcuterie-snack-box-2123423-declared-allergen-notice-4', 'starbucks-artisan-charcuterie-snack-box-2123423', 'Declared allergen notice', 'Source-declared allergens: Milk, Sulphites, Wheat.', 4),
  ('starbucks-apples-pb-and-trail-mix-snack-box-2123507-apples-1', 'starbucks-apples-pb-and-trail-mix-snack-box-2123507', 'Apples', 'apples, calcium ascorbate', 1),
  ('starbucks-apples-pb-and-trail-mix-snack-box-2123507-peanut-butter-2', 'starbucks-apples-pb-and-trail-mix-snack-box-2123507', 'Peanut butter', 'dry roasted peanuts, modified palm oil', 2),
  ('starbucks-apples-pb-and-trail-mix-snack-box-2123507-trail-mix-3', 'starbucks-apples-pb-and-trail-mix-snack-box-2123507', 'Trail mix', 'dry roasted almonds, 70% cocoa chocolate chunks (unsweetened chocolate, sugar, dextrose, soya lecithin, vanilla flavour), dried cranberries (cranberries, sugar, sunflower oil), dry roasted pumpkin seeds, dry roasted cashews, currants (currants, sunflower oil), raisins (raisins, sunflower oil), sea salt, water, canola oil', 3),
  ('starbucks-apples-pb-and-trail-mix-snack-box-2123507-declared-allergen-notice-4', 'starbucks-apples-pb-and-trail-mix-snack-box-2123507', 'Declared allergen notice', 'Source-declared allergens: Peanuts, Soy, Treenuts.', 4),
  ('starbucks-butter-gourmet-popcorn-2121689-mais-souffle-1', 'starbucks-butter-gourmet-popcorn-2121689', 'Mais souffle', 'Mais souffle', 1),
  ('starbucks-butter-gourmet-popcorn-2121689-huile-vegetale-2', 'starbucks-butter-gourmet-popcorn-2121689', 'Huile vegetale', 'mais et/ou canola', 2),
  ('starbucks-butter-gourmet-popcorn-2121689-assaisonnement-3', 'starbucks-butter-gourmet-popcorn-2121689', 'Assaisonnement', 'maltodextrine, sel, arome naturel, lactoserum en poudre (lait), beurre en poudre (lait), dextrose, rocou, extrait de curcuma', 3),
  ('starbucks-butter-gourmet-popcorn-2121689-declared-allergen-notice-4', 'starbucks-butter-gourmet-popcorn-2121689', 'Declared allergen notice', 'Source-declared allergens: Milk.', 4),
  ('starbucks-gluten-free-marshmallow-dream-bar-309-marshmallows-1', 'starbucks-gluten-free-marshmallow-dream-bar-309', 'Marshmallows', 'corn syrup, sugar, modified cornstarch, dextrose, water, gelatin, natural vanilla flavour, sodium phosphate', 1),
  ('starbucks-gluten-free-marshmallow-dream-bar-309-crisp-rice-2', 'starbucks-gluten-free-marshmallow-dream-bar-309', 'Crisp rice', 'rice, brown sugar, salt, distilled monoglycerides', 2),
  ('starbucks-gluten-free-marshmallow-dream-bar-309-sugars-3', 'starbucks-gluten-free-marshmallow-dream-bar-309', 'Sugars', 'corn syrup, sugar', 3),
  ('starbucks-gluten-free-marshmallow-dream-bar-309-salted-butter-4', 'starbucks-gluten-free-marshmallow-dream-bar-309', 'Salted butter', 'cream (milk), salt', 4),
  ('starbucks-gluten-free-marshmallow-dream-bar-309-sea-salt-5', 'starbucks-gluten-free-marshmallow-dream-bar-309', 'Sea salt', 'Sea salt', 5),
  ('starbucks-gluten-free-marshmallow-dream-bar-309-maltodextrin-6', 'starbucks-gluten-free-marshmallow-dream-bar-309', 'Maltodextrin', 'Maltodextrin', 6),
  ('starbucks-gluten-free-marshmallow-dream-bar-309-vanilla-extract-7', 'starbucks-gluten-free-marshmallow-dream-bar-309', 'Vanilla extract.', 'Vanilla extract.', 7),
  ('starbucks-gluten-free-marshmallow-dream-bar-309-declared-allergen-notice-8', 'starbucks-gluten-free-marshmallow-dream-bar-309', 'Declared allergen notice', 'Source-declared allergens: Milk.', 8)
;

insert into item_component_allergens (item_component_id, allergen_id, relation_type) values
  ('starbucks-egg-pesto-and-mozzarella-sandwich-2123885-declared-allergen-notice-5', 'barley', 'contains'),
  ('starbucks-egg-pesto-and-mozzarella-sandwich-2123885-declared-allergen-notice-5', 'egg', 'contains'),
  ('starbucks-egg-pesto-and-mozzarella-sandwich-2123885-declared-allergen-notice-5', 'gluten', 'contains'),
  ('starbucks-egg-pesto-and-mozzarella-sandwich-2123885-declared-allergen-notice-5', 'milk', 'contains'),
  ('starbucks-egg-pesto-and-mozzarella-sandwich-2123885-declared-allergen-notice-5', 'wheat', 'contains'),
  ('starbucks-three-cheese-and-egg-sandwich-873068740-declared-allergen-notice-4', 'barley', 'contains'),
  ('starbucks-three-cheese-and-egg-sandwich-873068740-declared-allergen-notice-4', 'egg', 'contains'),
  ('starbucks-three-cheese-and-egg-sandwich-873068740-declared-allergen-notice-4', 'gluten', 'contains'),
  ('starbucks-three-cheese-and-egg-sandwich-873068740-declared-allergen-notice-4', 'milk', 'contains'),
  ('starbucks-three-cheese-and-egg-sandwich-873068740-declared-allergen-notice-4', 'wheat', 'contains'),
  ('starbucks-bacon-gouda-and-egg-sandwich-369-declared-allergen-notice-5', 'barley', 'contains'),
  ('starbucks-bacon-gouda-and-egg-sandwich-369-declared-allergen-notice-5', 'egg', 'contains'),
  ('starbucks-bacon-gouda-and-egg-sandwich-369-declared-allergen-notice-5', 'milk', 'contains'),
  ('starbucks-bacon-gouda-and-egg-sandwich-369-declared-allergen-notice-5', 'wheat', 'contains'),
  ('starbucks-bacon-style-turkey-cheddar-and-egg-white-sandwich-368-declared-allergen-notice-5', 'barley', 'contains'),
  ('starbucks-bacon-style-turkey-cheddar-and-egg-white-sandwich-368-declared-allergen-notice-5', 'egg', 'contains'),
  ('starbucks-bacon-style-turkey-cheddar-and-egg-white-sandwich-368-declared-allergen-notice-5', 'milk', 'contains'),
  ('starbucks-bacon-style-turkey-cheddar-and-egg-white-sandwich-368-declared-allergen-notice-5', 'wheat', 'contains'),
  ('starbucks-sausage-cheddar-and-egg-sandwich-367-declared-allergen-notice-5', 'barley', 'contains'),
  ('starbucks-sausage-cheddar-and-egg-sandwich-367-declared-allergen-notice-5', 'egg', 'contains'),
  ('starbucks-sausage-cheddar-and-egg-sandwich-367-declared-allergen-notice-5', 'milk', 'contains'),
  ('starbucks-sausage-cheddar-and-egg-sandwich-367-declared-allergen-notice-5', 'wheat', 'contains'),
  ('starbucks-everything-croissant-and-roasted-ham-sandwich-2123065-declared-allergen-notice-5', 'barley', 'contains'),
  ('starbucks-everything-croissant-and-roasted-ham-sandwich-2123065-declared-allergen-notice-5', 'egg', 'contains'),
  ('starbucks-everything-croissant-and-roasted-ham-sandwich-2123065-declared-allergen-notice-5', 'milk', 'contains'),
  ('starbucks-everything-croissant-and-roasted-ham-sandwich-2123065-declared-allergen-notice-5', 'sesame-seeds', 'contains'),
  ('starbucks-everything-croissant-and-roasted-ham-sandwich-2123065-declared-allergen-notice-5', 'wheat', 'contains'),
  ('starbucks-bacon-sausage-and-egg-wrap-2123181-declared-allergen-notice-8', 'egg', 'contains'),
  ('starbucks-bacon-sausage-and-egg-wrap-2123181-declared-allergen-notice-8', 'gluten', 'contains'),
  ('starbucks-bacon-sausage-and-egg-wrap-2123181-declared-allergen-notice-8', 'milk', 'contains'),
  ('starbucks-bacon-sausage-and-egg-wrap-2123181-declared-allergen-notice-8', 'soy', 'contains'),
  ('starbucks-bacon-sausage-and-egg-wrap-2123181-declared-allergen-notice-8', 'wheat', 'contains'),
  ('starbucks-spinach-feta-and-cage-free-egg-white-wrap-371-declared-allergen-notice-6', 'barley', 'contains'),
  ('starbucks-spinach-feta-and-cage-free-egg-white-wrap-371-declared-allergen-notice-6', 'egg', 'contains'),
  ('starbucks-spinach-feta-and-cage-free-egg-white-wrap-371-declared-allergen-notice-6', 'milk', 'contains'),
  ('starbucks-spinach-feta-and-cage-free-egg-white-wrap-371-declared-allergen-notice-6', 'sesame-seeds', 'contains'),
  ('starbucks-spinach-feta-and-cage-free-egg-white-wrap-371-declared-allergen-notice-6', 'soy', 'contains'),
  ('starbucks-spinach-feta-and-cage-free-egg-white-wrap-371-declared-allergen-notice-6', 'sulphites', 'contains'),
  ('starbucks-spinach-feta-and-cage-free-egg-white-wrap-371-declared-allergen-notice-6', 'wheat', 'contains'),
  ('starbucks-lemon-cake-pop-2123000-declared-allergen-notice-4', 'barley', 'contains'),
  ('starbucks-lemon-cake-pop-2123000-declared-allergen-notice-4', 'egg', 'contains'),
  ('starbucks-lemon-cake-pop-2123000-declared-allergen-notice-4', 'milk', 'contains'),
  ('starbucks-lemon-cake-pop-2123000-declared-allergen-notice-4', 'soy', 'contains'),
  ('starbucks-lemon-cake-pop-2123000-declared-allergen-notice-4', 'wheat', 'contains'),
  ('starbucks-valentine-cake-pop-2122932-declared-allergen-notice-4', 'barley', 'contains'),
  ('starbucks-valentine-cake-pop-2122932-declared-allergen-notice-4', 'egg', 'contains'),
  ('starbucks-valentine-cake-pop-2122932-declared-allergen-notice-4', 'milk', 'contains'),
  ('starbucks-valentine-cake-pop-2122932-declared-allergen-notice-4', 'soy', 'contains'),
  ('starbucks-valentine-cake-pop-2122932-declared-allergen-notice-4', 'wheat', 'contains'),
  ('starbucks-birthday-cake-pop-784-declared-allergen-notice-4', 'barley', 'contains'),
  ('starbucks-birthday-cake-pop-784-declared-allergen-notice-4', 'egg', 'contains'),
  ('starbucks-birthday-cake-pop-784-declared-allergen-notice-4', 'milk', 'contains'),
  ('starbucks-birthday-cake-pop-784-declared-allergen-notice-4', 'soy', 'contains'),
  ('starbucks-birthday-cake-pop-784-declared-allergen-notice-4', 'wheat', 'contains'),
  ('starbucks-chocolate-cake-pop-1015-declared-allergen-notice-4', 'barley', 'contains'),
  ('starbucks-chocolate-cake-pop-1015-declared-allergen-notice-4', 'egg', 'contains'),
  ('starbucks-chocolate-cake-pop-1015-declared-allergen-notice-4', 'milk', 'contains'),
  ('starbucks-chocolate-cake-pop-1015-declared-allergen-notice-4', 'soy', 'contains'),
  ('starbucks-chocolate-cake-pop-1015-declared-allergen-notice-4', 'wheat', 'contains'),
  ('starbucks-heart-cookie-2122140-declared-allergen-notice-4', 'egg', 'contains'),
  ('starbucks-heart-cookie-2122140-declared-allergen-notice-4', 'milk', 'contains'),
  ('starbucks-heart-cookie-2122140-declared-allergen-notice-4', 'soy', 'contains'),
  ('starbucks-heart-cookie-2122140-declared-allergen-notice-4', 'wheat', 'contains'),
  ('starbucks-ham-and-swiss-on-baguette-574-declared-allergen-notice-5', 'barley', 'contains'),
  ('starbucks-ham-and-swiss-on-baguette-574-declared-allergen-notice-5', 'gluten', 'contains'),
  ('starbucks-ham-and-swiss-on-baguette-574-declared-allergen-notice-5', 'milk', 'contains'),
  ('starbucks-ham-and-swiss-on-baguette-574-declared-allergen-notice-5', 'mustard', 'contains'),
  ('starbucks-ham-and-swiss-on-baguette-574-declared-allergen-notice-5', 'wheat', 'contains'),
  ('starbucks-chicken-and-bacon-on-brioche-2121995-declared-allergen-notice-6', 'barley', 'contains'),
  ('starbucks-chicken-and-bacon-on-brioche-2121995-declared-allergen-notice-6', 'egg', 'contains'),
  ('starbucks-chicken-and-bacon-on-brioche-2121995-declared-allergen-notice-6', 'gluten', 'contains'),
  ('starbucks-chicken-and-bacon-on-brioche-2121995-declared-allergen-notice-6', 'milk', 'contains'),
  ('starbucks-chicken-and-bacon-on-brioche-2121995-declared-allergen-notice-6', 'mustard', 'contains'),
  ('starbucks-chicken-and-bacon-on-brioche-2121995-declared-allergen-notice-6', 'wheat', 'contains'),
  ('starbucks-crispy-grilled-cheese-on-sourdough-2122717-declared-allergen-notice-5', 'barley', 'contains'),
  ('starbucks-crispy-grilled-cheese-on-sourdough-2122717-declared-allergen-notice-5', 'milk', 'contains'),
  ('starbucks-crispy-grilled-cheese-on-sourdough-2122717-declared-allergen-notice-5', 'wheat', 'contains'),
  ('starbucks-tomato-and-mozzarella-on-focaccia-573-declared-allergen-notice-7', 'gluten', 'contains'),
  ('starbucks-tomato-and-mozzarella-on-focaccia-573-declared-allergen-notice-7', 'milk', 'contains'),
  ('starbucks-tomato-and-mozzarella-on-focaccia-573-declared-allergen-notice-7', 'wheat', 'contains'),
  ('starbucks-turkey-provolone-and-pesto-on-ciabatta-2121962-declared-allergen-notice-6', 'barley', 'contains'),
  ('starbucks-turkey-provolone-and-pesto-on-ciabatta-2121962-declared-allergen-notice-6', 'gluten', 'contains'),
  ('starbucks-turkey-provolone-and-pesto-on-ciabatta-2121962-declared-allergen-notice-6', 'milk', 'contains'),
  ('starbucks-turkey-provolone-and-pesto-on-ciabatta-2121962-declared-allergen-notice-6', 'wheat', 'contains'),
  ('starbucks-spicy-falafel-pocket-2124655-declared-allergen-notice-4', 'barley', 'contains'),
  ('starbucks-spicy-falafel-pocket-2124655-declared-allergen-notice-4', 'gluten', 'contains'),
  ('starbucks-spicy-falafel-pocket-2124655-declared-allergen-notice-4', 'sesame-seeds', 'contains'),
  ('starbucks-spicy-falafel-pocket-2124655-declared-allergen-notice-4', 'wheat', 'contains'),
  ('starbucks-jalapeno-chicken-pocket-2124812-declared-allergen-notice-6', 'barley', 'contains'),
  ('starbucks-jalapeno-chicken-pocket-2124812-declared-allergen-notice-6', 'gluten', 'contains'),
  ('starbucks-jalapeno-chicken-pocket-2124812-declared-allergen-notice-6', 'milk', 'contains'),
  ('starbucks-jalapeno-chicken-pocket-2124812-declared-allergen-notice-6', 'wheat', 'contains'),
  ('starbucks-original-hummus-and-crackers-snack-box-2123772-declared-allergen-notice-3', 'barley', 'contains'),
  ('starbucks-original-hummus-and-crackers-snack-box-2123772-declared-allergen-notice-3', 'sesame-seeds', 'contains'),
  ('starbucks-original-hummus-and-crackers-snack-box-2123772-declared-allergen-notice-3', 'wheat', 'contains'),
  ('starbucks-artisan-charcuterie-snack-box-2123423-declared-allergen-notice-4', 'milk', 'contains'),
  ('starbucks-artisan-charcuterie-snack-box-2123423-declared-allergen-notice-4', 'sulphites', 'contains'),
  ('starbucks-artisan-charcuterie-snack-box-2123423-declared-allergen-notice-4', 'wheat', 'contains'),
  ('starbucks-apples-pb-and-trail-mix-snack-box-2123507-declared-allergen-notice-4', 'peanuts', 'contains'),
  ('starbucks-apples-pb-and-trail-mix-snack-box-2123507-declared-allergen-notice-4', 'soy', 'contains'),
  ('starbucks-apples-pb-and-trail-mix-snack-box-2123507-declared-allergen-notice-4', 'tree-nuts', 'contains'),
  ('starbucks-butter-gourmet-popcorn-2121689-declared-allergen-notice-4', 'milk', 'contains'),
  ('starbucks-gluten-free-marshmallow-dream-bar-309-declared-allergen-notice-8', 'milk', 'contains')
;
